# Blender 5.0.0 Release Candidate
# www.blender.org
mtllib cabbage_sprout.mtl
o _3D_Tile_Farm_Field_01
v -0.900000 0.000000 0.900000
v -0.970711 0.029289 0.900000
v -0.957735 0.042265 0.957735
v -0.900000 0.029289 0.970711
v -0.900000 0.100000 1.000000
v -0.970711 0.100000 0.970711
v -0.433333 0.029289 0.970711
v -0.433333 0.100000 1.000000
v -0.433333 0.000000 0.900000
v -0.900000 -0.000000 -0.900000
v -0.333333 0.029289 0.970711
v -0.333333 0.000000 0.900000
v -0.433333 1.874608 1.000000
v -0.333333 0.100000 1.000000
v -0.233333 0.029289 0.970711
v -0.333333 1.874608 1.000000
v -0.233333 0.100000 1.000000
v -0.433333 1.900000 1.000000
v -0.333333 1.900000 1.000000
v -0.900000 1.874608 1.000000
v -0.233333 0.000000 0.900000
v -0.970711 1.874608 0.970711
v -0.900000 1.900000 1.000000
v -0.433333 1.970711 0.970711
v -0.970711 1.900000 0.970711
v -1.000000 1.874608 0.900000
v -1.000000 1.900000 0.900000
v -0.957735 1.957735 0.957735
v -0.970711 1.970711 0.900000
v -1.000000 1.900000 -0.900000
v -0.970711 1.970710 -0.900000
v -0.900000 1.970711 0.970711
v -1.000000 0.100000 0.900000
v -0.433333 2.000000 0.900000
v -0.375598 1.957735 0.957735
v -0.362622 1.970711 0.900000
v -0.900000 2.000000 0.900000
v -0.970711 0.029289 -0.900000
v -1.000000 0.100000 -0.900000
v -1.000000 1.874608 -0.900000
v -0.970711 1.899999 -0.970710
v -0.957735 1.957735 -0.957735
v -0.900000 2.000000 -0.900000
v -0.900000 1.970710 -0.970710
v -0.970711 1.874608 -0.970710
v -0.433333 2.000000 -0.900000
v -0.900000 1.900000 -1.000000
v -0.433333 1.970710 -0.970710
v -0.362622 1.970710 -0.900000
v -0.375598 1.957735 -0.957735
v -0.433333 1.900000 -1.000000
v -0.362622 1.899999 -0.970710
v -0.333333 1.900000 -0.900000
v -0.333333 1.900000 -1.000000
v -0.304044 1.899999 -0.970710
v -0.233333 1.900000 -1.000000
v -0.333333 1.900000 0.900000
v -0.304044 1.970711 0.900000
v -0.291068 1.957735 -0.957735
v -0.304044 1.970710 -0.900000
v -0.233333 2.000000 0.900000
v -0.233333 1.999999 -0.900000
v -0.233333 1.970710 -0.970710
v 0.233334 1.970710 -0.970710
v 0.233334 2.000000 -0.900000
v 0.233334 1.900000 -1.000000
v -0.233333 1.874608 -1.000000
v 0.233334 1.874608 -1.000000
v 0.333333 1.900000 -1.000000
v -0.333333 1.874608 -1.000000
v 0.333333 1.874608 -1.000000
v 0.433334 1.900000 -1.000000
v -0.433333 1.874608 -1.000000
v -0.333333 0.100000 -1.000000
v -0.233333 0.100000 -1.000000
v 0.233333 0.100000 -1.000000
v -0.433333 0.100000 -1.000000
v 0.433334 1.874608 -1.000000
v 0.333333 0.100000 -1.000000
v 0.233333 0.029289 -0.970711
v 0.900000 1.900000 -1.000000
v 0.433334 1.970710 -0.970710
v 0.900000 1.970710 -0.970710
v 0.433334 2.000000 -0.900000
v -0.900000 0.100000 -1.000000
v -0.433333 0.029289 -0.970711
v -0.333333 0.029289 -0.970711
v -0.233333 0.029289 -0.970711
v -0.900000 1.874608 -1.000000
v -0.433333 -0.000000 -0.900000
v -0.333333 -0.000000 -0.900000
v -0.900000 0.029289 -0.970711
v -0.957735 0.042265 -0.957735
v -0.970711 0.100000 -0.970711
v -0.233333 -0.000000 -0.900000
v 0.233333 -0.000000 -0.900000
v 0.233333 0.000000 0.900000
v 0.333333 0.029289 -0.970711
v 0.233333 0.029289 0.970711
v 0.333333 -0.000000 -0.900000
v 0.433333 0.100000 -1.000000
v 0.233333 0.100000 1.000000
v 0.333333 0.000000 0.900000
v 0.433333 0.029289 -0.970711
v 0.900000 1.874608 -1.000000
v 0.333333 0.029289 0.970711
v 0.433333 -0.000000 -0.900000
v 0.433333 0.000000 0.900000
v 0.900000 0.029289 -0.970711
v 0.900000 -0.000000 -0.900000
v 0.900000 0.100000 -1.000000
v 0.900000 0.000000 0.900000
v 0.957735 0.042265 -0.957735
v 0.970711 0.029289 -0.900000
v 0.970711 0.100000 -0.970711
v 0.970711 1.874608 -0.970710
v 0.970711 0.029289 0.900000
v 1.000000 0.100000 -0.900000
v 0.957735 0.042265 0.957735
v 0.900000 0.029289 0.970711
v 1.000000 0.100000 0.900000
v 0.970711 0.100000 0.970711
v 1.000000 1.874608 -0.900000
v 0.970711 1.899999 -0.970710
v 1.000000 1.900000 -0.900000
v 0.957735 1.957735 -0.957735
v 0.900000 2.000000 -0.900000
v 0.970711 1.970710 -0.900000
v 1.000000 1.874608 0.900000
v 1.000000 1.900000 0.900000
v 0.970711 1.874608 0.970711
v 0.970711 1.970711 0.900000
v 0.970711 1.900000 0.970711
v 0.957735 1.957735 0.957735
v 0.900000 2.000000 0.900000
v 0.900000 1.970711 0.970711
v 0.900000 1.900000 1.000000
v 0.900000 1.874608 1.000000
v 0.433334 2.000000 0.900000
v 0.433333 1.970711 0.970711
v 0.433334 1.900000 1.000000
v 0.375599 1.957735 0.957735
v 0.362623 1.970711 0.900000
v 0.333334 1.900000 0.900000
v 0.362623 1.900000 0.970711
v 0.362623 1.970710 -0.900000
v 0.333334 1.900000 -0.900000
v 0.375599 1.957735 -0.957735
v 0.304044 1.970711 0.900000
v 0.362623 1.899999 -0.970710
v 0.304044 1.970710 -0.900000
v 0.333333 1.900000 1.000000
v 0.304044 1.900000 0.970711
v 0.233334 1.900000 1.000000
v 0.291069 1.957735 0.957735
v 0.233334 1.970711 0.970711
v 0.233334 2.000000 0.900000
v 0.291069 1.957735 -0.957735
v 0.304044 1.899999 -0.970710
v -0.233333 1.970711 0.970711
v -0.233333 1.900000 1.000000
v -0.291068 1.957735 0.957735
v -0.304044 1.900000 0.970711
v -0.362622 1.900000 0.970711
v 0.433333 0.029289 0.970711
v 0.900000 0.100000 1.000000
v 0.333333 0.100000 1.000000
v 0.433333 0.100000 1.000000
v 0.233334 1.874608 1.000000
v 0.433334 1.874608 1.000000
v 0.333333 1.874608 1.000000
v -0.233333 1.874608 1.000000
vn -0.1794 -0.9673 0.1794
vn -0.5774 -0.5774 0.5774
vn -0.6965 -0.6965 0.1726
vn -0.1725 -0.6965 0.6965
vn -0.1794 -0.1794 0.9673
vn -0.6965 -0.1726 0.6965
vn -0.0000 -0.7071 0.7071
vn -0.0000 -0.1951 0.9808
vn -0.0000 -0.9808 0.1951
vn -0.1794 -0.9673 -0.1794
vn -0.0000 -0.0000 1.0000
vn 0.0765 0.2406 0.9676
vn -0.1951 -0.0000 0.9808
vn -0.7071 -0.0000 0.7071
vn -0.1794 0.1794 0.9673
vn 0.1725 0.6965 0.6965
vn -0.6965 0.1725 0.6965
vn -0.9808 -0.0000 0.1951
vn -0.9673 0.1794 0.1794
vn -0.5774 0.5773 0.5774
vn -0.6965 0.6965 0.1726
vn -0.9673 0.1794 -0.1794
vn -0.6965 0.6965 -0.1726
vn -0.1725 0.6965 0.6965
vn -0.9673 -0.1794 0.1794
vn 0.1794 0.9673 0.1794
vn 0.5774 0.5773 0.5774
vn 0.6965 0.6965 0.1726
vn -0.1794 0.9673 0.1794
vn -0.6965 -0.6965 -0.1726
vn -0.9673 -0.1794 -0.1794
vn -0.9808 -0.0000 -0.1951
vn -0.6965 0.1725 -0.6965
vn -0.5773 0.5774 -0.5774
vn -0.1794 0.9673 -0.1794
vn -0.1725 0.6965 -0.6965
vn -0.7071 -0.0000 -0.7071
vn 0.1794 0.9673 -0.1794
vn -0.1794 0.1794 -0.9673
vn 0.1725 0.6965 -0.6965
vn 0.6965 0.6965 -0.1726
vn 0.5773 0.5773 -0.5774
vn 0.0765 0.2406 -0.9676
vn 0.3223 0.8900 -0.3224
vn -0.0000 0.9530 -0.3029
vn -0.0000 1.0000 -0.0000
vn -0.3223 0.8901 -0.3223
vn -0.0765 0.2406 -0.9676
vn -0.0000 0.9530 0.3029
vn -0.0000 -0.0000 -1.0000
vn -0.0000 -0.1951 -0.9808
vn -0.0000 -0.7071 -0.7071
vn 0.1794 0.1794 -0.9673
vn -0.1794 -0.1794 -0.9673
vn -0.1951 -0.0000 -0.9808
vn -0.0000 -0.9808 -0.1951
vn -0.1725 -0.6965 -0.6965
vn -0.5774 -0.5774 -0.5774
vn -0.6965 -0.1726 -0.6965
vn 0.1951 -0.0000 -0.9808
vn 0.1725 -0.6965 -0.6965
vn 0.1794 -0.9673 -0.1794
vn 0.1794 -0.1794 -0.9673
vn 0.1794 -0.9673 0.1794
vn 0.5774 -0.5774 -0.5774
vn 0.6965 -0.6965 -0.1726
vn 0.6965 -0.1726 -0.6965
vn 0.7071 -0.0000 -0.7071
vn 0.6965 -0.6965 0.1726
vn 0.9673 -0.1794 -0.1794
vn 0.5774 -0.5774 0.5774
vn 0.1725 -0.6965 0.6965
vn 0.9673 -0.1794 0.1794
vn 0.6965 -0.1726 0.6965
vn 0.9808 -0.0000 -0.1951
vn 0.6965 0.1725 -0.6965
vn 0.9673 0.1794 -0.1794
vn 0.5773 0.5774 -0.5774
vn 0.9808 -0.0000 0.1951
vn 0.9673 0.1794 0.1794
vn 0.7071 -0.0000 0.7071
vn 0.6965 0.1726 0.6965
vn 0.1794 0.1794 0.9673
vn 0.1951 -0.0000 0.9808
vn -0.0765 0.2406 0.9676
vn -0.5774 0.5773 0.5773
vn -0.3223 0.8901 0.3223
vn -0.5773 0.5773 -0.5774
vn -0.3224 0.8900 -0.3224
vn 0.3223 0.8901 0.3223
vn 0.5774 0.5773 0.5773
vn 0.5774 0.5773 -0.5774
vn 0.3224 0.8900 -0.3224
vn -0.5774 0.5774 0.5774
vn -0.3224 0.8900 0.3223
vn 0.3223 0.8900 0.3224
vn 0.1794 -0.1794 0.9673
vt 0.083029 0.053703
vt 0.083038 0.053793
vt 0.083035 0.053766
vt 0.083050 0.053918
vt 0.083435 0.057764
vt 0.083439 0.057808
vt 0.083451 0.057931
vt 0.083449 0.057909
vt 0.083456 0.057982
s 1
usemtl Color_Palette_01.007
f 1/1/1 3/2/2 2/3/3
f 1/1/1 4/3/4 3/2/2
f 5/4/5 3/2/2 4/3/4
f 5/4/5 6/4/6 3/2/2
f 1/1/1 7/3/7 4/3/4
f 4/3/4 8/4/8 5/4/5
f 4/3/4 7/3/7 8/4/8
f 1/1/1 9/1/9 7/3/7
f 10/1/10 9/1/9 1/1/1
f 11/3/7 8/4/8 7/3/7
f 12/1/9 7/3/7 9/1/9
f 12/1/9 11/3/7 7/3/7
f 13/5/11 5/4/5 8/4/8
f 11/3/7 14/4/8 8/4/8
f 13/5/11 8/4/8 14/4/8
f 15/3/7 14/4/8 11/3/7
f 13/5/11 14/4/8 16/5/11
f 15/3/7 17/4/8 14/4/8
f 18/6/12 13/5/11 16/5/11
f 18/6/12 16/5/11 19/6/11
f 13/5/11 20/5/13 5/4/5
f 18/6/12 20/5/13 13/5/11
f 21/1/9 11/3/7 12/1/9
f 21/1/9 15/3/7 11/3/7
f 5/4/5 20/5/13 22/5/14
f 5/4/5 22/5/14 6/4/6
f 18/6/12 23/6/15 20/5/13
f 24/7/16 23/6/15 18/6/12
f 20/5/13 25/6/17 22/5/14
f 20/5/13 23/6/15 25/6/17
f 6/4/6 22/5/14 26/5/18
f 22/5/14 25/6/17 27/6/19
f 22/5/14 27/6/19 26/5/18
f 27/6/19 25/6/17 28/8/20
f 23/6/15 28/8/20 25/6/17
f 27/6/19 28/8/20 29/7/21
f 29/7/21 30/6/22 27/6/19
f 29/7/21 31/7/23 30/6/22
f 26/5/18 27/6/19 30/6/22
f 24/7/16 32/7/24 23/6/15
f 23/6/15 32/7/24 28/8/20
f 6/4/6 26/5/18 33/4/25
f 33/4/25 3/2/2 6/4/6
f 33/4/25 2/3/3 3/2/2
f 34/9/26 32/7/24 24/7/16
f 34/9/26 24/7/16 35/8/27
f 34/9/26 35/8/27 36/7/28
f 37/9/29 28/8/20 32/7/24
f 34/9/26 37/9/29 32/7/24
f 37/9/29 29/7/21 28/8/20
f 38/3/30 2/3/3 33/4/25
f 38/3/30 33/4/25 39/4/31
f 33/4/25 40/5/32 39/4/31
f 33/4/25 26/5/18 40/5/32
f 26/5/18 30/6/22 40/5/32
f 41/6/33 40/5/32 30/6/22
f 30/6/22 42/8/34 41/6/33
f 30/6/22 31/7/23 42/8/34
f 37/9/29 31/7/23 29/7/21
f 43/9/35 42/8/34 31/7/23
f 37/9/29 43/9/35 31/7/23
f 43/9/35 44/7/36 42/8/34
f 41/6/33 45/5/37 40/5/32
f 45/5/37 39/4/31 40/5/32
f 46/9/38 43/9/35 37/9/29
f 46/9/38 37/9/29 34/9/26
f 47/6/39 45/5/37 41/6/33
f 47/6/39 41/6/33 42/8/34
f 47/6/39 42/8/34 44/7/36
f 43/9/35 48/7/40 44/7/36
f 43/9/35 46/9/38 48/7/40
f 34/9/26 49/7/41 46/9/38
f 34/9/26 36/7/28 49/7/41
f 46/9/38 50/8/42 48/7/40
f 46/9/38 49/7/41 50/8/42
f 51/6/43 48/7/40 50/8/42
f 51/6/43 50/8/42 52/6/44
f 36/7/28 53/6/45 49/7/41
f 54/6/46 51/6/43 52/6/44
f 53/6/45 54/6/46 52/6/44
f 53/6/45 55/6/47 54/6/46
f 55/6/47 56/6/48 54/6/46
f 36/7/28 57/6/49 53/6/45
f 58/7/21 53/6/45 57/6/49
f 53/6/45 59/8/34 55/6/47
f 53/6/45 60/7/23 59/8/34
f 58/7/21 60/7/23 53/6/45
f 61/9/29 60/7/23 58/7/21
f 56/6/48 55/6/47 59/8/34
f 61/9/29 62/9/35 60/7/23
f 62/9/35 59/8/34 60/7/23
f 56/6/48 59/8/34 63/7/36
f 62/9/35 63/7/36 59/8/34
f 62/9/35 64/7/40 63/7/36
f 62/9/35 65/9/38 64/7/40
f 65/9/38 62/9/35 61/9/29
f 63/7/36 64/7/40 66/6/43
f 63/7/36 66/6/43 56/6/48
f 67/5/50 56/6/48 66/6/43
f 67/5/50 66/6/43 68/5/50
f 69/6/50 68/5/50 66/6/43
f 56/6/48 67/5/50 70/5/50
f 56/6/48 70/5/50 54/6/50
f 69/6/50 71/5/50 68/5/50
f 72/6/48 71/5/50 69/6/50
f 54/6/50 70/5/50 73/5/50
f 54/6/50 73/5/50 51/6/43
f 67/5/50 74/4/51 70/5/50
f 75/4/51 67/5/50 68/5/50
f 67/5/50 75/4/51 74/4/51
f 71/5/50 76/4/51 68/5/50
f 75/4/51 68/5/50 76/4/51
f 70/5/50 77/4/51 73/5/50
f 70/5/50 74/4/51 77/4/51
f 72/6/48 78/5/50 71/5/50
f 71/5/50 79/4/51 76/4/51
f 78/5/50 79/4/51 71/5/50
f 80/3/52 75/4/51 76/4/51
f 80/3/52 76/4/51 79/4/51
f 78/5/50 72/6/48 81/6/53
f 82/7/36 81/6/53 72/6/48
f 82/7/36 83/7/40 81/6/53
f 84/9/35 83/7/40 82/7/36
f 85/4/54 73/5/50 77/4/51
f 86/3/52 77/4/51 74/4/51
f 86/3/52 85/4/54 77/4/51
f 87/3/52 74/4/51 75/4/51
f 86/3/52 74/4/51 87/3/52
f 80/3/52 88/3/52 75/4/51
f 87/3/52 75/4/51 88/3/52
f 85/4/54 89/5/55 73/5/50
f 89/5/55 51/6/43 73/5/50
f 90/1/56 86/3/52 87/3/52
f 91/1/56 87/3/52 88/3/52
f 90/1/56 87/3/52 91/1/56
f 86/3/52 92/3/57 85/4/54
f 90/1/56 92/3/57 86/3/52
f 85/4/54 92/3/57 93/2/58
f 85/4/54 93/2/58 94/4/59
f 89/5/55 85/4/54 94/4/59
f 90/1/56 10/1/10 92/3/57
f 91/1/56 9/1/9 90/1/56
f 10/1/10 90/1/56 9/1/9
f 91/1/56 12/1/9 9/1/9
f 95/1/56 12/1/9 91/1/56
f 91/1/56 88/3/52 95/1/56
f 95/1/56 21/1/9 12/1/9
f 96/1/56 95/1/56 88/3/52
f 96/1/56 88/3/52 80/3/52
f 95/1/56 97/1/9 21/1/9
f 95/1/56 96/1/56 97/1/9
f 96/1/56 80/3/52 98/3/52
f 80/3/52 79/4/51 98/3/52
f 21/1/9 97/1/9 99/3/7
f 21/1/9 99/3/7 15/3/7
f 100/1/56 97/1/9 96/1/56
f 96/1/56 98/3/52 100/1/56
f 98/3/52 79/4/51 101/4/51
f 78/5/50 101/4/51 79/4/51
f 15/3/7 99/3/7 102/4/8
f 15/3/7 102/4/8 17/4/8
f 103/1/9 99/3/7 97/1/9
f 100/1/56 103/1/9 97/1/9
f 100/1/56 98/3/52 104/3/52
f 98/3/52 101/4/51 104/3/52
f 101/4/51 78/5/50 105/5/60
f 78/5/50 81/6/53 105/5/60
f 106/3/7 102/4/8 99/3/7
f 103/1/9 106/3/7 99/3/7
f 107/1/56 103/1/9 100/1/56
f 100/1/56 104/3/52 107/1/56
f 108/1/9 106/3/7 103/1/9
f 107/1/56 108/1/9 103/1/9
f 109/3/61 104/3/52 101/4/51
f 110/1/62 107/1/56 104/3/52
f 110/1/62 104/3/52 109/3/61
f 109/3/61 101/4/51 111/4/63
f 101/4/51 105/5/60 111/4/63
f 107/1/56 112/1/64 108/1/9
f 107/1/56 110/1/62 112/1/64
f 110/1/62 109/3/61 113/2/65
f 111/4/63 113/2/65 109/3/61
f 110/1/62 113/2/65 114/3/66
f 112/1/64 110/1/62 114/3/66
f 111/4/63 115/4/67 113/2/65
f 116/5/68 111/4/63 105/5/60
f 116/5/68 115/4/67 111/4/63
f 112/1/64 114/3/66 117/3/69
f 117/3/69 114/3/66 118/4/70
f 112/1/64 117/3/69 119/2/71
f 112/1/64 119/2/71 120/3/72
f 121/4/73 119/2/71 117/3/69
f 117/3/69 118/4/70 121/4/73
f 121/4/73 122/4/74 119/2/71
f 123/5/75 118/4/70 115/4/67
f 123/5/75 121/4/73 118/4/70
f 123/5/75 115/4/67 116/5/68
f 124/6/76 116/5/68 105/5/60
f 124/6/76 105/5/60 81/6/53
f 125/6/77 123/5/75 116/5/68
f 125/6/77 116/5/68 124/6/76
f 81/6/53 126/8/78 124/6/76
f 81/6/53 83/7/40 126/8/78
f 127/9/38 126/8/78 83/7/40
f 127/9/38 128/7/41 126/8/78
f 84/9/35 127/9/38 83/7/40
f 123/5/75 129/5/79 121/4/73
f 125/6/77 129/5/79 123/5/75
f 128/7/41 130/6/80 125/6/77
f 125/6/77 130/6/80 129/5/79
f 131/5/81 121/4/73 129/5/79
f 131/5/81 122/4/74 121/4/73
f 127/9/38 132/7/28 128/7/41
f 128/7/41 132/7/28 130/6/80
f 133/6/82 129/5/79 130/6/80
f 133/6/82 131/5/81 129/5/79
f 130/6/80 132/7/28 134/8/27
f 130/6/80 134/8/27 133/6/82
f 135/9/26 134/8/27 132/7/28
f 127/9/38 135/9/26 132/7/28
f 135/9/26 136/7/16 134/8/27
f 137/6/83 131/5/81 133/6/82
f 137/6/83 133/6/82 134/8/27
f 137/6/83 134/8/27 136/7/16
f 138/5/84 122/4/74 131/5/81
f 137/6/83 138/5/84 131/5/81
f 127/9/38 139/9/29 135/9/26
f 127/9/38 84/9/35 139/9/29
f 135/9/26 140/7/24 136/7/16
f 135/9/26 139/9/29 140/7/24
f 136/7/16 140/7/24 141/6/85
f 136/7/16 141/6/85 137/6/83
f 139/9/29 142/8/86 140/7/24
f 139/9/29 143/7/21 142/8/86
f 144/6/49 142/8/86 143/7/21
f 144/6/49 145/6/87 142/8/86
f 139/9/29 84/9/35 146/7/23
f 139/9/29 146/7/23 143/7/21
f 143/7/21 146/7/23 147/6/45
f 143/7/21 147/6/45 144/6/49
f 147/6/45 146/7/23 148/8/88
f 149/7/28 144/6/49 147/6/45
f 147/6/45 148/8/88 150/6/89
f 149/7/28 147/6/45 151/7/41
f 145/6/87 144/6/49 152/6/46
f 144/6/49 153/6/90 152/6/46
f 141/6/85 145/6/87 152/6/46
f 153/6/90 154/6/12 152/6/46
f 154/6/12 153/6/90 155/8/91
f 154/6/12 155/8/91 156/7/16
f 157/9/26 149/7/28 151/7/41
f 157/9/26 155/8/91 149/7/28
f 157/9/26 156/7/16 155/8/91
f 157/9/26 151/7/41 65/9/38
f 65/9/38 151/7/41 158/8/92
f 65/9/38 158/8/92 64/7/40
f 66/6/43 64/7/40 158/8/92
f 66/6/43 158/8/92 159/6/93
f 65/9/38 61/9/29 157/9/26
f 66/6/43 159/6/93 69/6/46
f 159/6/93 147/6/45 69/6/46
f 147/6/45 150/6/89 69/6/46
f 150/6/89 72/6/48 69/6/46
f 72/6/48 150/6/89 148/8/88
f 72/6/48 148/8/88 82/7/36
f 84/9/35 82/7/36 148/8/88
f 84/9/35 148/8/88 146/7/23
f 157/9/26 61/9/29 160/7/24
f 157/9/26 160/7/24 156/7/16
f 156/7/16 160/7/24 161/6/85
f 161/6/85 160/7/24 162/8/94
f 156/7/16 161/6/85 154/6/12
f 161/6/85 162/8/94 163/6/95
f 61/9/29 162/8/94 160/7/24
f 61/9/29 58/7/21 162/8/94
f 57/6/49 162/8/94 58/7/21
f 57/6/49 163/6/95 162/8/94
f 163/6/95 57/6/49 19/6/46
f 161/6/85 163/6/95 19/6/46
f 57/6/49 164/6/96 19/6/46
f 164/6/96 18/6/12 19/6/46
f 18/6/12 164/6/96 35/8/27
f 18/6/12 35/8/27 24/7/16
f 57/6/49 35/8/27 164/6/96
f 57/6/49 36/7/28 35/8/27
f 10/1/10 93/2/58 92/3/57
f 10/1/10 38/3/30 93/2/58
f 39/4/31 93/2/58 38/3/30
f 39/4/31 94/4/59 93/2/58
f 45/5/37 94/4/59 39/4/31
f 89/5/55 94/4/59 45/5/37
f 47/6/39 89/5/55 45/5/37
f 89/5/55 47/6/39 51/6/43
f 44/7/36 51/6/43 47/6/39
f 44/7/36 48/7/40 51/6/43
f 10/1/10 2/3/3 38/3/30
f 10/1/10 1/1/1 2/3/3
f 118/4/70 114/3/66 113/2/65
f 118/4/70 113/2/65 115/4/67
f 125/6/77 126/8/78 128/7/41
f 125/6/77 124/6/76 126/8/78
f 108/1/9 112/1/64 120/3/72
f 108/1/9 120/3/72 165/3/7
f 108/1/9 165/3/7 106/3/7
f 165/3/7 120/3/72 166/4/97
f 166/4/97 120/3/72 119/2/71
f 166/4/97 119/2/71 122/4/74
f 138/5/84 166/4/97 122/4/74
f 165/3/7 167/4/8 106/3/7
f 106/3/7 167/4/8 102/4/8
f 165/3/7 166/4/97 168/4/8
f 138/5/84 168/4/8 166/4/97
f 165/3/7 168/4/8 167/4/8
f 169/5/11 102/4/8 167/4/8
f 169/5/11 17/4/8 102/4/8
f 138/5/84 170/5/11 168/4/8
f 137/6/83 170/5/11 138/5/84
f 137/6/83 141/6/85 170/5/11
f 152/6/11 170/5/11 141/6/85
f 171/5/11 167/4/8 168/4/8
f 171/5/11 168/4/8 170/5/11
f 152/6/11 171/5/11 170/5/11
f 169/5/11 167/4/8 171/5/11
f 154/6/12 171/5/11 152/6/11
f 154/6/12 169/5/11 171/5/11
f 154/6/12 172/5/11 169/5/11
f 169/5/11 172/5/11 17/4/8
f 154/6/12 161/6/85 172/5/11
f 19/6/11 172/5/11 161/6/85
f 19/6/11 16/5/11 172/5/11
f 16/5/11 17/4/8 172/5/11
f 16/5/11 14/4/8 17/4/8
f 53/6/45 50/8/42 49/7/41
f 53/6/45 52/6/44 50/8/42
f 141/6/85 140/7/24 142/8/86
f 141/6/85 142/8/86 145/6/87
f 147/6/45 158/8/92 151/7/41
f 147/6/45 159/6/93 158/8/92
f 144/6/49 155/8/91 153/6/90
f 144/6/49 149/7/28 155/8/91
o Farm_Crop_Cauliflower_Step_01
v -0.545367 2.134436 0.568008
v -0.560021 2.141656 0.589747
v -0.533858 2.117005 0.550905
v -0.522044 2.091453 0.533203
v -0.512619 2.062765 0.519029
v -0.505831 2.035666 0.508794
v -0.501658 2.014026 0.502497
v -0.502357 1.977391 0.503522
v -0.515499 1.977391 0.523179
v -0.519566 2.005407 0.529279
v -0.523053 2.023424 0.534552
v -0.529069 2.047326 0.543636
v -0.537227 2.072068 0.555928
v -0.546896 2.093182 0.570447
v -0.555637 2.106552 0.583489
v -0.567263 2.118226 0.600978
v -0.531234 2.109522 0.586924
v -0.555966 2.120877 0.610004
v -0.543079 2.129634 0.631941
v -0.574638 2.136886 0.648231
v -0.589147 2.133160 0.634631
v -0.561742 2.145942 0.680366
v -0.602162 2.145642 0.693640
v -0.631338 2.145485 0.733338
v -0.616951 2.142166 0.678868
v -0.592156 2.151915 0.725805
v -0.622782 2.148529 0.754311
v -0.528851 2.118387 0.599686
v -0.521979 2.122871 0.607653
v -0.525841 2.141025 0.589239
v -0.518743 2.145058 0.599515
v -0.538523 2.161138 0.620594
v -0.558358 2.178858 0.674154
v -0.593531 2.185524 0.723991
v -0.627321 2.182022 0.754915
v -0.648091 2.178568 0.770689
v -0.653533 2.170871 0.786785
v -0.642379 2.171834 0.787111
v -0.618851 2.175565 0.780602
v -0.639829 2.148347 0.783517
v -0.616977 2.151987 0.777501
v -0.650261 2.147041 0.784540
v -0.643696 2.145058 0.768248
v -0.664869 2.142985 0.756296
v -0.659138 2.146577 0.784110
v -0.668976 2.146551 0.782604
v -0.661367 2.170376 0.785441
v -0.670634 2.170412 0.782521
v -0.666928 2.168130 0.756245
v -0.681125 2.169977 0.777228
v -0.690026 2.169089 0.770012
v -0.679897 2.146161 0.777581
v -0.688690 2.145432 0.769868
v -0.692929 2.144325 0.761880
v -0.683419 2.142476 0.742339
v -0.695402 2.143799 0.755761
v -0.695692 2.168133 0.762970
v -0.687810 2.175922 0.745388
v -0.698817 2.167668 0.757505
v -0.703880 2.167066 0.747716
v -0.708356 2.168858 0.723152
v -0.698406 2.143886 0.745331
v -0.703280 2.145593 0.721479
v -0.698734 2.147414 0.677947
v -0.680148 2.144857 0.716942
v -0.668405 2.147682 0.675696
v -0.640635 2.142974 0.627652
v -0.672778 2.144209 0.624229
v -0.604525 2.128724 0.590313
v -0.630955 2.134209 0.581524
v -0.590541 2.122712 0.561131
v -0.610294 2.128278 0.566527
v -0.580702 2.118251 0.564627
v -0.584832 2.145096 0.555310
v -0.607498 2.150596 0.559893
v -0.572556 2.141053 0.557982
v -0.596994 2.160521 0.581777
v -0.631668 2.157118 0.574246
v -0.638708 2.175996 0.621654
v -0.669550 2.181278 0.674958
v -0.677222 2.167243 0.619641
v -0.678804 2.178833 0.718672
v -0.645853 2.169255 0.723158
v -0.617724 2.168766 0.678147
v -0.586127 2.159220 0.629066
v -0.530630 2.138293 0.582141
v -0.529614 2.129497 0.570600
v -0.531627 2.115807 0.595591
v -0.522074 2.114403 0.557313
v -0.511194 2.090203 0.541102
v -0.526090 2.097828 0.575635
v -0.516693 2.076627 0.561086
v -0.507180 2.051573 0.548530
v -0.499744 2.027559 0.539621
v -0.501476 2.062388 0.527028
v -0.493966 2.036087 0.517080
v -0.488485 2.014767 0.511625
v -0.494619 2.008854 0.534648
v -0.494518 1.977391 0.530013
v -0.488613 1.977391 0.509183
v -0.564156 2.138239 0.559694
v -0.553801 2.129463 0.554417
v -0.576015 2.115658 0.565796
v -0.568163 2.109418 0.562198
v -0.579870 2.120710 0.593981
v -0.607180 2.136195 0.626616
v -0.636304 2.144229 0.671353
v -0.658521 2.143968 0.715813
v -0.643377 2.143343 0.722115
v -0.559676 2.097780 0.553194
v -0.549862 2.076639 0.538943
v -0.544309 2.114388 0.542445
v -0.533502 2.090211 0.526199
v -0.524275 2.062406 0.511798
v -0.518024 2.036106 0.501005
v -0.541969 2.051612 0.525298
v -0.536651 2.027603 0.514964
v -0.534061 2.008888 0.508285
v -0.515130 2.014781 0.493818
v -0.512842 1.977391 0.492985
v -0.529834 1.977391 0.506402
v -0.704219 2.170551 0.677072
v -0.581035 2.155121 0.754689
v -0.545044 2.150104 0.708746
v -0.579935 2.178761 0.757225
v -0.540140 2.173542 0.708996
v -0.517855 2.159206 0.649501
v -0.513687 2.151227 0.621263
v -0.524500 2.136369 0.653312
v -0.518519 2.129052 0.627512
v -0.536213 2.134436 0.426708
v -0.547713 2.141656 0.403148
v -0.527156 2.117005 0.445227
v -0.517733 2.091453 0.464309
v -0.510170 2.062765 0.479558
v -0.504701 2.035666 0.490555
v -0.501334 2.014026 0.497317
v -0.501872 1.977391 0.496199
v -0.512325 1.977391 0.474989
v -0.515574 2.005407 0.468417
v -0.518397 2.023424 0.462761
v -0.523256 2.047326 0.453009
v -0.529822 2.072068 0.439798
v -0.537561 2.093182 0.424165
v -0.544486 2.106552 0.410074
v -0.553818 2.118226 0.391261
v -0.559662 2.109522 0.429490
v -0.567284 2.120877 0.396532
v -0.592725 2.129634 0.396724
v -0.591053 2.136886 0.361248
v -0.572021 2.133160 0.355482
v -0.625331 2.145942 0.356348
v -0.616617 2.145642 0.314707
v -0.636409 2.145485 0.269591
v -0.596429 2.142166 0.309285
v -0.649475 2.151915 0.307289
v -0.658849 2.148529 0.266514
v -0.571906 2.118387 0.425173
v -0.582241 2.122871 0.427141
v -0.564363 2.141025 0.433003
v -0.576811 2.145058 0.434012
v -0.585176 2.161138 0.406343
v -0.621643 2.178858 0.362385
v -0.647217 2.185524 0.307005
v -0.657103 2.182022 0.262280
v -0.660379 2.178568 0.236407
v -0.671597 2.170871 0.223645
v -0.677457 2.171834 0.233143
v -0.683583 2.175565 0.256773
v -0.675618 2.148347 0.237147
v -0.681835 2.151987 0.259946
v -0.671289 2.147041 0.227601
v -0.660462 2.145058 0.241434
v -0.639525 2.142985 0.229072
v -0.666478 2.146577 0.220129
v -0.660255 2.146551 0.212362
v -0.666516 2.170376 0.217533
v -0.659354 2.170412 0.210967
v -0.638451 2.168130 0.227315
v -0.649524 2.169977 0.204529
v -0.638825 2.169089 0.200429
v -0.650444 2.146161 0.205416
v -0.639368 2.145432 0.201657
v -0.630331 2.144325 0.201980
v -0.618162 2.142476 0.219987
v -0.623795 2.143799 0.202898
v -0.629893 2.168133 0.199042
v -0.618608 2.175921 0.214660
v -0.623598 2.167668 0.199069
v -0.612589 2.167066 0.199578
v -0.589078 2.168858 0.207984
v -0.613260 2.143886 0.205511
v -0.590167 2.145593 0.213217
v -0.554740 2.147414 0.238919
v -0.597804 2.144857 0.235518
v -0.567955 2.147682 0.266310
v -0.540232 2.142974 0.314382
v -0.521197 2.144209 0.288257
v -0.525952 2.128724 0.364324
v -0.505125 2.134209 0.345830
v -0.507671 2.122712 0.391025
v -0.502467 2.128278 0.371221
v -0.515618 2.118251 0.397798
v -0.505485 2.145096 0.398880
v -0.498121 2.150596 0.376959
v -0.513936 2.141053 0.408175
v -0.522324 2.160521 0.375114
v -0.498465 2.157118 0.348851
v -0.536002 2.175996 0.319050
v -0.566744 2.181278 0.265688
v -0.515001 2.167243 0.286703
v -0.599974 2.178833 0.235816
v -0.620334 2.169255 0.262110
v -0.595419 2.168766 0.308976
v -0.568712 2.159220 0.360880
v -0.555822 2.138293 0.432405
v -0.546335 2.129497 0.439055
v -0.566971 2.115807 0.424816
v -0.538598 2.114403 0.452229
v -0.529999 2.090203 0.469756
v -0.552458 2.097828 0.439589
v -0.544556 2.076627 0.455002
v -0.538438 2.051573 0.469518
v -0.534441 2.027559 0.480413
v -0.522670 2.062388 0.485209
v -0.517809 2.036087 0.496687
v -0.515826 2.014767 0.504161
v -0.532697 2.008854 0.487338
v -0.528733 1.977391 0.489743
v -0.513646 1.977391 0.505272
v -0.519619 2.138239 0.414593
v -0.520227 2.129463 0.426200
v -0.518974 2.115658 0.401273
v -0.519784 2.109418 0.409872
v -0.541455 2.120710 0.383842
v -0.556063 2.136195 0.343873
v -0.580244 2.144229 0.296282
v -0.607640 2.143968 0.254812
v -0.620669 2.143343 0.264776
v -0.516230 2.097780 0.421724
v -0.508795 2.076639 0.437348
v -0.514604 2.114388 0.440406
v -0.505939 2.090211 0.457889
v -0.498080 2.062406 0.473080
v -0.491859 2.036106 0.483890
v -0.500925 2.051612 0.451006
v -0.494635 2.027603 0.460779
v -0.490145 2.008888 0.466362
v -0.487082 2.014781 0.489990
v -0.487504 1.977391 0.492387
v -0.490628 1.977391 0.470964
v -0.551240 2.170551 0.234606
v -0.680050 2.155121 0.302478
v -0.658258 2.150104 0.356619
v -0.682796 2.178761 0.302163
v -0.660926 2.173542 0.360742
v -0.620544 2.159206 0.409788
v -0.598174 2.151227 0.427517
v -0.620522 2.136369 0.402128
v -0.601170 2.129052 0.420207
v -0.418421 2.134436 0.505286
v -0.392268 2.141656 0.507107
v -0.438988 2.117005 0.503870
v -0.460225 2.091453 0.502490
v -0.477212 2.062765 0.501415
v -0.489470 2.035666 0.500653
v -0.497010 2.014026 0.500188
v -0.495773 1.977391 0.500281
v -0.472178 1.977391 0.501833
v -0.464862 2.005407 0.502305
v -0.458552 2.023424 0.502689
v -0.447677 2.047326 0.503357
v -0.432953 2.072068 0.504276
v -0.415545 2.093182 0.505390
v -0.399879 2.106552 0.506439
v -0.378921 2.118226 0.507763
v -0.409106 2.109522 0.483588
v -0.376752 2.120877 0.493466
v -0.364198 2.129634 0.471337
v -0.334311 2.136886 0.490523
v -0.338834 2.133160 0.509889
v -0.312929 2.145942 0.463288
v -0.281224 2.145642 0.491655
v -0.232256 2.145485 0.497073
v -0.286622 2.142166 0.511849
v -0.258370 2.151915 0.466908
v -0.218371 2.148529 0.479177
v -0.399245 2.118387 0.475143
v -0.395782 2.122871 0.465208
v -0.409798 2.141025 0.477760
v -0.404448 2.145058 0.466475
v -0.376303 2.161138 0.473065
v -0.320001 2.178858 0.463463
v -0.259254 2.185524 0.469005
v -0.215578 2.182022 0.482806
v -0.191533 2.178568 0.492906
v -0.174872 2.170871 0.489571
v -0.180167 2.171834 0.479748
v -0.197568 2.175565 0.462627
v -0.184554 2.148347 0.479338
v -0.201190 2.151987 0.462555
v -0.178452 2.147041 0.487860
v -0.195845 2.145058 0.490320
v -0.195608 2.142985 0.514634
v -0.174386 2.146577 0.495763
v -0.170771 2.146551 0.505036
v -0.172119 2.170376 0.497028
v -0.170014 2.170412 0.506513
v -0.194623 2.168130 0.516442
v -0.169353 2.169977 0.518246
v -0.171152 2.169089 0.529562
v -0.169661 2.146161 0.517005
v -0.171944 2.145432 0.528476
v -0.176742 2.144325 0.536141
v -0.198421 2.142476 0.537677
v -0.180805 2.143799 0.541343
v -0.174417 2.168133 0.537990
v -0.193585 2.175922 0.539954
v -0.177587 2.167668 0.543428
v -0.183533 2.167066 0.552708
v -0.202568 2.168858 0.568866
v -0.188336 2.143886 0.549160
v -0.206555 2.145593 0.565306
v -0.246528 2.147414 0.583136
v -0.222050 2.144857 0.547542
v -0.263642 2.147682 0.557996
v -0.319134 2.142974 0.557968
v -0.306027 2.144209 0.587516
v -0.369526 2.128724 0.545365
v -0.363923 2.134209 0.572649
v -0.401790 2.122712 0.547846
v -0.387241 2.128278 0.562254
v -0.403682 2.118251 0.537577
v -0.409686 2.145096 0.545811
v -0.394384 2.150596 0.563149
v -0.413510 2.141053 0.533845
v -0.380684 2.160521 0.543111
v -0.369869 2.157118 0.576905
v -0.325292 2.175996 0.559298
v -0.263709 2.181278 0.559356
v -0.307779 2.167243 0.593658
v -0.221223 2.178833 0.545513
v -0.233815 2.169255 0.514734
v -0.286860 2.168766 0.512879
v -0.345163 2.159220 0.510055
v -0.413551 2.138293 0.485456
v -0.424053 2.129497 0.490347
v -0.401404 2.115807 0.479595
v -0.439330 2.114403 0.490460
v -0.458809 2.090203 0.489143
v -0.421454 2.097828 0.484777
v -0.438753 2.076627 0.483914
v -0.454383 2.051573 0.481954
v -0.465817 2.027559 0.479968
v -0.475856 2.062388 0.487764
v -0.488227 2.036087 0.486235
v -0.495691 2.014767 0.484216
v -0.472686 2.008854 0.478016
v -0.476751 1.977391 0.480247
v -0.497743 1.977391 0.485548
v -0.416227 2.138239 0.525714
v -0.425974 2.129463 0.519385
v -0.405014 2.115658 0.532933
v -0.412055 2.109418 0.527933
v -0.378677 2.120710 0.522179
v -0.336759 2.136195 0.529513
v -0.283454 2.144229 0.532367
v -0.233841 2.143968 0.529377
v -0.235956 2.143343 0.513111
v -0.424096 2.097780 0.525084
v -0.441344 2.076639 0.523711
v -0.441089 2.114388 0.517151
v -0.460562 2.090211 0.515914
v -0.477647 2.062406 0.515124
v -0.490120 2.036106 0.515107
v -0.457108 2.051612 0.523698
v -0.468717 2.027603 0.524259
v -0.475796 2.008888 0.525356
v -0.497791 2.014781 0.516194
v -0.499656 1.977391 0.514630
v -0.479540 1.977391 0.522636
v -0.244543 2.170551 0.588323
v -0.238917 2.155121 0.442835
v -0.296700 2.150104 0.434636
v -0.237270 2.178761 0.440614
v -0.298936 2.173542 0.430265
v -0.361603 2.159206 0.440713
v -0.388141 2.151227 0.451222
v -0.354980 2.136369 0.444562
v -0.380313 2.129052 0.452282
v 0.454633 2.134436 0.568008
v 0.439979 2.141656 0.589747
v 0.466142 2.117005 0.550905
v 0.477956 2.091453 0.533203
v 0.487381 2.062765 0.519029
v 0.494169 2.035666 0.508794
v 0.498342 2.014026 0.502497
v 0.497643 1.977391 0.503522
v 0.484501 1.977391 0.523179
v 0.480434 2.005407 0.529279
v 0.476947 2.023424 0.534552
v 0.470931 2.047326 0.543636
v 0.462773 2.072068 0.555928
v 0.453104 2.093182 0.570447
v 0.444363 2.106552 0.583489
v 0.432737 2.118226 0.600978
v 0.468766 2.109522 0.586924
v 0.444034 2.120877 0.610004
v 0.456921 2.129634 0.631941
v 0.425362 2.136886 0.648231
v 0.410853 2.133160 0.634631
v 0.438258 2.145942 0.680366
v 0.397838 2.145642 0.693640
v 0.368662 2.145485 0.733338
v 0.383049 2.142166 0.678868
v 0.407844 2.151915 0.725805
v 0.377218 2.148529 0.754311
v 0.471149 2.118387 0.599686
v 0.478021 2.122871 0.607653
v 0.474159 2.141025 0.589239
v 0.481257 2.145058 0.599515
v 0.461477 2.161138 0.620594
v 0.441642 2.178858 0.674154
v 0.406469 2.185524 0.723991
v 0.372679 2.182022 0.754915
v 0.351909 2.178568 0.770689
v 0.346467 2.170871 0.786785
v 0.357621 2.171834 0.787111
v 0.381149 2.175565 0.780602
v 0.360171 2.148347 0.783517
v 0.383023 2.151987 0.777501
v 0.349739 2.147041 0.784540
v 0.356304 2.145058 0.768248
v 0.335130 2.142985 0.756296
v 0.340862 2.146577 0.784110
v 0.331024 2.146551 0.782604
v 0.338633 2.170376 0.785441
v 0.329366 2.170412 0.782521
v 0.333072 2.168130 0.756245
v 0.318875 2.169977 0.777228
v 0.309974 2.169089 0.770012
v 0.320103 2.146161 0.777581
v 0.311310 2.145432 0.769868
v 0.307071 2.144325 0.761880
v 0.316581 2.142476 0.742339
v 0.304598 2.143799 0.755761
v 0.304308 2.168133 0.762970
v 0.312190 2.175922 0.745388
v 0.301183 2.167668 0.757505
v 0.296120 2.167066 0.747716
v 0.291644 2.168858 0.723152
v 0.301594 2.143886 0.745331
v 0.296720 2.145593 0.721479
v 0.301266 2.147414 0.677947
v 0.319852 2.144857 0.716942
v 0.331595 2.147682 0.675696
v 0.359365 2.142974 0.627652
v 0.327222 2.144209 0.624229
v 0.395475 2.128724 0.590313
v 0.369045 2.134209 0.581524
v 0.409459 2.122712 0.561131
v 0.389706 2.128278 0.566527
v 0.419298 2.118251 0.564627
v 0.415168 2.145096 0.555310
v 0.392502 2.150596 0.559893
v 0.427444 2.141053 0.557982
v 0.403006 2.160521 0.581777
v 0.368332 2.157118 0.574246
v 0.361292 2.175996 0.621654
v 0.330450 2.181278 0.674958
v 0.322778 2.167243 0.619641
v 0.321196 2.178833 0.718672
v 0.354147 2.169255 0.723158
v 0.382276 2.168766 0.678147
v 0.413873 2.159220 0.629066
v 0.469370 2.138293 0.582141
v 0.470386 2.129497 0.570600
v 0.468373 2.115807 0.595591
v 0.477926 2.114403 0.557313
v 0.488806 2.090203 0.541102
v 0.473910 2.097828 0.575635
v 0.483307 2.076627 0.561086
v 0.492820 2.051573 0.548530
v 0.500256 2.027559 0.539621
v 0.498524 2.062388 0.527028
v 0.506034 2.036087 0.517080
v 0.511515 2.014767 0.511625
v 0.505381 2.008854 0.534648
v 0.505482 1.977391 0.530013
v 0.511387 1.977391 0.509183
v 0.435844 2.138239 0.559694
v 0.446199 2.129463 0.554417
v 0.423985 2.115658 0.565796
v 0.431837 2.109418 0.562198
v 0.420130 2.120710 0.593981
v 0.392820 2.136195 0.626616
v 0.363696 2.144229 0.671353
v 0.341479 2.143968 0.715813
v 0.356623 2.143343 0.722115
v 0.440324 2.097780 0.553194
v 0.450138 2.076639 0.538943
v 0.455691 2.114388 0.542445
v 0.466498 2.090211 0.526199
v 0.475725 2.062406 0.511798
v 0.481976 2.036106 0.501005
v 0.458031 2.051612 0.525298
v 0.463349 2.027603 0.514964
v 0.465939 2.008888 0.508285
v 0.484870 2.014781 0.493818
v 0.487157 1.977391 0.492985
v 0.470166 1.977391 0.506402
v 0.295781 2.170551 0.677072
v 0.418965 2.155121 0.754689
v 0.454956 2.150104 0.708746
v 0.420064 2.178761 0.757225
v 0.459860 2.173542 0.708996
v 0.482145 2.159206 0.649501
v 0.486313 2.151227 0.621263
v 0.475500 2.136369 0.653312
v 0.481481 2.129052 0.627512
v 0.463787 2.134436 0.426708
v 0.452287 2.141656 0.403148
v 0.472844 2.117005 0.445227
v 0.482267 2.091453 0.464309
v 0.489830 2.062765 0.479558
v 0.495299 2.035666 0.490555
v 0.498666 2.014026 0.497317
v 0.498128 1.977391 0.496199
v 0.487675 1.977391 0.474989
v 0.484426 2.005407 0.468417
v 0.481603 2.023424 0.462761
v 0.476744 2.047326 0.453009
v 0.470178 2.072068 0.439798
v 0.462439 2.093182 0.424165
v 0.455514 2.106552 0.410074
v 0.446182 2.118226 0.391261
v 0.440338 2.109522 0.429490
v 0.432716 2.120877 0.396532
v 0.407275 2.129634 0.396724
v 0.408947 2.136886 0.361248
v 0.427979 2.133160 0.355482
v 0.374669 2.145942 0.356348
v 0.383383 2.145642 0.314707
v 0.363591 2.145485 0.269591
v 0.403571 2.142166 0.309285
v 0.350525 2.151915 0.307289
v 0.341151 2.148529 0.266514
v 0.428094 2.118387 0.425173
v 0.417759 2.122871 0.427141
v 0.435637 2.141025 0.433003
v 0.423189 2.145058 0.434012
v 0.414824 2.161138 0.406343
v 0.378357 2.178858 0.362385
v 0.352783 2.185524 0.307005
v 0.342897 2.182022 0.262280
v 0.339621 2.178568 0.236407
v 0.328403 2.170871 0.223645
v 0.322543 2.171834 0.233143
v 0.316417 2.175565 0.256773
v 0.324382 2.148347 0.237147
v 0.318165 2.151987 0.259946
v 0.328711 2.147041 0.227601
v 0.339538 2.145058 0.241434
v 0.360475 2.142985 0.229072
v 0.333522 2.146577 0.220129
v 0.339745 2.146551 0.212362
v 0.333484 2.170376 0.217533
v 0.340646 2.170412 0.210967
v 0.361549 2.168130 0.227315
v 0.350476 2.169977 0.204529
v 0.361175 2.169089 0.200429
v 0.349556 2.146161 0.205416
v 0.360632 2.145432 0.201657
v 0.369669 2.144325 0.201980
v 0.381838 2.142476 0.219987
v 0.376205 2.143799 0.202898
v 0.370107 2.168133 0.199042
v 0.381392 2.175921 0.214660
v 0.376402 2.167668 0.199069
v 0.387411 2.167066 0.199578
v 0.410922 2.168858 0.207984
v 0.386740 2.143886 0.205511
v 0.409833 2.145593 0.213217
v 0.445260 2.147414 0.238919
v 0.402196 2.144857 0.235518
v 0.432045 2.147682 0.266310
v 0.459768 2.142974 0.314382
v 0.478803 2.144209 0.288257
v 0.474048 2.128724 0.364324
v 0.494875 2.134209 0.345830
v 0.492329 2.122712 0.391025
v 0.497533 2.128278 0.371221
v 0.484382 2.118251 0.397798
v 0.494515 2.145096 0.398880
v 0.501879 2.150596 0.376959
v 0.486064 2.141053 0.408175
v 0.477676 2.160521 0.375114
v 0.501535 2.157118 0.348851
v 0.463998 2.175996 0.319050
v 0.433256 2.181278 0.265688
v 0.484998 2.167243 0.286703
v 0.400026 2.178833 0.235816
v 0.379666 2.169255 0.262110
v 0.404581 2.168766 0.308976
v 0.431288 2.159220 0.360880
v 0.444178 2.138293 0.432405
v 0.453665 2.129497 0.439055
v 0.433029 2.115807 0.424816
v 0.461402 2.114403 0.452229
v 0.470001 2.090203 0.469756
v 0.447542 2.097828 0.439589
v 0.455444 2.076627 0.455002
v 0.461562 2.051573 0.469518
v 0.465559 2.027559 0.480413
v 0.477330 2.062388 0.485209
v 0.482191 2.036087 0.496687
v 0.484174 2.014767 0.504161
v 0.467303 2.008854 0.487338
v 0.471267 1.977391 0.489743
v 0.486354 1.977391 0.505272
v 0.480381 2.138239 0.414593
v 0.479773 2.129463 0.426200
v 0.481026 2.115658 0.401273
v 0.480216 2.109418 0.409872
v 0.458545 2.120710 0.383842
v 0.443937 2.136195 0.343873
v 0.419756 2.144229 0.296282
v 0.392360 2.143968 0.254812
v 0.379331 2.143343 0.264776
v 0.483770 2.097780 0.421724
v 0.491205 2.076639 0.437348
v 0.485396 2.114388 0.440406
v 0.494061 2.090211 0.457889
v 0.501920 2.062406 0.473080
v 0.508141 2.036106 0.483890
v 0.499075 2.051612 0.451006
v 0.505365 2.027603 0.460779
v 0.509855 2.008888 0.466362
v 0.512918 2.014781 0.489990
v 0.512496 1.977391 0.492387
v 0.509372 1.977391 0.470964
v 0.448760 2.170551 0.234606
v 0.319950 2.155121 0.302478
v 0.341742 2.150104 0.356619
v 0.317204 2.178761 0.302163
v 0.339074 2.173542 0.360742
v 0.379456 2.159206 0.409788
v 0.401826 2.151227 0.427517
v 0.379478 2.136369 0.402128
v 0.398830 2.129052 0.420207
v 0.581579 2.134436 0.505286
v 0.607732 2.141656 0.507107
v 0.561013 2.117005 0.503870
v 0.539775 2.091453 0.502490
v 0.522788 2.062765 0.501415
v 0.510530 2.035666 0.500653
v 0.502990 2.014026 0.500188
v 0.504227 1.977391 0.500281
v 0.527822 1.977391 0.501833
v 0.535138 2.005407 0.502305
v 0.541448 2.023424 0.502689
v 0.552323 2.047326 0.503357
v 0.567047 2.072068 0.504276
v 0.584455 2.093182 0.505390
v 0.600121 2.106552 0.506439
v 0.621079 2.118226 0.507763
v 0.590894 2.109522 0.483588
v 0.623248 2.120877 0.493466
v 0.635802 2.129634 0.471337
v 0.665689 2.136886 0.490523
v 0.661166 2.133160 0.509889
v 0.687071 2.145942 0.463288
v 0.718776 2.145642 0.491655
v 0.767744 2.145485 0.497073
v 0.713378 2.142166 0.511849
v 0.741630 2.151915 0.466908
v 0.781629 2.148529 0.479177
v 0.600755 2.118387 0.475143
v 0.604218 2.122871 0.465208
v 0.590202 2.141025 0.477760
v 0.595552 2.145058 0.466475
v 0.623698 2.161138 0.473065
v 0.679999 2.178858 0.463463
v 0.740746 2.185524 0.469005
v 0.784422 2.182022 0.482806
v 0.808467 2.178568 0.492906
v 0.825128 2.170871 0.489571
v 0.819833 2.171834 0.479748
v 0.802432 2.175565 0.462627
v 0.815446 2.148347 0.479338
v 0.798810 2.151987 0.462555
v 0.821548 2.147041 0.487860
v 0.804155 2.145058 0.490320
v 0.804392 2.142985 0.514634
v 0.825614 2.146577 0.495763
v 0.829229 2.146551 0.505036
v 0.827881 2.170376 0.497028
v 0.829986 2.170412 0.506513
v 0.805377 2.168130 0.516442
v 0.830647 2.169977 0.518246
v 0.828848 2.169089 0.529562
v 0.830339 2.146161 0.517005
v 0.828056 2.145432 0.528476
v 0.823258 2.144325 0.536141
v 0.801579 2.142476 0.537677
v 0.819195 2.143799 0.541343
v 0.825583 2.168133 0.537990
v 0.806415 2.175922 0.539954
v 0.822413 2.167668 0.543428
v 0.816467 2.167066 0.552708
v 0.797432 2.168858 0.568866
v 0.811664 2.143886 0.549160
v 0.793445 2.145593 0.565306
v 0.753472 2.147414 0.583136
v 0.777950 2.144857 0.547542
v 0.736358 2.147682 0.557996
v 0.680866 2.142974 0.557968
v 0.693973 2.144209 0.587516
v 0.630474 2.128724 0.545365
v 0.636077 2.134209 0.572649
v 0.598210 2.122712 0.547846
v 0.612759 2.128278 0.562254
v 0.596318 2.118251 0.537577
v 0.590314 2.145096 0.545811
v 0.605616 2.150596 0.563149
v 0.586490 2.141053 0.533845
v 0.619316 2.160521 0.543111
v 0.630131 2.157118 0.576905
v 0.674707 2.175996 0.559298
v 0.736291 2.181278 0.559356
v 0.692221 2.167243 0.593658
v 0.778777 2.178833 0.545513
v 0.766185 2.169255 0.514734
v 0.713140 2.168766 0.512879
v 0.654837 2.159220 0.510055
v 0.586449 2.138293 0.485456
v 0.575947 2.129497 0.490347
v 0.598596 2.115807 0.479595
v 0.560670 2.114403 0.490460
v 0.541191 2.090203 0.489143
v 0.578546 2.097828 0.484777
v 0.561247 2.076627 0.483914
v 0.545617 2.051573 0.481954
v 0.534183 2.027559 0.479968
v 0.524144 2.062388 0.487764
v 0.511773 2.036087 0.486235
v 0.504309 2.014767 0.484216
v 0.527314 2.008854 0.478016
v 0.523249 1.977391 0.480247
v 0.502257 1.977391 0.485548
v 0.583773 2.138239 0.525714
v 0.574026 2.129463 0.519385
v 0.594986 2.115658 0.532933
v 0.587945 2.109418 0.527933
v 0.621323 2.120710 0.522179
v 0.663241 2.136195 0.529513
v 0.716546 2.144229 0.532367
v 0.766159 2.143968 0.529377
v 0.764044 2.143343 0.513111
v 0.575904 2.097780 0.525084
v 0.558656 2.076639 0.523711
v 0.558911 2.114388 0.517151
v 0.539438 2.090211 0.515914
v 0.522353 2.062406 0.515124
v 0.509880 2.036106 0.515107
v 0.542892 2.051612 0.523698
v 0.531283 2.027603 0.524259
v 0.524204 2.008888 0.525356
v 0.502209 2.014781 0.516194
v 0.500344 1.977391 0.514630
v 0.520460 1.977391 0.522636
v 0.755457 2.170551 0.588323
v 0.761083 2.155121 0.442835
v 0.703300 2.150104 0.434636
v 0.762729 2.178761 0.440614
v 0.701064 2.173542 0.430265
v 0.638397 2.159206 0.440713
v 0.611859 2.151227 0.451222
v 0.645020 2.136369 0.444562
v 0.619687 2.129052 0.452282
v -0.545367 2.134436 -0.431992
v -0.560021 2.141656 -0.410253
v -0.533858 2.117005 -0.449095
v -0.522044 2.091453 -0.466797
v -0.512619 2.062765 -0.480971
v -0.505831 2.035666 -0.491206
v -0.501658 2.014026 -0.497503
v -0.502357 1.977391 -0.496478
v -0.515499 1.977391 -0.476821
v -0.519566 2.005407 -0.470721
v -0.523053 2.023424 -0.465448
v -0.529069 2.047326 -0.456364
v -0.537227 2.072068 -0.444072
v -0.546896 2.093182 -0.429553
v -0.555637 2.106552 -0.416511
v -0.567263 2.118226 -0.399022
v -0.531234 2.109522 -0.413076
v -0.555966 2.120877 -0.389996
v -0.543079 2.129634 -0.368059
v -0.574638 2.136886 -0.351769
v -0.589147 2.133160 -0.365369
v -0.561742 2.145942 -0.319634
v -0.602162 2.145642 -0.306360
v -0.631338 2.145485 -0.266662
v -0.616951 2.142166 -0.321132
v -0.592156 2.151915 -0.274195
v -0.622782 2.148529 -0.245689
v -0.528851 2.118387 -0.400314
v -0.521979 2.122871 -0.392347
v -0.525841 2.141025 -0.410761
v -0.518743 2.145058 -0.400485
v -0.538523 2.161138 -0.379406
v -0.558358 2.178858 -0.325846
v -0.593531 2.185524 -0.276009
v -0.627321 2.182022 -0.245085
v -0.648091 2.178568 -0.229311
v -0.653533 2.170871 -0.213215
v -0.642379 2.171834 -0.212889
v -0.618851 2.175565 -0.219398
v -0.639829 2.148347 -0.216483
v -0.616977 2.151987 -0.222499
v -0.650261 2.147041 -0.215460
v -0.643696 2.145058 -0.231752
v -0.664869 2.142985 -0.243704
v -0.659138 2.146577 -0.215890
v -0.668976 2.146551 -0.217396
v -0.661367 2.170376 -0.214559
v -0.670634 2.170412 -0.217479
v -0.666928 2.168130 -0.243755
v -0.681125 2.169977 -0.222772
v -0.690026 2.169089 -0.229988
v -0.679897 2.146161 -0.222419
v -0.688690 2.145432 -0.230132
v -0.692929 2.144325 -0.238120
v -0.683419 2.142476 -0.257661
v -0.695402 2.143799 -0.244239
v -0.695692 2.168133 -0.237030
v -0.687810 2.175921 -0.254612
v -0.698817 2.167668 -0.242495
v -0.703880 2.167066 -0.252284
v -0.708356 2.168858 -0.276848
v -0.698406 2.143886 -0.254669
v -0.703280 2.145593 -0.278521
v -0.698734 2.147414 -0.322053
v -0.680148 2.144857 -0.283058
v -0.668405 2.147682 -0.324304
v -0.640635 2.142974 -0.372348
v -0.672778 2.144209 -0.375771
v -0.604525 2.128724 -0.409687
v -0.630955 2.134209 -0.418476
v -0.590541 2.122712 -0.438869
v -0.610294 2.128278 -0.433473
v -0.580702 2.118251 -0.435373
v -0.584832 2.145096 -0.444690
v -0.607498 2.150596 -0.440107
v -0.572556 2.141053 -0.442018
v -0.596994 2.160521 -0.418223
v -0.631668 2.157118 -0.425754
v -0.638708 2.175996 -0.378346
v -0.669550 2.181278 -0.325042
v -0.677222 2.167243 -0.380359
v -0.678804 2.178833 -0.281327
v -0.645853 2.169255 -0.276842
v -0.617724 2.168766 -0.321853
v -0.586127 2.159220 -0.370934
v -0.530630 2.138293 -0.417859
v -0.529614 2.129497 -0.429400
v -0.531627 2.115807 -0.404409
v -0.522074 2.114403 -0.442687
v -0.511194 2.090203 -0.458898
v -0.526090 2.097828 -0.424365
v -0.516693 2.076627 -0.438914
v -0.507180 2.051573 -0.451470
v -0.499744 2.027558 -0.460379
v -0.501476 2.062388 -0.472972
v -0.493966 2.036087 -0.482920
v -0.488485 2.014767 -0.488375
v -0.494619 2.008854 -0.465352
v -0.494518 1.977391 -0.469987
v -0.488613 1.977391 -0.490817
v -0.564156 2.138239 -0.440306
v -0.553801 2.129463 -0.445583
v -0.576015 2.115658 -0.434204
v -0.568163 2.109417 -0.437802
v -0.579870 2.120710 -0.406019
v -0.607180 2.136195 -0.373384
v -0.636304 2.144229 -0.328647
v -0.658521 2.143968 -0.284187
v -0.643377 2.143343 -0.277885
v -0.559676 2.097780 -0.446806
v -0.549862 2.076639 -0.461057
v -0.544309 2.114388 -0.457555
v -0.533502 2.090211 -0.473801
v -0.524275 2.062406 -0.488202
v -0.518024 2.036106 -0.498995
v -0.541969 2.051611 -0.474702
v -0.536651 2.027602 -0.485036
v -0.534061 2.008888 -0.491715
v -0.515130 2.014781 -0.506182
v -0.512842 1.977391 -0.507015
v -0.529834 1.977391 -0.493598
v -0.704219 2.170551 -0.322928
v -0.581035 2.155121 -0.245311
v -0.545044 2.150104 -0.291254
v -0.579935 2.178761 -0.242775
v -0.540140 2.173542 -0.291004
v -0.517855 2.159206 -0.350499
v -0.513687 2.151227 -0.378737
v -0.524500 2.136369 -0.346688
v -0.518519 2.129052 -0.372488
v -0.536213 2.134436 -0.573292
v -0.547713 2.141656 -0.596852
v -0.527156 2.117005 -0.554773
v -0.517733 2.091453 -0.535691
v -0.510170 2.062765 -0.520442
v -0.504701 2.035666 -0.509445
v -0.501334 2.014026 -0.502683
v -0.501872 1.977391 -0.503801
v -0.512325 1.977391 -0.525011
v -0.515574 2.005407 -0.531583
v -0.518397 2.023424 -0.537239
v -0.523256 2.047326 -0.546991
v -0.529822 2.072068 -0.560202
v -0.537561 2.093182 -0.575835
v -0.544486 2.106552 -0.589926
v -0.553818 2.118226 -0.608739
v -0.559662 2.109522 -0.570510
v -0.567284 2.120877 -0.603468
v -0.592725 2.129634 -0.603276
v -0.591053 2.136886 -0.638752
v -0.572021 2.133160 -0.644518
v -0.625331 2.145942 -0.643652
v -0.616617 2.145642 -0.685293
v -0.636409 2.145485 -0.730409
v -0.596429 2.142166 -0.690715
v -0.649475 2.151915 -0.692711
v -0.658849 2.148529 -0.733486
v -0.571906 2.118387 -0.574827
v -0.582241 2.122871 -0.572860
v -0.564363 2.141025 -0.566997
v -0.576811 2.145058 -0.565988
v -0.585176 2.161138 -0.593657
v -0.621643 2.178858 -0.637614
v -0.647217 2.185524 -0.692995
v -0.657103 2.182022 -0.737720
v -0.660379 2.178568 -0.763593
v -0.671597 2.170871 -0.776355
v -0.677457 2.171834 -0.766857
v -0.683583 2.175565 -0.743227
v -0.675618 2.148347 -0.762853
v -0.681835 2.151987 -0.740054
v -0.671289 2.147041 -0.772399
v -0.660462 2.145057 -0.758566
v -0.639525 2.142985 -0.770928
v -0.666478 2.146577 -0.779871
v -0.660255 2.146551 -0.787638
v -0.666516 2.170376 -0.782467
v -0.659354 2.170411 -0.789033
v -0.638451 2.168130 -0.772685
v -0.649524 2.169977 -0.795471
v -0.638825 2.169089 -0.799571
v -0.650444 2.146161 -0.794584
v -0.639368 2.145432 -0.798342
v -0.630331 2.144325 -0.798020
v -0.618162 2.142476 -0.780013
v -0.623795 2.143799 -0.797102
v -0.629893 2.168133 -0.800958
v -0.618608 2.175921 -0.785340
v -0.623598 2.167668 -0.800931
v -0.612589 2.167066 -0.800422
v -0.589078 2.168858 -0.792016
v -0.613260 2.143886 -0.794489
v -0.590167 2.145593 -0.786783
v -0.554740 2.147414 -0.761080
v -0.597804 2.144857 -0.764482
v -0.567955 2.147682 -0.733690
v -0.540232 2.142974 -0.685618
v -0.521197 2.144209 -0.711743
v -0.525952 2.128724 -0.635676
v -0.505125 2.134209 -0.654170
v -0.507671 2.122712 -0.608975
v -0.502467 2.128278 -0.628779
v -0.515618 2.118251 -0.602202
v -0.505485 2.145096 -0.601120
v -0.498121 2.150596 -0.623041
v -0.513936 2.141053 -0.591825
v -0.522324 2.160521 -0.624886
v -0.498465 2.157118 -0.651149
v -0.536002 2.175996 -0.680950
v -0.566744 2.181278 -0.734312
v -0.515001 2.167243 -0.713297
v -0.599974 2.178833 -0.764184
v -0.620334 2.169255 -0.737890
v -0.595419 2.168766 -0.691024
v -0.568712 2.159220 -0.639120
v -0.555822 2.138293 -0.567595
v -0.546335 2.129497 -0.560945
v -0.566971 2.115807 -0.575184
v -0.538598 2.114403 -0.547771
v -0.529999 2.090203 -0.530244
v -0.552458 2.097828 -0.560411
v -0.544556 2.076627 -0.544998
v -0.538438 2.051573 -0.530482
v -0.534441 2.027558 -0.519587
v -0.522670 2.062388 -0.514791
v -0.517809 2.036087 -0.503313
v -0.515826 2.014767 -0.495839
v -0.532697 2.008854 -0.512662
v -0.528733 1.977391 -0.510257
v -0.513646 1.977391 -0.494728
v -0.519619 2.138239 -0.585407
v -0.520227 2.129463 -0.573800
v -0.518974 2.115658 -0.598727
v -0.519784 2.109417 -0.590128
v -0.541455 2.120710 -0.616158
v -0.556063 2.136195 -0.656127
v -0.580244 2.144229 -0.703718
v -0.607640 2.143968 -0.745188
v -0.620669 2.143343 -0.735224
v -0.516230 2.097780 -0.578276
v -0.508795 2.076639 -0.562652
v -0.514604 2.114388 -0.559594
v -0.505939 2.090211 -0.542111
v -0.498080 2.062406 -0.526920
v -0.491859 2.036106 -0.516110
v -0.500925 2.051611 -0.548994
v -0.494635 2.027602 -0.539221
v -0.490145 2.008888 -0.533638
v -0.487082 2.014781 -0.510010
v -0.487504 1.977391 -0.507613
v -0.490628 1.977391 -0.529036
v -0.551240 2.170551 -0.765394
v -0.680050 2.155121 -0.697522
v -0.658258 2.150104 -0.643381
v -0.682796 2.178761 -0.697837
v -0.660926 2.173542 -0.639258
v -0.620544 2.159206 -0.590212
v -0.598174 2.151227 -0.572483
v -0.620522 2.136369 -0.597872
v -0.601170 2.129052 -0.579793
v -0.418421 2.134436 -0.494714
v -0.392268 2.141656 -0.492893
v -0.438988 2.117005 -0.496130
v -0.460225 2.091453 -0.497510
v -0.477212 2.062765 -0.498585
v -0.489470 2.035666 -0.499347
v -0.497010 2.014026 -0.499812
v -0.495773 1.977391 -0.499719
v -0.472178 1.977391 -0.498167
v -0.464862 2.005407 -0.497695
v -0.458552 2.023424 -0.497311
v -0.447677 2.047326 -0.496643
v -0.432953 2.072068 -0.495724
v -0.415545 2.093182 -0.494610
v -0.399879 2.106552 -0.493561
v -0.378921 2.118226 -0.492237
v -0.409106 2.109522 -0.516412
v -0.376752 2.120877 -0.506534
v -0.364198 2.129634 -0.528663
v -0.334311 2.136886 -0.509477
v -0.338834 2.133160 -0.490111
v -0.312929 2.145942 -0.536712
v -0.281224 2.145642 -0.508345
v -0.232256 2.145485 -0.502927
v -0.286622 2.142166 -0.488151
v -0.258370 2.151915 -0.533092
v -0.218371 2.148529 -0.520823
v -0.399245 2.118387 -0.524858
v -0.395782 2.122871 -0.534792
v -0.409798 2.141025 -0.522240
v -0.404448 2.145058 -0.533525
v -0.376303 2.161138 -0.526935
v -0.320001 2.178858 -0.536537
v -0.259254 2.185524 -0.530995
v -0.215578 2.182022 -0.517194
v -0.191533 2.178568 -0.507094
v -0.174872 2.170871 -0.510429
v -0.180167 2.171834 -0.520252
v -0.197568 2.175565 -0.537373
v -0.184554 2.148347 -0.520662
v -0.201190 2.151987 -0.537445
v -0.178452 2.147041 -0.512140
v -0.195845 2.145058 -0.509680
v -0.195608 2.142985 -0.485366
v -0.174386 2.146577 -0.504237
v -0.170771 2.146551 -0.494964
v -0.172119 2.170376 -0.502972
v -0.170014 2.170411 -0.493487
v -0.194623 2.168130 -0.483558
v -0.169353 2.169977 -0.481754
v -0.171152 2.169089 -0.470438
v -0.169661 2.146161 -0.482995
v -0.171944 2.145432 -0.471524
v -0.176742 2.144325 -0.463859
v -0.198421 2.142476 -0.462323
v -0.180805 2.143799 -0.458657
v -0.174417 2.168133 -0.462010
v -0.193585 2.175921 -0.460046
v -0.177587 2.167668 -0.456571
v -0.183533 2.167066 -0.447292
v -0.202568 2.168858 -0.431134
v -0.188336 2.143886 -0.450840
v -0.206555 2.145593 -0.434694
v -0.246528 2.147414 -0.416864
v -0.222050 2.144857 -0.452458
v -0.263642 2.147682 -0.442004
v -0.319134 2.142974 -0.442032
v -0.306027 2.144209 -0.412484
v -0.369526 2.128724 -0.454635
v -0.363923 2.134209 -0.427351
v -0.401790 2.122712 -0.452154
v -0.387241 2.128278 -0.437746
v -0.403682 2.118251 -0.462423
v -0.409686 2.145096 -0.454189
v -0.394384 2.150596 -0.436851
v -0.413510 2.141053 -0.466155
v -0.380684 2.160521 -0.456889
v -0.369869 2.157118 -0.423095
v -0.325292 2.175996 -0.440702
v -0.263709 2.181278 -0.440644
v -0.307779 2.167243 -0.406342
v -0.221223 2.178833 -0.454487
v -0.233815 2.169255 -0.485266
v -0.286860 2.168766 -0.487121
v -0.345163 2.159220 -0.489945
v -0.413551 2.138293 -0.514544
v -0.424053 2.129497 -0.509653
v -0.401404 2.115807 -0.520405
v -0.439330 2.114403 -0.509540
v -0.458809 2.090203 -0.510857
v -0.421454 2.097828 -0.515223
v -0.438753 2.076627 -0.516086
v -0.454383 2.051573 -0.518046
v -0.465817 2.027558 -0.520032
v -0.475856 2.062388 -0.512236
v -0.488227 2.036087 -0.513765
v -0.495691 2.014767 -0.515784
v -0.472686 2.008854 -0.521984
v -0.476751 1.977391 -0.519753
v -0.497743 1.977391 -0.514452
v -0.416227 2.138239 -0.474286
v -0.425974 2.129463 -0.480615
v -0.405014 2.115658 -0.467067
v -0.412055 2.109417 -0.472067
v -0.378677 2.120710 -0.477821
v -0.336759 2.136195 -0.470487
v -0.283454 2.144229 -0.467633
v -0.233841 2.143968 -0.470623
v -0.235956 2.143343 -0.486889
v -0.424096 2.097780 -0.474916
v -0.441344 2.076639 -0.476289
v -0.441089 2.114388 -0.482849
v -0.460562 2.090211 -0.484086
v -0.477647 2.062406 -0.484876
v -0.490120 2.036106 -0.484893
v -0.457108 2.051611 -0.476302
v -0.468717 2.027602 -0.475741
v -0.475796 2.008888 -0.474644
v -0.497791 2.014781 -0.483806
v -0.499656 1.977391 -0.485370
v -0.479540 1.977391 -0.477364
v -0.244543 2.170551 -0.411677
v -0.238917 2.155121 -0.557165
v -0.296700 2.150104 -0.565364
v -0.237270 2.178761 -0.559386
v -0.298936 2.173542 -0.569736
v -0.361603 2.159206 -0.559287
v -0.388141 2.151227 -0.548778
v -0.354980 2.136369 -0.555438
v -0.380313 2.129052 -0.547718
v 0.454633 2.134436 -0.431992
v 0.439979 2.141656 -0.410253
v 0.466142 2.117005 -0.449095
v 0.477956 2.091453 -0.466797
v 0.487381 2.062765 -0.480971
v 0.494169 2.035666 -0.491206
v 0.498342 2.014026 -0.497503
v 0.497643 1.977391 -0.496478
v 0.484501 1.977391 -0.476821
v 0.480434 2.005407 -0.470721
v 0.476947 2.023424 -0.465448
v 0.470931 2.047326 -0.456364
v 0.462773 2.072068 -0.444072
v 0.453104 2.093182 -0.429553
v 0.444363 2.106552 -0.416511
v 0.432737 2.118226 -0.399022
v 0.468766 2.109522 -0.413076
v 0.444034 2.120877 -0.389996
v 0.456921 2.129634 -0.368059
v 0.425362 2.136886 -0.351769
v 0.410853 2.133160 -0.365369
v 0.438258 2.145942 -0.319634
v 0.397838 2.145642 -0.306360
v 0.368662 2.145485 -0.266662
v 0.383049 2.142166 -0.321132
v 0.407844 2.151915 -0.274195
v 0.377218 2.148529 -0.245689
v 0.471149 2.118387 -0.400314
v 0.478021 2.122871 -0.392347
v 0.474159 2.141025 -0.410761
v 0.481257 2.145058 -0.400485
v 0.461477 2.161138 -0.379406
v 0.441642 2.178858 -0.325846
v 0.406469 2.185524 -0.276009
v 0.372679 2.182022 -0.245085
v 0.351909 2.178568 -0.229311
v 0.346467 2.170871 -0.213215
v 0.357621 2.171834 -0.212889
v 0.381149 2.175565 -0.219398
v 0.360171 2.148347 -0.216483
v 0.383023 2.151987 -0.222499
v 0.349739 2.147041 -0.215460
v 0.356304 2.145058 -0.231752
v 0.335130 2.142985 -0.243704
v 0.340862 2.146577 -0.215890
v 0.331024 2.146551 -0.217396
v 0.338633 2.170376 -0.214559
v 0.329366 2.170412 -0.217479
v 0.333072 2.168130 -0.243755
v 0.318875 2.169977 -0.222772
v 0.309974 2.169089 -0.229988
v 0.320103 2.146161 -0.222419
v 0.311310 2.145432 -0.230132
v 0.307071 2.144325 -0.238120
v 0.316581 2.142476 -0.257661
v 0.304598 2.143799 -0.244239
v 0.304308 2.168133 -0.237030
v 0.312190 2.175921 -0.254612
v 0.301183 2.167668 -0.242495
v 0.296120 2.167066 -0.252284
v 0.291644 2.168858 -0.276848
v 0.301594 2.143886 -0.254669
v 0.296720 2.145593 -0.278521
v 0.301266 2.147414 -0.322053
v 0.319852 2.144857 -0.283058
v 0.331595 2.147682 -0.324304
v 0.359365 2.142974 -0.372348
v 0.327222 2.144209 -0.375771
v 0.395475 2.128724 -0.409687
v 0.369045 2.134209 -0.418476
v 0.409459 2.122712 -0.438869
v 0.389706 2.128278 -0.433473
v 0.419298 2.118251 -0.435373
v 0.415168 2.145096 -0.444690
v 0.392502 2.150596 -0.440107
v 0.427444 2.141053 -0.442018
v 0.403006 2.160521 -0.418223
v 0.368332 2.157118 -0.425754
v 0.361292 2.175996 -0.378346
v 0.330450 2.181278 -0.325042
v 0.322778 2.167243 -0.380359
v 0.321196 2.178833 -0.281327
v 0.354147 2.169255 -0.276842
v 0.382276 2.168766 -0.321853
v 0.413873 2.159220 -0.370934
v 0.469370 2.138293 -0.417859
v 0.470386 2.129497 -0.429400
v 0.468373 2.115807 -0.404409
v 0.477926 2.114403 -0.442687
v 0.488806 2.090203 -0.458898
v 0.473910 2.097828 -0.424365
v 0.483307 2.076627 -0.438914
v 0.492820 2.051573 -0.451470
v 0.500256 2.027558 -0.460379
v 0.498524 2.062388 -0.472972
v 0.506034 2.036087 -0.482920
v 0.511515 2.014767 -0.488375
v 0.505381 2.008854 -0.465352
v 0.505482 1.977391 -0.469987
v 0.511387 1.977391 -0.490817
v 0.435844 2.138239 -0.440306
v 0.446199 2.129463 -0.445583
v 0.423985 2.115658 -0.434204
v 0.431837 2.109417 -0.437802
v 0.420130 2.120710 -0.406019
v 0.392820 2.136195 -0.373384
v 0.363696 2.144229 -0.328647
v 0.341479 2.143968 -0.284187
v 0.356623 2.143343 -0.277885
v 0.440324 2.097780 -0.446806
v 0.450138 2.076639 -0.461057
v 0.455691 2.114388 -0.457555
v 0.466498 2.090211 -0.473801
v 0.475725 2.062406 -0.488202
v 0.481976 2.036106 -0.498995
v 0.458031 2.051611 -0.474702
v 0.463349 2.027602 -0.485036
v 0.465939 2.008888 -0.491715
v 0.484870 2.014781 -0.506182
v 0.487157 1.977391 -0.507015
v 0.470166 1.977391 -0.493598
v 0.295781 2.170551 -0.322928
v 0.418965 2.155121 -0.245311
v 0.454956 2.150104 -0.291254
v 0.420064 2.178761 -0.242775
v 0.459860 2.173542 -0.291004
v 0.482145 2.159206 -0.350499
v 0.486313 2.151227 -0.378737
v 0.475500 2.136369 -0.346688
v 0.481481 2.129052 -0.372488
v 0.463787 2.134436 -0.573292
v 0.452287 2.141656 -0.596852
v 0.472844 2.117005 -0.554773
v 0.482267 2.091453 -0.535691
v 0.489830 2.062765 -0.520442
v 0.495299 2.035666 -0.509445
v 0.498666 2.014026 -0.502683
v 0.498128 1.977391 -0.503801
v 0.487675 1.977391 -0.525011
v 0.484426 2.005407 -0.531583
v 0.481603 2.023424 -0.537239
v 0.476744 2.047326 -0.546991
v 0.470178 2.072068 -0.560202
v 0.462439 2.093182 -0.575835
v 0.455514 2.106552 -0.589926
v 0.446182 2.118226 -0.608739
v 0.440338 2.109522 -0.570510
v 0.432716 2.120877 -0.603468
v 0.407275 2.129634 -0.603276
v 0.408947 2.136886 -0.638752
v 0.427979 2.133160 -0.644518
v 0.374669 2.145942 -0.643652
v 0.383383 2.145642 -0.685293
v 0.363591 2.145485 -0.730409
v 0.403571 2.142166 -0.690715
v 0.350525 2.151915 -0.692711
v 0.341151 2.148529 -0.733486
v 0.428094 2.118387 -0.574827
v 0.417759 2.122871 -0.572860
v 0.435637 2.141025 -0.566997
v 0.423189 2.145058 -0.565988
v 0.414824 2.161138 -0.593657
v 0.378357 2.178858 -0.637614
v 0.352783 2.185524 -0.692995
v 0.342897 2.182022 -0.737720
v 0.339621 2.178568 -0.763593
v 0.328403 2.170871 -0.776355
v 0.322543 2.171834 -0.766857
v 0.316417 2.175565 -0.743227
v 0.324382 2.148347 -0.762853
v 0.318165 2.151987 -0.740054
v 0.328711 2.147041 -0.772399
v 0.339538 2.145057 -0.758566
v 0.360475 2.142985 -0.770928
v 0.333522 2.146577 -0.779871
v 0.339745 2.146551 -0.787638
v 0.333484 2.170376 -0.782467
v 0.340646 2.170411 -0.789033
v 0.361549 2.168130 -0.772685
v 0.350476 2.169977 -0.795471
v 0.361175 2.169089 -0.799571
v 0.349556 2.146161 -0.794584
v 0.360632 2.145432 -0.798342
v 0.369669 2.144325 -0.798020
v 0.381838 2.142476 -0.780013
v 0.376205 2.143799 -0.797102
v 0.370107 2.168133 -0.800958
v 0.381392 2.175921 -0.785340
v 0.376402 2.167668 -0.800931
v 0.387411 2.167066 -0.800422
v 0.410922 2.168858 -0.792016
v 0.386740 2.143886 -0.794489
v 0.409833 2.145593 -0.786783
v 0.445260 2.147414 -0.761080
v 0.402196 2.144857 -0.764482
v 0.432045 2.147682 -0.733690
v 0.459768 2.142974 -0.685618
v 0.478803 2.144209 -0.711743
v 0.474048 2.128724 -0.635676
v 0.494875 2.134209 -0.654170
v 0.492329 2.122712 -0.608975
v 0.497533 2.128278 -0.628779
v 0.484382 2.118251 -0.602202
v 0.494515 2.145096 -0.601120
v 0.501879 2.150596 -0.623041
v 0.486064 2.141053 -0.591825
v 0.477676 2.160521 -0.624886
v 0.501535 2.157118 -0.651149
v 0.463998 2.175996 -0.680950
v 0.433256 2.181278 -0.734312
v 0.484998 2.167243 -0.713297
v 0.400026 2.178833 -0.764184
v 0.379666 2.169255 -0.737890
v 0.404581 2.168766 -0.691024
v 0.431288 2.159220 -0.639120
v 0.444178 2.138293 -0.567595
v 0.453665 2.129497 -0.560945
v 0.433029 2.115807 -0.575184
v 0.461402 2.114403 -0.547771
v 0.470001 2.090203 -0.530244
v 0.447542 2.097828 -0.560411
v 0.455444 2.076627 -0.544998
v 0.461562 2.051573 -0.530482
v 0.465559 2.027558 -0.519587
v 0.477330 2.062388 -0.514791
v 0.482191 2.036087 -0.503313
v 0.484174 2.014767 -0.495839
v 0.467303 2.008854 -0.512662
v 0.471267 1.977391 -0.510257
v 0.486354 1.977391 -0.494728
v 0.480381 2.138239 -0.585407
v 0.479773 2.129463 -0.573800
v 0.481026 2.115658 -0.598727
v 0.480216 2.109417 -0.590128
v 0.458545 2.120710 -0.616158
v 0.443937 2.136195 -0.656127
v 0.419756 2.144229 -0.703718
v 0.392360 2.143968 -0.745188
v 0.379331 2.143343 -0.735224
v 0.483770 2.097780 -0.578276
v 0.491205 2.076639 -0.562652
v 0.485396 2.114388 -0.559594
v 0.494061 2.090211 -0.542111
v 0.501920 2.062406 -0.526920
v 0.508141 2.036106 -0.516110
v 0.499075 2.051611 -0.548994
v 0.505365 2.027602 -0.539221
v 0.509855 2.008888 -0.533638
v 0.512918 2.014781 -0.510010
v 0.512496 1.977391 -0.507613
v 0.509372 1.977391 -0.529036
v 0.448760 2.170551 -0.765394
v 0.319950 2.155121 -0.697522
v 0.341742 2.150104 -0.643381
v 0.317204 2.178761 -0.697837
v 0.339074 2.173542 -0.639258
v 0.379456 2.159206 -0.590212
v 0.401826 2.151227 -0.572483
v 0.379478 2.136369 -0.597872
v 0.398830 2.129052 -0.579793
v 0.581579 2.134436 -0.494714
v 0.607732 2.141656 -0.492893
v 0.561013 2.117005 -0.496130
v 0.539775 2.091453 -0.497510
v 0.522788 2.062765 -0.498585
v 0.510530 2.035666 -0.499347
v 0.502990 2.014026 -0.499812
v 0.504227 1.977391 -0.499719
v 0.527822 1.977391 -0.498167
v 0.535138 2.005407 -0.497695
v 0.541448 2.023424 -0.497311
v 0.552323 2.047326 -0.496643
v 0.567047 2.072068 -0.495724
v 0.584455 2.093182 -0.494610
v 0.600121 2.106552 -0.493561
v 0.621079 2.118226 -0.492237
v 0.590894 2.109522 -0.516412
v 0.623248 2.120877 -0.506534
v 0.635802 2.129634 -0.528663
v 0.665689 2.136886 -0.509477
v 0.661166 2.133160 -0.490111
v 0.687071 2.145942 -0.536712
v 0.718776 2.145642 -0.508345
v 0.767744 2.145485 -0.502927
v 0.713378 2.142166 -0.488151
v 0.741630 2.151915 -0.533092
v 0.781629 2.148529 -0.520823
v 0.600755 2.118387 -0.524858
v 0.604218 2.122871 -0.534792
v 0.590202 2.141025 -0.522240
v 0.595552 2.145058 -0.533525
v 0.623698 2.161138 -0.526935
v 0.679999 2.178858 -0.536537
v 0.740746 2.185524 -0.530995
v 0.784422 2.182022 -0.517194
v 0.808467 2.178568 -0.507094
v 0.825128 2.170871 -0.510429
v 0.819833 2.171834 -0.520252
v 0.802432 2.175565 -0.537373
v 0.815446 2.148347 -0.520662
v 0.798810 2.151987 -0.537445
v 0.821548 2.147041 -0.512140
v 0.804155 2.145058 -0.509680
v 0.804392 2.142985 -0.485366
v 0.825614 2.146577 -0.504237
v 0.829229 2.146551 -0.494964
v 0.827881 2.170376 -0.502972
v 0.829986 2.170411 -0.493487
v 0.805377 2.168130 -0.483558
v 0.830647 2.169977 -0.481754
v 0.828848 2.169089 -0.470438
v 0.830339 2.146161 -0.482995
v 0.828056 2.145432 -0.471524
v 0.823258 2.144325 -0.463859
v 0.801579 2.142476 -0.462323
v 0.819195 2.143799 -0.458657
v 0.825583 2.168133 -0.462010
v 0.806415 2.175921 -0.460046
v 0.822413 2.167668 -0.456571
v 0.816467 2.167066 -0.447292
v 0.797432 2.168858 -0.431134
v 0.811664 2.143886 -0.450840
v 0.793445 2.145593 -0.434694
v 0.753472 2.147414 -0.416864
v 0.777950 2.144857 -0.452458
v 0.736358 2.147682 -0.442004
v 0.680866 2.142974 -0.442032
v 0.693973 2.144209 -0.412484
v 0.630474 2.128724 -0.454635
v 0.636077 2.134209 -0.427351
v 0.598210 2.122712 -0.452154
v 0.612759 2.128278 -0.437746
v 0.596318 2.118251 -0.462423
v 0.590314 2.145096 -0.454189
v 0.605616 2.150596 -0.436851
v 0.586490 2.141053 -0.466155
v 0.619316 2.160521 -0.456889
v 0.630131 2.157118 -0.423095
v 0.674707 2.175996 -0.440702
v 0.736291 2.181278 -0.440644
v 0.692221 2.167243 -0.406342
v 0.778777 2.178833 -0.454487
v 0.766185 2.169255 -0.485266
v 0.713140 2.168766 -0.487121
v 0.654837 2.159220 -0.489945
v 0.586449 2.138293 -0.514544
v 0.575947 2.129497 -0.509653
v 0.598596 2.115807 -0.520405
v 0.560670 2.114403 -0.509540
v 0.541191 2.090203 -0.510857
v 0.578546 2.097828 -0.515223
v 0.561247 2.076627 -0.516086
v 0.545617 2.051573 -0.518046
v 0.534183 2.027558 -0.520032
v 0.524144 2.062388 -0.512236
v 0.511773 2.036087 -0.513765
v 0.504309 2.014767 -0.515784
v 0.527314 2.008854 -0.521984
v 0.523249 1.977391 -0.519753
v 0.502257 1.977391 -0.514452
v 0.583773 2.138239 -0.474286
v 0.574026 2.129463 -0.480615
v 0.594986 2.115658 -0.467067
v 0.587945 2.109417 -0.472067
v 0.621323 2.120710 -0.477821
v 0.663241 2.136195 -0.470487
v 0.716546 2.144229 -0.467633
v 0.766159 2.143968 -0.470623
v 0.764044 2.143343 -0.486889
v 0.575904 2.097780 -0.474916
v 0.558656 2.076639 -0.476289
v 0.558911 2.114388 -0.482849
v 0.539438 2.090211 -0.484086
v 0.522353 2.062406 -0.484876
v 0.509880 2.036106 -0.484893
v 0.542892 2.051611 -0.476302
v 0.531283 2.027602 -0.475741
v 0.524204 2.008888 -0.474644
v 0.502209 2.014781 -0.483806
v 0.500344 1.977391 -0.485370
v 0.520460 1.977391 -0.477364
v 0.755457 2.170551 -0.411677
v 0.761083 2.155121 -0.557165
v 0.703300 2.150104 -0.565364
v 0.762729 2.178761 -0.559386
v 0.701064 2.173542 -0.569736
v 0.638397 2.159206 -0.559287
v 0.611859 2.151227 -0.548778
v 0.645020 2.136369 -0.555438
v 0.619687 2.129052 -0.547718
vn -0.2751 -0.8663 0.4170
vn -0.0333 -0.9130 0.4067
vn -0.2286 -0.9065 0.3550
vn -0.3469 -0.9177 0.1935
vn -0.3937 -0.7036 0.5915
vn -0.0449 -0.6456 0.7624
vn 0.0176 -0.8104 0.5856
vn 0.0914 -0.8951 0.4364
vn -0.0011 -0.9456 0.3252
vn -0.0003 -0.9745 0.2246
vn -0.0125 -0.9583 0.2854
vn -0.1324 -0.9642 0.2296
vn -0.0276 -0.9947 0.0986
vn 0.0943 -0.9823 0.1619
vn 0.1006 -0.9874 0.1218
vn 0.1424 -0.9867 0.0787
vn 0.0345 -0.9991 0.0261
vn 0.1651 -0.9831 0.0790
vn 0.1992 -0.8947 0.3998
vn 0.1105 -0.9292 0.3525
vn 0.8347 -0.3086 -0.4560
vn 0.9115 -0.2706 -0.3099
vn 0.9061 -0.2740 -0.3224
vn 0.8364 -0.3081 -0.4534
vn 0.1470 0.9295 -0.3382
vn 0.2529 0.8783 -0.4058
vn 0.2017 0.8595 -0.4697
vn -0.2748 0.9521 0.1339
vn -0.1105 0.9107 0.3981
vn -0.2029 0.9740 0.1009
vn -0.0425 0.9367 0.3475
vn 0.0247 0.9671 0.2534
vn -0.1389 0.9899 0.0272
vn 0.4048 -0.1021 0.9087
vn 0.1606 -0.1143 0.9804
vn 0.1605 -0.1143 0.9804
vn 0.4067 -0.1020 0.9079
vn -0.0304 -0.1013 0.9944
vn -0.0257 -0.1023 0.9944
vn 0.1776 -0.9735 0.1442
vn 0.1263 -0.9870 0.0994
vn 0.1860 -0.9776 0.0987
vn 0.0799 -0.9851 0.1521
vn 0.1006 -0.9905 0.0939
vn 0.0218 -0.9914 0.1292
vn 0.0240 -0.9978 0.0614
vn -0.0042 -0.9918 0.1278
vn -0.1651 -0.0644 0.9842
vn -0.1608 -0.0659 0.9848
vn -0.3348 -0.0307 0.9418
vn -0.3282 -0.0315 0.9441
vn -0.2024 0.9785 -0.0406
vn -0.0727 0.9969 0.0307
vn -0.0081 0.9956 -0.0931
vn -0.5420 -0.0248 0.8400
vn -0.5422 -0.0249 0.8399
vn 0.0300 0.9924 0.1190
vn -0.7388 -0.0582 0.6714
vn -0.7457 -0.0603 0.6635
vn -0.0271 -0.9913 0.1288
vn -0.0282 -0.9932 0.1131
vn -0.0225 -0.9949 0.0983
vn -0.0352 -0.9993 -0.0127
vn -0.8575 -0.1127 0.5020
vn -0.8605 -0.1154 0.4963
vn -0.0365 -0.9972 0.0657
vn -0.8978 -0.1714 0.4058
vn -0.8985 -0.1738 0.4030
vn -0.1174 0.9611 0.2499
vn -0.1108 0.9792 0.1700
vn -0.4529 0.8726 0.1830
vn -0.4112 0.9049 0.1097
vn -0.9376 -0.2191 0.2699
vn -0.9379 -0.2192 0.2689
vn -0.3438 0.9387 0.0272
vn -0.0338 0.9949 0.0950
vn -0.9731 -0.2278 0.0337
vn -0.9732 -0.2278 0.0327
vn -0.0468 -0.9964 -0.0702
vn -0.0351 -0.9974 -0.0627
vn -0.0808 -0.9962 -0.0328
vn -0.9391 -0.2312 -0.2544
vn -0.9372 -0.2316 -0.2608
vn -0.0585 -0.9983 -0.0034
vn -0.0164 -0.9998 -0.0104
vn -0.0579 -0.9936 0.0968
vn -0.1363 -0.9852 0.1043
vn -0.1737 -0.9761 0.1307
vn -0.2639 -0.9563 0.1258
vn -0.2373 -0.9685 0.0757
vn -0.3556 -0.9344 0.0188
vn -0.4492 -0.8919 -0.0529
vn -0.4332 -0.2156 -0.8751
vn -0.0705 -0.2620 -0.9625
vn -0.0538 -0.2657 -0.9625
vn -0.4306 -0.2156 -0.8764
vn 0.1152 -0.3040 -0.9457
vn 0.1110 -0.3040 -0.9462
vn -0.0592 0.9159 -0.3970
vn 0.2171 0.9392 -0.2661
vn 0.2645 0.8884 -0.3752
vn 0.0552 0.8991 -0.4343
vn 0.3603 0.8685 -0.3405
vn 0.0578 0.9814 -0.1828
vn -0.2054 0.9427 -0.2630
vn -0.0378 0.9987 -0.0334
vn -0.2870 0.9544 -0.0820
vn -0.0321 0.9991 -0.0268
vn 0.0227 0.9947 -0.1000
vn 0.1091 0.9731 -0.2028
vn 0.1971 0.9304 -0.3091
vn 0.1077 0.9769 -0.1844
vn -0.0248 0.9985 -0.0479
vn 0.0626 0.8813 -0.4685
vn 0.2792 0.8617 -0.4236
vn 0.2392 0.8157 -0.5267
vn 0.9784 0.0712 0.1938
vn 0.9692 -0.1627 -0.1847
vn 0.9718 -0.1574 -0.1756
vn 0.9772 0.0746 0.1988
vn 0.4427 0.6826 -0.5814
vn 0.3988 0.6960 -0.5971
vn 0.9277 0.1605 0.3371
vn 0.9276 0.1605 0.3372
vn 0.5092 0.5737 -0.6415
vn 0.4530 0.5791 -0.6778
vn 0.9214 0.1645 0.3522
vn 0.9213 0.1646 0.3523
vn -0.4529 -0.5786 0.6784
vn -0.0905 -0.5305 0.8428
vn -0.4917 -0.4661 0.7356
vn -0.1203 -0.4268 0.8963
vn 0.9302 0.1613 0.3296
vn 0.9301 0.1613 0.3299
vn -0.5165 -0.3694 0.7725
vn -0.1443 -0.3393 0.9296
vn 0.9373 0.1655 0.3069
vn 0.9372 0.1654 0.3070
vn 0.5260 0.4683 -0.7100
vn 0.4906 0.4698 -0.7339
vn 0.5265 0.3765 -0.7623
vn 0.5150 0.3759 -0.7704
vn 0.5126 0.1781 -0.8400
vn 0.5477 0.1696 -0.8193
vn 0.9562 0.0763 0.2826
vn 0.9569 0.0712 0.2817
vn -0.6268 0.0780 -0.7752
vn -0.6102 -0.0265 -0.7918
vn -0.6262 0.0730 -0.7762
vn 0.6259 0.0114 -0.7798
vn 0.5802 0.1780 -0.7948
vn 0.5557 0.0115 -0.8313
vn -0.5367 -0.2612 0.8023
vn -0.1970 -0.2463 0.9490
vn 0.3906 0.8181 -0.4221
vn 0.4017 0.8862 -0.2310
vn -0.1909 -0.1675 -0.9672
vn -0.5516 0.0650 -0.8316
vn -0.5560 0.0686 -0.8284
vn -0.2057 -0.1595 -0.9655
vn -0.4344 -0.8974 0.0766
vn -0.5425 -0.8134 0.2099
vn -0.2184 -0.9658 0.1399
vn -0.1226 -0.9923 0.0152
vn -0.0499 -0.9977 -0.0468
vn -0.6858 -0.6465 0.3342
vn -0.6666 0.1578 -0.7285
vn -0.6667 0.1579 -0.7284
vn -0.7439 -0.5302 0.4068
vn -0.6787 0.1655 -0.7155
vn -0.6788 0.1655 -0.7154
vn 0.3980 0.5738 -0.7158
vn 0.3675 0.6828 -0.6315
vn 0.4550 0.4684 -0.7574
vn -0.6609 0.1638 -0.7324
vn -0.6612 0.1638 -0.7321
vn 0.5031 0.3765 -0.7779
vn -0.6422 0.1682 -0.7478
vn -0.6423 0.1682 -0.7478
vn -0.8041 -0.3381 0.4890
vn -0.7825 -0.4257 0.4544
vn -0.8018 -0.2456 0.5448
vn -0.5447 -0.1998 0.8145
vn -0.2389 -0.1887 0.9525
vn -0.7890 -0.1884 0.5848
vn 0.4813 0.0114 -0.8765
vn -0.8108 -0.2459 -0.5312
vn -0.6501 -0.2338 -0.7230
vn -0.6483 -0.2334 -0.7247
vn -0.8050 -0.2463 -0.5397
vn 0.6518 -0.1144 0.7497
vn 0.6582 -0.1155 0.7439
vn 0.8396 -0.1658 0.5173
vn 0.8450 -0.1682 0.5076
vn -0.0146 -0.9861 0.1654
vn 0.1276 0.9810 0.1459
vn 0.2803 0.9599 0.0037
vn 0.3705 0.9148 -0.1610
vn 0.9306 -0.1940 0.3105
vn 0.9310 -0.1939 0.3091
vn 0.3640 0.8945 -0.2596
vn 0.9767 -0.2084 0.0521
vn 0.9767 -0.2086 0.0500
vn 0.0287 -0.9581 0.2848
vn -0.0349 -0.9637 0.2647
vn 0.9649 -0.0272 0.2612
vn -0.2236 -0.8663 -0.4467
vn -0.3355 -0.9130 -0.2322
vn -0.1931 -0.9065 -0.3754
vn 0.0058 -0.9177 -0.3972
vn -0.3153 -0.7036 -0.6367
vn -0.6378 -0.6456 -0.4200
vn -0.5159 -0.8104 -0.2776
vn -0.4236 -0.8951 -0.1391
vn -0.2811 -0.9456 -0.1636
vn -0.1943 -0.9745 -0.1126
vn -0.2409 -0.9583 -0.1535
vn -0.1326 -0.9642 -0.2295
vn -0.0716 -0.9947 -0.0732
vn -0.1874 -0.9823 0.0007
vn -0.1558 -0.9874 0.0262
vn -0.1394 -0.9867 0.0839
vn -0.0399 -0.9991 0.0168
vn -0.1509 -0.9831 0.1035
vn -0.4459 -0.8947 -0.0274
vn -0.3606 -0.9292 -0.0805
vn -0.0224 -0.3086 0.9509
vn -0.1873 -0.2706 0.9443
vn -0.1738 -0.2740 0.9459
vn -0.0255 -0.3081 0.9510
vn 0.2194 0.9295 0.2964
vn 0.2250 0.8783 0.4219
vn 0.3059 0.8595 0.4096
vn 0.0214 0.9521 -0.3050
vn -0.2895 0.9107 -0.2947
vn 0.0141 0.9740 -0.2261
vn -0.2797 0.9367 -0.2105
vn -0.2318 0.9671 -0.1053
vn 0.0459 0.9899 -0.1339
vn -0.9894 -0.1021 -0.1037
vn -0.9293 -0.1143 -0.3511
vn -0.9896 -0.1019 -0.1018
vn -0.8459 -0.1013 -0.5236
vn -0.8483 -0.1023 -0.5195
vn -0.2137 -0.9735 0.0817
vn -0.1493 -0.9870 0.0597
vn -0.1785 -0.9776 0.1118
vn -0.1717 -0.9851 -0.0068
vn -0.1316 -0.9905 0.0402
vn -0.1228 -0.9914 -0.0457
vn -0.0651 -0.9978 -0.0099
vn -0.1086 -0.9918 -0.0675
vn -0.7697 -0.0645 -0.6351
vn -0.7724 -0.0659 -0.6317
vn -0.6482 -0.0307 -0.7608
vn -0.6535 -0.0315 -0.7563
vn 0.1364 0.9785 -0.1550
vn 0.0098 0.9969 -0.0783
vn 0.0847 0.9956 0.0395
vn -0.4565 -0.0248 -0.8894
vn -0.4563 -0.0248 -0.8895
vn -0.1180 0.9924 -0.0335
vn -0.2121 -0.0582 -0.9755
vn -0.2018 -0.0602 -0.9776
vn -0.0980 -0.9913 -0.0878
vn -0.0838 -0.9932 -0.0810
vn -0.0739 -0.9949 -0.0686
vn 0.0286 -0.9993 -0.0241
vn -0.0060 -0.1126 -0.9936
vn 0.0005 -0.1154 -0.9933
vn -0.0387 -0.9972 -0.0644
vn 0.0975 -0.1714 -0.9804
vn 0.1003 -0.1738 -0.9797
vn -0.1577 0.9611 -0.2266
vn -0.0918 0.9792 -0.1809
vn 0.0680 0.8726 -0.4837
vn 0.1106 0.9049 -0.4110
vn 0.2350 -0.2191 -0.9470
vn 0.2360 -0.2192 -0.9467
vn 0.1483 0.9387 -0.3113
vn -0.0653 0.9949 -0.0768
vn 0.4573 -0.2278 -0.8596
vn 0.4582 -0.2278 -0.8591
vn 0.0841 -0.9964 -0.0054
vn 0.0718 -0.9974 0.0009
vn 0.0688 -0.9962 -0.0536
vn 0.6899 -0.2312 -0.6860
vn 0.6945 -0.2316 -0.6812
vn 0.0322 -0.9983 -0.0489
vn 0.0172 -0.9998 -0.0090
vn -0.0549 -0.9936 -0.0985
vn -0.0222 -0.9852 -0.1702
vn -0.0263 -0.9761 -0.2158
vn 0.0230 -0.9563 -0.2915
vn 0.0531 -0.9685 -0.2434
vn 0.1615 -0.9344 -0.3174
vn 0.2704 -0.8919 -0.3625
vn 0.9745 -0.2156 0.0625
vn 0.8688 -0.2619 0.4202
vn 0.8605 -0.2657 0.4347
vn 0.9743 -0.2155 0.0653
vn 0.7614 -0.3040 0.5726
vn 0.7639 -0.3040 0.5693
vn 0.3734 0.9159 0.1472
vn 0.1219 0.9392 0.3210
vn 0.1926 0.8884 0.4167
vn 0.3485 0.8991 0.2650
vn 0.1147 0.8685 0.4823
vn 0.1294 0.9814 0.1415
vn 0.3305 0.9427 -0.0464
vn 0.0478 0.9987 -0.0160
vn 0.2145 0.9544 -0.2075
vn 0.0392 0.9991 -0.0144
vn 0.0753 0.9947 0.0696
vn 0.1211 0.9731 0.1959
vn 0.1691 0.9304 0.3252
vn 0.1059 0.9769 0.1855
vn 0.0538 0.9985 0.0025
vn 0.3744 0.8813 0.2884
vn 0.2273 0.8617 0.4536
vn 0.3365 0.8157 0.4705
vn -0.6571 0.0712 0.7504
vn -0.3247 -0.1627 0.9317
vn -0.3338 -0.1574 0.9294
vn -0.6608 0.0746 0.7469
vn 0.2822 0.6826 0.6741
vn 0.3177 0.6960 0.6439
vn -0.7558 0.1605 0.6349
vn -0.7559 0.1605 0.6347
vn 0.3010 0.5737 0.7618
vn 0.3604 0.5791 0.7312
vn -0.7657 0.1645 0.6218
vn -0.7657 0.1646 0.6217
vn -0.3610 -0.5786 -0.7314
vn -0.6846 -0.5305 -0.4998
vn -0.3912 -0.4661 -0.7936
vn -0.7161 -0.4268 -0.5524
vn -0.7506 0.1613 0.6408
vn -0.7508 0.1613 0.6406
vn -0.4107 -0.3694 -0.8336
vn -0.7329 -0.3392 -0.5898
vn -0.7344 0.1655 0.6582
vn -0.7345 0.1654 0.6582
vn 0.3519 0.4683 0.8105
vn 0.3903 0.4698 0.7918
vn 0.3969 0.3765 0.8371
vn 0.4096 0.3759 0.8312
vn 0.4712 0.1781 0.8639
vn 0.4357 0.1696 0.8840
vn -0.7229 0.0763 0.6868
vn -0.7224 0.0712 0.6878
vn 0.9848 0.0780 -0.1552
vn 0.9908 -0.0265 -0.1326
vn 0.9853 0.0730 -0.1542
vn 0.3624 0.0114 0.9319
vn 0.3981 0.1780 0.8999
vn 0.4421 0.0115 0.8969
vn -0.4265 -0.2612 -0.8659
vn -0.7234 -0.2463 -0.6450
vn 0.1702 0.8181 0.5493
vn -0.0008 0.8862 0.4634
vn 0.9331 -0.1675 0.3183
vn 0.9960 0.0650 -0.0619
vn 0.9954 0.0686 -0.0673
vn 0.9390 -0.1595 0.3046
vn 0.1509 -0.8974 -0.4145
vn 0.0895 -0.8134 -0.5747
vn -0.0120 -0.9658 -0.2591
vn 0.0481 -0.9923 -0.1138
vn 0.0655 -0.9977 -0.0198
vn 0.0535 -0.6465 -0.7610
vn 0.9642 0.1578 -0.2130
vn 0.9642 0.1579 -0.2132
vn 0.0197 -0.5302 -0.8477
vn 0.9590 0.1655 -0.2300
vn 0.9590 0.1655 -0.2301
vn 0.4209 0.5738 0.7026
vn 0.3631 0.6828 0.6340
vn 0.4284 0.4684 0.7727
vn 0.9647 0.1638 -0.2062
vn 0.9646 0.1638 -0.2065
vn 0.4221 0.3765 0.8247
vn 0.9688 0.1682 -0.1823
vn 0.9687 0.1682 -0.1823
vn -0.0214 -0.3381 -0.9409
vn -0.0022 -0.4258 -0.9048
vn -0.0709 -0.2456 -0.9668
vn -0.4331 -0.1998 -0.8789
vn -0.7055 -0.1887 -0.6832
vn -0.1120 -0.1884 -0.9757
vn 0.5185 0.0114 0.8550
vn 0.8654 -0.2459 -0.4365
vn 0.9512 -0.2338 -0.2015
vn 0.9518 -0.2334 -0.1991
vn 0.8699 -0.2463 -0.4273
vn -0.9752 -0.1143 0.1897
vn -0.9734 -0.1155 0.1981
vn -0.8678 -0.1658 0.4685
vn -0.8621 -0.1682 0.4780
vn -0.1359 -0.9861 -0.0954
vn -0.1902 0.9810 0.0375
vn -0.1433 0.9599 0.2409
vn -0.0458 0.9148 0.4014
vn -0.7342 -0.1940 0.6507
vn -0.7332 -0.1939 0.6518
vn 0.0429 0.8945 0.4450
vn -0.5335 -0.2084 0.8197
vn -0.5317 -0.2086 0.8208
vn -0.2610 -0.9581 -0.1176
vn -0.2118 -0.9637 -0.1625
vn -0.7087 -0.0272 0.7050
vn 0.4987 -0.8663 0.0297
vn 0.3688 -0.9130 -0.1745
vn 0.4217 -0.9065 0.0205
vn 0.3410 -0.9177 0.2036
vn 0.7091 -0.7037 0.0453
vn 0.6826 -0.6456 -0.3423
vn 0.4983 -0.8104 -0.3080
vn 0.3323 -0.8951 -0.2973
vn 0.2822 -0.9456 -0.1617
vn 0.1946 -0.9745 -0.1120
vn 0.2534 -0.9583 -0.1319
vn 0.2651 -0.9642 -0.0001
vn 0.0992 -0.9947 -0.0254
vn 0.0931 -0.9823 -0.1627
vn 0.0552 -0.9874 -0.1480
vn -0.0030 -0.9867 -0.1627
vn 0.0054 -0.9991 -0.0429
vn -0.0141 -0.9831 -0.1824
vn 0.2467 -0.8947 -0.3724
vn 0.2500 -0.9292 -0.2720
vn -0.8123 -0.3086 -0.4949
vn -0.7241 -0.2706 -0.6344
vn -0.7323 -0.2740 -0.6235
vn -0.8108 -0.3081 -0.4976
vn -0.3663 0.9295 0.0418
vn -0.4779 0.8783 -0.0161
vn -0.5077 0.8595 0.0601
vn 0.2534 0.9521 0.1711
vn 0.4000 0.9107 -0.1034
vn 0.1888 0.9740 0.1253
vn 0.3222 0.9367 -0.1370
vn 0.2071 0.9671 -0.1480
vn 0.0930 0.9899 0.1067
vn 0.5845 -0.1021 -0.8049
vn 0.7687 -0.1143 -0.6293
vn 0.7688 -0.1143 -0.6292
vn 0.5829 -0.1020 -0.8061
vn 0.8764 -0.1013 -0.4708
vn 0.8741 -0.1023 -0.4749
vn 0.0361 -0.9735 -0.2260
vn 0.0230 -0.9870 -0.1591
vn -0.0076 -0.9776 -0.2104
vn 0.0918 -0.9851 -0.1453
vn 0.0310 -0.9905 -0.1341
vn 0.1010 -0.9914 -0.0834
vn 0.0412 -0.9978 -0.0514
vn 0.1128 -0.9918 -0.0603
vn 0.9349 -0.0644 -0.3491
vn 0.9333 -0.0659 -0.3531
vn 0.9830 -0.0307 -0.1810
vn 0.9817 -0.0315 -0.1878
vn 0.0661 0.9785 0.1956
vn 0.0629 0.9969 0.0476
vn -0.0766 0.9956 0.0536
vn 0.9985 -0.0248 0.0494
vn 0.9985 -0.0248 0.0496
vn 0.0880 0.9924 -0.0855
vn 0.9509 -0.0582 0.3041
vn 0.9475 -0.0602 0.3140
vn 0.1251 -0.9913 -0.0410
vn 0.1120 -0.9932 -0.0321
vn 0.0963 -0.9949 -0.0297
vn 0.0066 -0.9993 0.0369
vn 0.8635 -0.1127 0.4916
vn 0.8600 -0.1154 0.4970
vn 0.0752 -0.9972 -0.0013
vn 0.8003 -0.1714 0.5746
vn 0.7983 -0.1738 0.5766
vn 0.2751 0.9611 -0.0233
vn 0.2026 0.9792 0.0109
vn 0.3849 0.8726 0.3007
vn 0.3006 0.9049 0.3013
vn 0.7026 -0.2191 0.6770
vn 0.7018 -0.2192 0.6778
vn 0.1954 0.9387 0.2841
vn 0.0991 0.9949 -0.0182
vn 0.5158 -0.2278 0.8259
vn 0.5149 -0.2278 0.8264
vn -0.0374 -0.9964 0.0756
vn -0.0367 -0.9974 0.0617
vn 0.0120 -0.9962 0.0864
vn 0.2492 -0.2311 0.9405
vn 0.2427 -0.2315 0.9421
vn 0.0263 -0.9983 0.0523
vn -0.0008 -0.9998 0.0194
vn 0.1128 -0.9936 0.0017
vn 0.1585 -0.9852 0.0659
vn 0.2001 -0.9761 0.0851
vn 0.2409 -0.9563 0.1657
vn 0.1842 -0.9685 0.1677
vn 0.1941 -0.9344 0.2986
vn 0.1788 -0.8919 0.4154
vn -0.5413 -0.2156 0.8127
vn -0.7983 -0.2619 0.5423
vn -0.8067 -0.2657 0.5279
vn -0.5437 -0.2155 0.8111
vn -0.8766 -0.3040 0.3731
vn -0.8749 -0.3040 0.3769
vn -0.3142 0.9159 0.2498
vn -0.3390 0.9392 -0.0549
vn -0.4572 0.8884 -0.0415
vn -0.4037 0.8991 0.1693
vn -0.4750 0.8685 -0.1418
vn -0.1872 0.9814 0.0414
vn -0.1251 0.9427 0.3094
vn -0.0101 0.9987 0.0494
vn 0.0725 0.9544 0.2895
vn -0.0072 0.9991 0.0412
vn -0.0979 0.9947 0.0304
vn -0.2302 0.9731 0.0069
vn -0.3662 0.9304 -0.0162
vn -0.2135 0.9769 -0.0010
vn -0.0291 0.9985 0.0454
vn -0.4370 0.8813 0.1801
vn -0.5065 0.8617 -0.0300
vn -0.5757 0.8157 0.0562
vn -0.3214 0.0712 -0.9443
vn -0.6445 -0.1627 -0.7471
vn -0.6379 -0.1574 -0.7538
vn -0.3164 0.0746 -0.9457
vn -0.7248 0.6826 -0.0927
vn -0.7165 0.6960 -0.0468
vn -0.1719 0.1605 -0.9719
vn -0.1718 0.1605 -0.9720
vn -0.8102 0.5737 -0.1202
vn -0.8135 0.5791 -0.0535
vn -0.1557 0.1645 -0.9740
vn -0.1556 0.1646 -0.9740
vn 0.8139 -0.5786 0.0530
vn 0.7752 -0.5305 -0.3430
vn 0.8828 -0.4661 0.0580
vn 0.8364 -0.4268 -0.3439
vn -0.1797 0.1613 -0.9704
vn -0.1793 0.1613 -0.9705
vn 0.9273 -0.3694 0.0611
vn 0.8772 -0.3393 -0.3398
vn -0.2029 0.1655 -0.9651
vn -0.2028 0.1654 -0.9652
vn -0.8779 0.4683 -0.1005
vn -0.8809 0.4698 -0.0579
vn -0.9234 0.3765 -0.0748
vn -0.9247 0.3759 -0.0609
vn -0.9837 0.1781 -0.0239
vn -0.9834 0.1696 -0.0647
vn -0.2334 0.0763 -0.9694
vn -0.2345 0.0712 -0.9695
vn -0.3580 0.0780 0.9305
vn -0.3806 -0.0265 0.9244
vn -0.3591 0.0730 0.9304
vn -0.9883 0.0114 -0.1521
vn -0.9784 0.1780 -0.1052
vn -0.9978 0.0115 -0.0656
vn 0.9632 -0.2612 0.0636
vn 0.9203 -0.2463 -0.3039
vn -0.5608 0.8181 -0.1272
vn -0.4009 0.8862 -0.2324
vn -0.7422 -0.1675 0.6490
vn -0.4444 0.0650 0.8935
vn -0.4394 0.0686 0.8957
vn -0.7333 -0.1595 0.6609
vn 0.2836 -0.8974 0.3379
vn 0.4530 -0.8134 0.3648
vn 0.2304 -0.9658 0.1192
vn 0.0745 -0.9923 0.0986
vn -0.0156 -0.9977 0.0666
vn 0.6323 -0.6465 0.4268
vn -0.2976 0.1578 0.9415
vn -0.2975 0.1578 0.9416
vn 0.7243 -0.5302 0.4409
vn -0.2803 0.1655 0.9455
vn -0.2802 0.1655 0.9456
vn -0.8189 0.5738 0.0132
vn -0.7306 0.6828 -0.0025
vn -0.8834 0.4684 -0.0154
vn -0.3038 0.1638 0.9385
vn -0.3035 0.1638 0.9387
vn -0.9252 0.3765 -0.0468
vn -0.3266 0.1682 0.9301
vn -0.3265 0.1682 0.9301
vn 0.8255 -0.3381 0.4519
vn 0.7847 -0.4258 0.4505
vn 0.8727 -0.2456 0.4220
vn 0.9777 -0.1998 0.0644
vn 0.9444 -0.1887 -0.2694
vn 0.9010 -0.1884 0.3908
vn -0.9997 0.0114 0.0215
vn -0.0547 -0.2459 0.9678
vn -0.3011 -0.2338 0.9245
vn -0.3035 -0.2334 0.9238
vn -0.0649 -0.2463 0.9670
vn 0.3233 -0.1144 -0.9394
vn 0.3151 -0.1155 -0.9420
vn 0.0282 -0.1658 -0.9858
vn 0.0171 -0.1681 -0.9856
vn 0.1506 -0.9861 -0.0700
vn 0.0626 0.9810 -0.1835
vn -0.1369 0.9599 -0.2446
vn -0.3247 0.9148 -0.2404
vn -0.1964 -0.1940 -0.9611
vn -0.1978 -0.1939 -0.9609
vn -0.4068 0.8945 -0.1854
vn -0.4432 -0.2084 -0.8719
vn -0.4450 -0.2086 -0.8709
vn 0.2323 -0.9581 -0.1672
vn 0.2466 -0.9637 -0.1021
vn -0.2562 -0.0272 -0.9662
vn 0.4067 -0.1019 0.9079
vn -0.9372 -0.2315 -0.2608
vn -0.6103 -0.0265 -0.7918
vn 0.6259 0.0114 -0.7799
vn 0.5557 0.0114 -0.8313
vn -0.6667 0.1578 -0.7284
vn 0.6518 -0.1143 0.7497
vn -0.9896 -0.1020 -0.1018
vn 0.6945 -0.2315 -0.6812
vn -0.5076 0.8595 0.0602
vn 0.1127 -0.9918 -0.0603
vn -0.7983 -0.2620 0.5423
vn -0.1873 0.9814 0.0414
vn -0.7249 0.6826 -0.0927
vn 0.8772 -0.3392 -0.3398
vn 0.3233 -0.1143 -0.9394
vn -0.3247 0.9148 -0.2403
vn -0.2751 -0.8663 0.4171
vn -0.3937 -0.7037 0.5915
vn -0.0448 -0.6456 0.7624
vn 0.0300 0.9924 0.1189
vn -0.1173 0.9611 0.2499
vn -0.1204 -0.4268 0.8963
vn -0.1444 -0.3393 0.9296
vn -0.5424 -0.8134 0.2099
vn 0.3639 0.8945 -0.2596
vn -0.3153 -0.7037 -0.6367
vn -0.2138 -0.9735 0.0817
vn -0.1717 -0.9851 -0.0069
vn -0.1228 -0.9914 -0.0458
vn 0.1363 0.9785 -0.1550
vn -0.4563 -0.0249 -0.8895
vn -0.2018 -0.0603 -0.9776
vn -0.0060 -0.1127 -0.9936
vn 0.0004 -0.1154 -0.9933
vn -0.7329 -0.3393 -0.5898
vn -0.0023 -0.4258 -0.9048
vn 0.3411 -0.9177 0.2036
vn 0.8740 -0.1023 -0.4750
vn 0.3006 0.9049 0.3012
vn -0.6380 -0.1574 -0.7538
vn -0.2333 0.0763 -0.9694
vn -0.2976 0.1578 0.9416
vn -0.3038 0.1638 0.9386
vn 0.3152 -0.1155 -0.9420
vn 0.0171 -0.1682 -0.9856
vn -0.1651 -0.0645 0.9842
vn -0.3437 0.9387 0.0272
vn 0.9277 0.1605 0.3370
vn -0.6445 -0.1627 -0.7470
vn -0.6380 -0.1575 -0.7538
vn 0.7751 -0.5305 -0.3430
vn 0.2324 -0.9581 -0.1672
vt 0.248346 0.090338
vt 0.247616 0.093277
vt 0.247752 0.092727
vt 0.247624 0.093243
vt 0.248369 0.090245
vt 0.249038 0.087555
vt 0.248804 0.088494
vt 0.248201 0.090921
vt 0.247877 0.092225
vt 0.247355 0.094324
vt 0.246485 0.097827
vt 0.246790 0.096600
vt 0.246982 0.095827
vt 0.246517 0.097696
vt 0.246338 0.098417
vt 0.246092 0.099409
vt 0.246346 0.098385
vt 0.246457 0.097940
vt 0.246215 0.098910
vt 0.247095 0.095373
vt 0.247689 0.092981
vt 0.247513 0.093691
vt 0.246524 0.097669
vt 0.246368 0.098296
vt 0.245351 0.102390
vt 0.244988 0.103850
vt 0.245037 0.103653
vt 0.244666 0.105145
vt 0.244987 0.103853
vt 0.244648 0.105217
vt 0.244794 0.104627
vt 0.244460 0.105972
vt 0.244605 0.105389
vt 0.246198 0.098978
vt 0.246011 0.099734
vt 0.246266 0.098707
vt 0.246331 0.098444
vt 0.246193 0.099001
vt 0.245992 0.099807
vt 0.245849 0.100384
vt 0.246261 0.098725
vt 0.246374 0.098271
vt 0.246399 0.098173
vt 0.246442 0.097998
vt 0.246222 0.098884
vt 0.244996 0.103816
vt 0.244703 0.104993
vt 0.245010 0.103761
vt 0.244738 0.104855
vt 0.246242 0.098803
vt 0.244751 0.104803
vt 0.245064 0.103542
vt 0.246280 0.098652
vt 0.246484 0.097829
vt 0.246499 0.097770
vt 0.246378 0.098258
vt 0.246502 0.097756
vt 0.245103 0.103384
vt 0.246433 0.098035
vt 0.245202 0.102988
vt 0.244785 0.104666
vt 0.244761 0.104761
vt 0.244782 0.104676
vt 0.245233 0.102863
vt 0.246429 0.098053
vt 0.245140 0.103235
vt 0.244709 0.104970
vt 0.246341 0.098407
vt 0.246423 0.098075
vt 0.246499 0.097769
vt 0.245053 0.103586
vt 0.246247 0.098785
vt 0.246283 0.098637
vt 0.246412 0.098120
vt 0.246447 0.097979
vt 0.246928 0.096044
vt 0.247077 0.095445
vt 0.247234 0.094813
vt 0.247521 0.093658
vt 0.247696 0.092953
vt 0.246082 0.099445
vt 0.246366 0.098304
vt 0.246521 0.097681
vt 0.245746 0.100799
vt 0.245408 0.102159
vt 0.245490 0.101828
vt 0.244758 0.104773
vt 0.245224 0.102900
vt 0.244573 0.105517
vt 0.244683 0.105077
vt 0.244619 0.105335
vt 0.244685 0.105068
vt 0.244504 0.105797
vt 0.245149 0.103201
vt 0.244873 0.104310
vt 0.246056 0.099552
vt 0.245780 0.100664
vt 0.244810 0.104563
vt 0.245769 0.100705
vt 0.246054 0.099559
vt 0.245127 0.103290
vt 0.244632 0.105279
vt 0.244386 0.106271
vt 0.244502 0.105802
vt 0.244627 0.105302
vt 0.245582 0.101459
vt 0.246629 0.097248
vt 0.246717 0.096892
vt 0.246906 0.096134
vt 0.247171 0.095067
vt 0.247799 0.092541
vt 0.247949 0.091934
vt 0.247815 0.092476
vt 0.249198 0.086912
vt 0.249136 0.087162
vt 0.249898 0.084094
vt 0.250129 0.083167
vt 0.251405 0.078030
vt 0.251191 0.078894
vt 0.250633 0.081139
vt 0.252637 0.073073
vt 0.252429 0.073911
vt 0.251989 0.075681
vt 0.250616 0.081205
vt 0.252014 0.075580
vt 0.253089 0.071256
vt 0.253130 0.071093
vt 0.253394 0.070029
vt 0.253088 0.071259
vt 0.254808 0.064340
vt 0.254861 0.064129
vt 0.253392 0.070036
vt 0.253130 0.071091
vt 0.255089 0.063209
vt 0.253567 0.069334
vt 0.246905 0.096138
vt 0.247173 0.095059
vt 0.246720 0.096881
vt 0.246628 0.097249
vt 0.248207 0.090899
vt 0.247885 0.092194
vt 0.247806 0.092512
vt 0.247378 0.094232
vt 0.248348 0.090331
vt 0.247239 0.094792
vt 0.246567 0.097497
vt 0.246825 0.096457
vt 0.246411 0.098124
vt 0.246235 0.098830
vt 0.246424 0.098070
vt 0.246358 0.098337
vt 0.249038 0.087553
vt 0.248807 0.088484
vt 0.247950 0.091931
vt 0.249897 0.084097
vt 0.250128 0.083168
vt 0.249197 0.086913
vt 0.247814 0.092477
vt 0.249136 0.087161
vt 0.250632 0.081143
vt 0.250617 0.081203
vt 0.251188 0.078903
vt 0.251988 0.075685
vt 0.252015 0.075578
vt 0.252427 0.073920
vt 0.252637 0.073076
vt 0.251405 0.078032
vt 0.253566 0.069336
vt 0.255104 0.063149
vt 0.244630 0.105290
vt 0.244899 0.104207
vt 0.246108 0.099343
vt 0.246219 0.098895
vt 0.244519 0.105737
vt 0.244250 0.106818
vt 0.245638 0.101232
vt 0.246816 0.096493
vt 0.246050 0.099576
vt 0.247194 0.094974
vt 0.247003 0.095740
s 1
usemtl Color_Palette_01.006
f 187/10/98 190/11/99 188/12/100
f 188/12/100 277/13/101 187/14/98
f 187/10/98 186/15/102 263/16/103 189/17/104
f 187/10/98 189/17/104 260/18/105 191/19/106 190/11/99
f 194/20/107 192/21/108 190/11/99 191/19/106
f 192/21/108 193/22/109 188/12/100 190/11/99
f 197/23/110 193/22/109 192/21/108 195/24/111
f 195/24/111 192/21/108 194/20/107 198/25/112
f 195/24/111 196/26/113 281/27/114 197/23/110
f 199/28/115 196/26/113 195/24/111 198/25/112
f 191/29/106 200/30/116 201/31/117
f 202/32/118 203/33/119 201/31/120 200/30/121
f 204/34/122 203/33/123 202/32/124
f 219/35/125 209/36/126 208/37/127
f 209/36/126 210/38/128 208/39/127
f 210/38/128 211/40/129 207/41/130 208/42/127
f 211/40/131 210/38/132 212/43/133 213/44/134
f 210/38/132 209/36/135 214/45/136 212/43/133
f 212/43/137 215/46/138 199/47/115 213/44/139
f 214/45/140 215/46/138 212/43/137
f 213/44/139 199/47/115 198/48/112 295/49/141
f 217/50/142 215/51/138 214/45/140
f 199/28/115 215/52/138 216/53/143 196/26/113
f 218/54/144 216/53/143 215/52/138 217/50/142
f 209/36/135 219/35/145 217/50/146 214/45/136
f 219/35/145 220/55/147 218/54/148 217/50/146
f 220/55/149 219/35/125 208/37/127 221/56/150
f 222/57/151 220/55/149 221/58/150
f 220/55/147 222/57/152 224/59/153 218/54/148
f 221/60/150 223/61/154 222/57/151
f 222/57/152 223/61/155 225/62/156 224/59/153
f 224/59/157 216/53/143 218/54/144
f 216/63/143 224/59/157 225/62/158
f 216/64/143 225/62/158 226/65/159 227/66/160
f 223/61/155 229/67/161 226/65/162 225/62/156
f 226/65/159 228/68/163 227/66/160
f 229/67/161 231/69/164 228/68/165 226/65/162
f 229/67/166 230/70/167 231/69/168
f 221/60/150 230/71/167 229/67/166 223/61/154
f 231/69/168 230/72/167 232/73/169
f 231/69/164 232/73/170 234/74/171 228/68/165
f 233/75/172 232/73/169 230/72/167 254/76/173
f 232/73/170 233/75/174 235/77/175 234/74/171
f 235/77/176 237/78/177 227/79/160 234/74/178
f 228/68/163 234/74/178 227/66/160
f 233/75/174 294/80/179 236/81/180 235/77/175
f 238/82/181 237/78/177 235/77/176 236/81/182
f 238/82/181 236/81/182 240/83/183 239/84/184
f 239/84/184 240/83/183 242/85/185 241/86/186
f 242/85/185 244/87/187 243/88/188 241/86/186
f 241/86/186 243/88/188 245/89/189
f 247/90/190 246/91/191 243/88/192 244/87/193
f 246/91/191 248/92/194 245/89/195 243/88/192
f 250/93/196 249/94/197 246/91/198 247/90/199
f 249/95/197 248/92/200 246/91/198
f 251/96/201 249/94/197 250/93/196 253/97/202
f 252/98/203 251/96/201 253/97/202 294/80/204
f 252/98/203 294/80/204 233/75/172 254/76/173
f 255/99/205 254/100/173 230/71/167 221/60/150
f 254/100/173 255/99/205 256/101/206 252/102/203
f 257/103/207 251/104/201 252/102/203 256/101/206
f 251/104/201 257/103/207 174/105/208 249/106/197
f 205/107/209 204/108/122 174/109/208 257/110/207
f 256/111/206 206/112/210 205/107/209 257/110/207
f 207/113/130 206/112/210 256/111/206 255/114/205
f 207/113/130 255/114/205 221/56/150 208/37/127
f 204/115/122 202/116/124 258/117/211
f 173/118/212 174/109/208 204/108/122 258/117/211 259/119/213
f 259/119/214 258/117/215 260/18/216 189/17/217
f 258/117/215 202/116/118 200/120/121 260/18/216
f 191/19/106 260/18/105 200/120/116
f 173/118/212 259/119/213 261/121/218 175/122/219
f 261/121/220 259/119/214 189/17/217 263/16/221
f 175/122/219 261/121/218 262/123/222 176/124/223
f 262/123/224 261/121/220 263/16/221 264/125/225
f 186/15/102 185/126/226 264/125/227 263/16/103
f 185/126/226 184/127/228 265/128/229 264/125/227
f 267/129/230 262/123/224 264/125/225 265/128/231
f 184/127/228 183/130/232 266/131/233 265/128/229
f 268/132/234 267/129/230 265/128/231 266/131/235
f 176/124/223 262/123/222 267/129/236 177/133/237
f 177/133/237 267/129/236 268/132/238 178/134/239
f 178/134/239 268/132/238 269/135/240 179/136/241
f 269/135/242 268/132/234 266/131/235 270/137/243
f 291/138/244 292/139/245 293/140/245 290/141/246
f 292/139/247 291/138/248 179/142/241 180/143/249
f 183/130/232 182/144/250 270/137/251 266/131/233
f 249/106/197 174/105/208 173/145/212 274/146/252 273/147/253
f 249/106/197 273/147/253 248/148/200
f 273/147/254 274/146/255 276/149/256 275/150/257
f 248/148/194 273/147/254 275/150/257 245/151/195
f 241/152/186 275/150/258 276/149/259 187/153/98 277/13/101
f 241/154/186 245/151/189 275/150/258
f 239/155/184 241/152/186 277/13/101 278/156/260
f 278/156/260 279/157/261 238/158/181 239/155/184
f 188/12/100 193/22/109 278/156/260 277/13/101
f 279/157/261 278/156/260 193/22/109 197/23/110
f 280/159/262 279/157/261 197/23/110 281/27/114
f 237/160/177 238/158/181 279/157/261 280/159/262
f 280/159/262 216/64/143 227/66/160 237/160/177
f 280/159/262 281/27/114 216/64/143
f 216/63/143 281/27/114 196/26/113
f 186/161/102 187/153/98 276/149/259 282/162/263
f 274/146/255 284/163/264 282/162/265 276/149/256
f 283/164/266 185/165/226 186/161/102 282/162/263
f 284/163/264 285/166/267 283/164/268 282/162/265
f 285/166/269 284/163/270 175/167/219 176/168/223
f 175/167/219 284/163/270 274/146/252 173/145/212
f 286/169/271 285/166/269 176/168/223 177/170/237
f 285/166/267 286/169/272 288/171/273 283/164/268
f 287/172/274 286/169/271 177/170/237 178/173/239
f 286/169/272 287/172/275 289/174/276 288/171/273
f 289/174/277 183/175/232 184/176/228 288/171/278
f 288/171/278 184/176/228 185/165/226 283/164/266
f 182/177/250 183/175/232 289/174/277 290/141/279
f 287/172/275 291/138/244 290/141/246 289/174/276
f 181/178/280 271/140/281 270/137/251 182/144/250
f 293/140/282 181/178/280 182/177/250 290/141/279
f 269/135/240 272/139/283 180/143/249 179/136/241
f 179/142/241 291/138/248 287/172/274 178/173/239
f 253/97/284 250/93/285 242/85/286 240/83/287
f 294/80/179 253/97/284 240/83/287 236/81/180
f 250/93/285 247/90/190 244/87/193 242/85/286
f 297/179/288 211/40/131 213/44/134 295/49/289
f 298/180/290 297/179/288 295/49/289 296/181/291
f 194/182/107 296/181/292 295/49/141 198/48/112
f 205/183/209 206/184/210 297/179/293 298/180/294
f 211/40/129 297/179/293 206/184/210 207/41/130
f 299/185/295 204/34/122 205/183/209 298/180/294
f 299/185/296 298/180/290 296/181/291 301/186/297
f 204/34/122 299/185/295 300/187/298 203/33/123
f 300/187/299 299/185/296 301/186/297 302/188/300
f 191/189/106 201/31/117 302/188/301 301/186/302
f 301/186/302 296/181/292 194/182/107 191/189/106
f 203/33/119 300/187/299 302/188/300 201/31/120
f 272/139/303 269/135/242 270/137/243 271/140/303
f 317/10/304 320/11/305 318/12/306
f 318/12/306 407/13/307 317/14/304
f 317/10/304 316/15/308 393/16/309 319/17/310
f 317/10/304 319/17/310 390/18/311 321/19/312 320/11/305
f 324/20/313 322/21/314 320/11/305 321/19/312
f 322/21/314 323/22/315 318/12/306 320/11/305
f 327/23/316 323/22/315 322/21/314 325/24/317
f 325/24/317 322/21/314 324/20/313 328/25/318
f 325/24/317 326/26/319 411/27/320 327/23/316
f 329/28/321 326/26/319 325/24/317 328/25/318
f 321/29/312 330/30/322 331/31/323
f 332/32/324 333/33/325 331/31/326 330/30/327
f 334/34/328 333/33/329 332/32/330
f 349/35/331 339/36/332 338/37/333
f 339/36/332 340/38/334 338/39/333
f 340/38/334 341/40/335 337/41/336 338/42/333
f 341/40/337 340/38/338 342/43/338 343/44/339
f 340/38/338 339/36/340 344/45/341 342/43/338
f 342/43/342 345/46/343 329/47/321 343/44/344
f 344/45/345 345/46/343 342/43/342
f 343/44/344 329/47/321 328/48/318 425/49/346
f 347/50/347 345/51/343 344/45/345
f 329/28/321 345/52/343 346/53/348 326/26/319
f 348/54/349 346/53/348 345/52/343 347/50/347
f 339/36/340 349/35/350 347/50/351 344/45/341
f 349/35/350 350/55/352 348/54/353 347/50/351
f 350/55/354 349/35/331 338/37/333 351/56/355
f 352/57/356 350/55/354 351/58/355
f 350/55/352 352/57/357 354/59/358 348/54/353
f 351/60/355 353/61/359 352/57/356
f 352/57/357 353/61/360 355/62/361 354/59/358
f 354/59/362 346/53/348 348/54/349
f 346/63/348 354/59/362 355/62/363
f 346/64/348 355/62/363 356/65/364 357/66/365
f 353/61/360 359/67/366 356/65/367 355/62/361
f 356/65/364 358/68/368 357/66/365
f 359/67/366 361/69/369 358/68/370 356/65/367
f 359/67/371 360/70/372 361/69/373
f 351/60/355 360/71/372 359/67/371 353/61/359
f 361/69/373 360/72/372 362/73/374
f 361/69/369 362/73/375 364/74/376 358/68/370
f 363/75/377 362/73/374 360/72/372 384/76/378
f 362/73/375 363/75/379 365/77/380 364/74/376
f 365/77/381 367/78/382 357/79/365 364/74/383
f 358/68/368 364/74/383 357/66/365
f 363/75/379 424/80/384 366/81/385 365/77/380
f 368/82/386 367/78/382 365/77/381 366/81/387
f 368/82/386 366/81/387 370/83/388 369/84/389
f 369/84/389 370/83/388 372/85/390 371/86/391
f 372/85/390 374/87/392 373/88/393 371/86/391
f 371/86/391 373/88/393 375/89/394
f 377/90/395 376/91/396 373/88/397 374/87/398
f 376/91/396 378/92/399 375/89/400 373/88/397
f 380/93/401 379/94/402 376/91/403 377/90/404
f 379/95/402 378/92/405 376/91/403
f 381/96/406 379/94/402 380/93/401 383/97/407
f 382/98/408 381/96/406 383/97/407 424/80/409
f 382/98/408 424/80/409 363/75/377 384/76/378
f 385/99/410 384/100/378 360/71/372 351/60/355
f 384/100/378 385/99/410 386/101/411 382/102/408
f 387/103/412 381/104/406 382/102/408 386/101/411
f 381/104/406 387/103/412 304/105/413 379/106/402
f 335/107/414 334/108/328 304/109/413 387/110/412
f 386/111/411 336/112/415 335/107/414 387/110/412
f 337/113/336 336/112/415 386/111/411 385/114/410
f 337/113/336 385/114/410 351/56/355 338/37/333
f 334/115/328 332/116/330 388/117/416
f 303/118/417 304/109/413 334/108/328 388/117/416 389/119/418
f 389/119/419 388/117/420 390/18/421 319/17/422
f 388/117/420 332/116/324 330/120/327 390/18/421
f 321/19/312 390/18/311 330/120/322
f 303/118/417 389/119/418 391/121/423 305/122/424
f 391/121/425 389/119/419 319/17/422 393/16/426
f 305/122/424 391/121/423 392/123/427 306/124/428
f 392/123/429 391/121/425 393/16/426 394/125/430
f 316/15/308 315/126/431 394/125/432 393/16/309
f 315/126/431 314/127/433 395/128/434 394/125/432
f 397/129/435 392/123/429 394/125/430 395/128/436
f 314/127/433 313/130/437 396/131/438 395/128/434
f 398/132/439 397/129/435 395/128/436 396/131/440
f 306/124/428 392/123/427 397/129/441 307/133/442
f 307/133/442 397/129/441 398/132/443 308/134/444
f 308/134/444 398/132/443 399/135/445 309/136/446
f 399/135/447 398/132/439 396/131/440 400/137/448
f 421/138/449 422/139/450 423/140/450 420/141/451
f 422/139/452 421/138/453 309/142/446 310/143/454
f 313/130/437 312/144/455 400/137/456 396/131/438
f 379/106/402 304/105/413 303/145/417 404/146/457 403/147/458
f 379/106/402 403/147/458 378/148/405
f 403/147/459 404/146/460 406/149/461 405/150/462
f 378/148/399 403/147/459 405/150/462 375/151/400
f 371/152/391 405/150/463 406/149/464 317/153/304 407/13/307
f 371/154/391 375/151/394 405/150/463
f 369/155/389 371/152/391 407/13/307 408/156/465
f 408/156/465 409/157/466 368/158/386 369/155/389
f 318/12/306 323/22/315 408/156/465 407/13/307
f 409/157/466 408/156/465 323/22/315 327/23/316
f 410/159/467 409/157/466 327/23/316 411/27/320
f 367/160/382 368/158/386 409/157/466 410/159/467
f 410/159/467 346/64/348 357/66/365 367/160/382
f 410/159/467 411/27/320 346/64/348
f 346/63/348 411/27/320 326/26/319
f 316/161/308 317/153/304 406/149/464 412/162/468
f 404/146/460 414/163/469 412/162/470 406/149/461
f 413/164/471 315/165/431 316/161/308 412/162/468
f 414/163/469 415/166/472 413/164/473 412/162/470
f 415/166/474 414/163/475 305/167/424 306/168/428
f 305/167/424 414/163/475 404/146/457 303/145/417
f 416/169/476 415/166/474 306/168/428 307/170/442
f 415/166/472 416/169/477 418/171/478 413/164/473
f 417/172/479 416/169/476 307/170/442 308/173/444
f 416/169/477 417/172/480 419/174/481 418/171/478
f 419/174/482 313/175/437 314/176/433 418/171/483
f 418/171/483 314/176/433 315/165/431 413/164/471
f 312/177/455 313/175/437 419/174/482 420/141/484
f 417/172/480 421/138/449 420/141/451 419/174/481
f 311/178/485 401/140/486 400/137/456 312/144/455
f 423/140/487 311/178/485 312/177/455 420/141/484
f 399/135/445 402/139/488 310/143/454 309/136/446
f 309/142/446 421/138/453 417/172/479 308/173/444
f 383/97/489 380/93/490 372/85/491 370/83/492
f 424/80/384 383/97/489 370/83/492 366/81/385
f 380/93/490 377/90/395 374/87/398 372/85/491
f 427/179/493 341/40/337 343/44/339 425/49/494
f 428/180/495 427/179/493 425/49/494 426/181/496
f 324/182/313 426/181/497 425/49/346 328/48/318
f 335/183/414 336/184/415 427/179/498 428/180/499
f 341/40/335 427/179/498 336/184/415 337/41/336
f 429/185/500 334/34/328 335/183/414 428/180/499
f 429/185/501 428/180/495 426/181/496 431/186/502
f 334/34/328 429/185/500 430/187/503 333/33/329
f 430/187/504 429/185/501 431/186/502 432/188/505
f 321/189/312 331/31/323 432/188/506 431/186/507
f 431/186/507 426/181/497 324/182/313 321/189/312
f 333/33/325 430/187/504 432/188/505 331/31/326
f 402/139/508 399/135/447 400/137/448 401/140/508
f 447/10/509 450/11/510 448/12/511
f 448/12/511 537/13/512 447/14/509
f 447/10/509 446/15/513 523/16/514 449/17/515
f 447/10/509 449/17/515 520/18/516 451/19/517 450/11/510
f 454/20/518 452/21/519 450/11/510 451/19/517
f 452/21/519 453/22/520 448/12/511 450/11/510
f 457/23/521 453/22/520 452/21/519 455/24/522
f 455/24/522 452/21/519 454/20/518 458/25/523
f 455/24/522 456/26/524 541/27/525 457/23/521
f 459/28/526 456/26/524 455/24/522 458/25/523
f 451/29/517 460/30/527 461/31/528
f 462/32/529 463/33/530 461/31/531 460/30/532
f 464/34/533 463/33/534 462/32/535
f 479/35/536 469/36/537 468/37/538
f 469/36/537 470/38/539 468/39/538
f 470/38/539 471/40/540 467/41/541 468/42/538
f 471/40/542 470/38/543 472/43/544 473/44/545
f 470/38/543 469/36/546 474/45/547 472/43/544
f 472/43/548 475/46/549 459/47/526 473/44/550
f 474/45/551 475/46/549 472/43/548
f 473/44/550 459/47/526 458/48/523 555/49/552
f 477/50/553 475/51/549 474/45/551
f 459/28/526 475/52/549 476/53/554 456/26/524
f 478/54/555 476/53/554 475/52/549 477/50/553
f 469/36/546 479/35/556 477/50/557 474/45/547
f 479/35/556 480/55/558 478/54/559 477/50/557
f 480/55/560 479/35/536 468/37/538 481/56/561
f 482/57/562 480/55/560 481/58/561
f 480/55/558 482/57/563 484/59/564 478/54/559
f 481/60/561 483/61/565 482/57/562
f 482/57/563 483/61/566 485/62/567 484/59/564
f 484/59/568 476/53/554 478/54/555
f 476/63/554 484/59/568 485/62/569
f 476/64/554 485/62/569 486/65/570 487/66/571
f 483/61/566 489/67/572 486/65/573 485/62/567
f 486/65/570 488/68/574 487/66/571
f 489/67/572 491/69/575 488/68/576 486/65/573
f 489/67/577 490/70/578 491/69/579
f 481/60/561 490/71/578 489/67/577 483/61/565
f 491/69/579 490/72/578 492/73/580
f 491/69/575 492/73/581 494/74/582 488/68/576
f 493/75/583 492/73/580 490/72/578 514/76/584
f 492/73/581 493/75/585 495/77/586 494/74/582
f 495/77/587 497/78/588 487/79/571 494/74/589
f 488/68/574 494/74/589 487/66/571
f 493/75/585 554/80/590 496/81/591 495/77/586
f 498/82/592 497/78/588 495/77/587 496/81/593
f 498/82/592 496/81/593 500/83/594 499/84/595
f 499/84/595 500/83/594 502/85/596 501/86/597
f 502/85/596 504/87/598 503/88/599 501/86/597
f 501/86/597 503/88/599 505/89/600
f 507/90/601 506/91/602 503/88/603 504/87/604
f 506/91/602 508/92/605 505/89/606 503/88/603
f 510/93/607 509/94/608 506/91/609 507/90/610
f 509/95/608 508/92/611 506/91/609
f 511/96/612 509/94/608 510/93/607 513/97/613
f 512/98/614 511/96/612 513/97/613 554/80/615
f 512/98/614 554/80/615 493/75/583 514/76/584
f 515/99/616 514/100/584 490/71/578 481/60/561
f 514/100/584 515/99/616 516/101/617 512/102/614
f 517/103/618 511/104/612 512/102/614 516/101/617
f 511/104/612 517/103/618 434/105/619 509/106/608
f 465/107/620 464/108/533 434/109/619 517/110/618
f 516/111/617 466/112/621 465/107/620 517/110/618
f 467/113/541 466/112/621 516/111/617 515/114/616
f 467/113/541 515/114/616 481/56/561 468/37/538
f 464/115/533 462/116/535 518/117/622
f 433/118/623 434/109/619 464/108/533 518/117/622 519/119/624
f 519/119/625 518/117/626 520/18/627 449/17/628
f 518/117/626 462/116/529 460/120/532 520/18/627
f 451/19/517 520/18/516 460/120/527
f 433/118/623 519/119/624 521/121/629 435/122/630
f 521/121/631 519/119/625 449/17/628 523/16/632
f 435/122/630 521/121/629 522/123/633 436/124/634
f 522/123/635 521/121/631 523/16/632 524/125/636
f 446/15/513 445/126/637 524/125/638 523/16/514
f 445/126/637 444/127/639 525/128/640 524/125/638
f 527/129/641 522/123/635 524/125/636 525/128/642
f 444/127/639 443/130/643 526/131/644 525/128/640
f 528/132/645 527/129/641 525/128/642 526/131/646
f 436/124/634 522/123/633 527/129/647 437/133/648
f 437/133/648 527/129/647 528/132/649 438/134/650
f 438/134/650 528/132/649 529/135/651 439/136/652
f 529/135/653 528/132/645 526/131/646 530/137/654
f 551/138/655 552/139/656 553/140/656 550/141/657
f 552/139/658 551/138/659 439/142/652 440/143/660
f 443/130/643 442/144/661 530/137/662 526/131/644
f 509/106/608 434/105/619 433/145/623 534/146/663 533/147/664
f 509/106/608 533/147/664 508/148/611
f 533/147/665 534/146/666 536/149/667 535/150/668
f 508/148/605 533/147/665 535/150/668 505/151/606
f 501/152/597 535/150/669 536/149/670 447/153/509 537/13/512
f 501/154/597 505/151/600 535/150/669
f 499/155/595 501/152/597 537/13/512 538/156/671
f 538/156/671 539/157/672 498/158/592 499/155/595
f 448/12/511 453/22/520 538/156/671 537/13/512
f 539/157/672 538/156/671 453/22/520 457/23/521
f 540/159/673 539/157/672 457/23/521 541/27/525
f 497/160/588 498/158/592 539/157/672 540/159/673
f 540/159/673 476/64/554 487/66/571 497/160/588
f 540/159/673 541/27/525 476/64/554
f 476/63/554 541/27/525 456/26/524
f 446/161/513 447/153/509 536/149/670 542/162/674
f 534/146/666 544/163/675 542/162/676 536/149/667
f 543/164/677 445/165/637 446/161/513 542/162/674
f 544/163/675 545/166/678 543/164/679 542/162/676
f 545/166/680 544/163/681 435/167/630 436/168/634
f 435/167/630 544/163/681 534/146/663 433/145/623
f 546/169/682 545/166/680 436/168/634 437/170/648
f 545/166/678 546/169/683 548/171/684 543/164/679
f 547/172/685 546/169/682 437/170/648 438/173/650
f 546/169/683 547/172/686 549/174/687 548/171/684
f 549/174/688 443/175/643 444/176/639 548/171/689
f 548/171/689 444/176/639 445/165/637 543/164/677
f 442/177/661 443/175/643 549/174/688 550/141/690
f 547/172/686 551/138/655 550/141/657 549/174/687
f 441/178/691 531/140/692 530/137/662 442/144/661
f 553/140/693 441/178/691 442/177/661 550/141/690
f 529/135/651 532/139/694 440/143/660 439/136/652
f 439/142/652 551/138/659 547/172/685 438/173/650
f 513/97/695 510/93/696 502/85/697 500/83/698
f 554/80/590 513/97/695 500/83/698 496/81/591
f 510/93/696 507/90/601 504/87/604 502/85/697
f 557/179/699 471/40/542 473/44/545 555/49/700
f 558/180/701 557/179/699 555/49/700 556/181/702
f 454/182/518 556/181/703 555/49/552 458/48/523
f 465/183/620 466/184/621 557/179/704 558/180/705
f 471/40/540 557/179/704 466/184/621 467/41/541
f 559/185/706 464/34/533 465/183/620 558/180/705
f 559/185/707 558/180/701 556/181/702 561/186/708
f 464/34/533 559/185/706 560/187/709 463/33/534
f 560/187/710 559/185/707 561/186/708 562/188/711
f 451/189/517 461/31/528 562/188/712 561/186/713
f 561/186/713 556/181/703 454/182/518 451/189/517
f 463/33/530 560/187/710 562/188/711 461/31/531
f 532/139/714 529/135/653 530/137/654 531/140/714
f 577/10/98 580/11/99 578/12/100
f 578/12/100 667/13/101 577/14/98
f 577/10/98 576/15/102 653/16/103 579/17/104
f 577/10/98 579/17/104 650/18/105 581/19/106 580/11/99
f 584/20/107 582/21/108 580/11/99 581/19/106
f 582/21/108 583/22/109 578/12/100 580/11/99
f 587/23/110 583/22/109 582/21/108 585/24/111
f 585/24/111 582/21/108 584/20/107 588/25/112
f 585/24/111 586/26/113 671/27/114 587/23/110
f 589/28/115 586/26/113 585/24/111 588/25/112
f 581/29/106 590/30/116 591/31/117
f 592/32/118 593/33/119 591/31/120 590/30/121
f 594/34/122 593/33/123 592/32/124
f 609/35/125 599/36/126 598/37/127
f 599/36/126 600/38/128 598/39/127
f 600/38/128 601/40/129 597/41/130 598/42/127
f 601/40/131 600/38/132 602/43/133 603/44/715
f 600/38/132 599/36/135 604/45/136 602/43/133
f 602/43/137 605/46/138 589/47/115 603/44/139
f 604/45/140 605/46/138 602/43/137
f 603/44/139 589/47/115 588/48/112 685/49/141
f 607/50/142 605/51/138 604/45/140
f 589/28/115 605/52/138 606/53/143 586/26/113
f 608/54/144 606/53/143 605/52/138 607/50/142
f 599/36/135 609/35/145 607/50/146 604/45/136
f 609/35/145 610/55/147 608/54/148 607/50/146
f 610/55/149 609/35/125 598/37/127 611/56/150
f 612/57/151 610/55/149 611/58/150
f 610/55/147 612/57/152 614/59/153 608/54/148
f 611/60/150 613/61/154 612/57/151
f 612/57/152 613/61/155 615/62/156 614/59/153
f 614/59/157 606/53/143 608/54/144
f 606/63/143 614/59/157 615/62/158
f 606/64/143 615/62/158 616/65/159 617/66/160
f 613/61/155 619/67/161 616/65/162 615/62/156
f 616/65/159 618/68/163 617/66/160
f 619/67/161 621/69/164 618/68/165 616/65/162
f 619/67/166 620/70/167 621/69/168
f 611/60/150 620/71/167 619/67/166 613/61/154
f 621/69/168 620/72/167 622/73/169
f 621/69/164 622/73/170 624/74/171 618/68/165
f 623/75/172 622/73/169 620/72/167 644/76/173
f 622/73/170 623/75/174 625/77/175 624/74/171
f 625/77/176 627/78/177 617/79/160 624/74/178
f 618/68/163 624/74/178 617/66/160
f 623/75/174 684/80/179 626/81/716 625/77/175
f 628/82/181 627/78/177 625/77/176 626/81/182
f 628/82/181 626/81/182 630/83/183 629/84/184
f 629/84/184 630/83/183 632/85/185 631/86/186
f 632/85/185 634/87/187 633/88/188 631/86/186
f 631/86/186 633/88/188 635/89/189
f 637/90/190 636/91/191 633/88/192 634/87/193
f 636/91/191 638/92/194 635/89/195 633/88/192
f 640/93/196 639/94/197 636/91/198 637/90/199
f 639/95/197 638/92/200 636/91/198
f 641/96/201 639/94/197 640/93/196 643/97/202
f 642/98/203 641/96/201 643/97/202 684/80/204
f 642/98/203 684/80/204 623/75/172 644/76/173
f 645/99/205 644/100/173 620/71/167 611/60/150
f 644/100/173 645/99/205 646/101/206 642/102/203
f 647/103/207 641/104/201 642/102/203 646/101/206
f 641/104/201 647/103/207 564/105/208 639/106/197
f 595/107/209 594/108/122 564/109/208 647/110/207
f 646/111/206 596/112/210 595/107/209 647/110/207
f 597/113/130 596/112/210 646/111/206 645/114/205
f 597/113/130 645/114/205 611/56/150 598/37/127
f 594/115/122 592/116/124 648/117/211
f 563/118/212 564/109/208 594/108/122 648/117/211 649/119/213
f 649/119/214 648/117/215 650/18/216 579/17/217
f 648/117/215 592/116/118 590/120/121 650/18/216
f 581/19/106 650/18/105 590/120/116
f 563/118/212 649/119/213 651/121/218 565/122/219
f 651/121/220 649/119/214 579/17/217 653/16/221
f 565/122/219 651/121/218 652/123/222 566/124/223
f 652/123/224 651/121/220 653/16/221 654/125/225
f 576/15/102 575/126/226 654/125/227 653/16/103
f 575/126/226 574/127/228 655/128/229 654/125/227
f 657/129/230 652/123/224 654/125/225 655/128/231
f 574/127/228 573/130/232 656/131/233 655/128/229
f 658/132/234 657/129/230 655/128/231 656/131/235
f 566/124/223 652/123/222 657/129/236 567/133/237
f 567/133/237 657/129/236 658/132/238 568/134/239
f 568/134/239 658/132/238 659/135/240 569/136/241
f 659/135/242 658/132/234 656/131/235 660/137/243
f 681/138/244 682/139/717 683/140/717 680/141/246
f 682/139/718 681/138/248 569/142/241 570/143/719
f 573/130/232 572/144/250 660/137/251 656/131/233
f 639/106/197 564/105/208 563/145/212 664/146/252 663/147/253
f 639/106/197 663/147/253 638/148/200
f 663/147/254 664/146/255 666/149/256 665/150/257
f 638/148/194 663/147/254 665/150/257 635/151/195
f 631/152/186 665/150/258 666/149/259 577/153/98 667/13/101
f 631/154/186 635/151/189 665/150/258
f 629/155/184 631/152/186 667/13/101 668/156/260
f 668/156/260 669/157/261 628/158/181 629/155/184
f 578/12/100 583/22/109 668/156/260 667/13/101
f 669/157/261 668/156/260 583/22/109 587/23/110
f 670/159/262 669/157/261 587/23/110 671/27/114
f 627/160/177 628/158/181 669/157/261 670/159/262
f 670/159/262 606/64/143 617/66/160 627/160/177
f 670/159/262 671/27/114 606/64/143
f 606/63/143 671/27/114 586/26/113
f 576/161/102 577/153/98 666/149/259 672/162/263
f 664/146/255 674/163/264 672/162/720 666/149/256
f 673/164/266 575/165/226 576/161/102 672/162/263
f 674/163/264 675/166/267 673/164/268 672/162/720
f 675/166/269 674/163/270 565/167/219 566/168/223
f 565/167/219 674/163/270 664/146/252 563/145/212
f 676/169/271 675/166/269 566/168/223 567/170/237
f 675/166/267 676/169/272 678/171/273 673/164/268
f 677/172/274 676/169/271 567/170/237 568/173/239
f 676/169/272 677/172/275 679/174/276 678/171/273
f 679/174/277 573/175/232 574/176/228 678/171/278
f 678/171/278 574/176/228 575/165/226 673/164/266
f 572/177/250 573/175/232 679/174/277 680/141/279
f 677/172/275 681/138/244 680/141/246 679/174/276
f 571/178/280 661/140/281 660/137/251 572/144/250
f 683/140/282 571/178/280 572/177/250 680/141/279
f 659/135/240 662/139/283 570/143/719 569/136/241
f 569/142/241 681/138/248 677/172/274 568/173/239
f 643/97/284 640/93/285 632/85/286 630/83/287
f 684/80/179 643/97/284 630/83/287 626/81/716
f 640/93/285 637/90/190 634/87/193 632/85/286
f 687/179/721 601/40/131 603/44/715 685/49/289
f 688/180/290 687/179/721 685/49/289 686/181/291
f 584/182/107 686/181/292 685/49/141 588/48/112
f 595/183/209 596/184/210 687/179/293 688/180/294
f 601/40/129 687/179/293 596/184/210 597/41/130
f 689/185/295 594/34/122 595/183/209 688/180/294
f 689/185/296 688/180/290 686/181/291 691/186/297
f 594/34/122 689/185/295 690/187/298 593/33/123
f 690/187/299 689/185/296 691/186/297 692/188/300
f 581/189/106 591/31/117 692/188/301 691/186/302
f 691/186/302 686/181/292 584/182/107 581/189/106
f 593/33/119 690/187/299 692/188/300 591/31/120
f 662/139/303 659/135/242 660/137/243 661/140/303
f 707/10/304 710/11/305 708/12/306
f 708/12/306 797/13/307 707/14/304
f 707/10/304 706/15/308 783/16/309 709/17/310
f 707/10/304 709/17/310 780/18/311 711/19/312 710/11/305
f 714/20/313 712/21/314 710/11/305 711/19/312
f 712/21/314 713/22/315 708/12/306 710/11/305
f 717/23/316 713/22/315 712/21/314 715/24/317
f 715/24/317 712/21/314 714/20/313 718/25/318
f 715/24/317 716/26/319 801/27/320 717/23/316
f 719/28/321 716/26/319 715/24/317 718/25/318
f 711/29/312 720/30/322 721/31/323
f 722/32/324 723/33/325 721/31/326 720/30/327
f 724/34/328 723/33/329 722/32/330
f 739/35/331 729/36/332 728/37/333
f 729/36/332 730/38/334 728/39/333
f 730/38/334 731/40/335 727/41/336 728/42/333
f 731/40/337 730/38/338 732/43/338 733/44/722
f 730/38/338 729/36/340 734/45/341 732/43/338
f 732/43/342 735/46/343 719/47/321 733/44/344
f 734/45/345 735/46/343 732/43/342
f 733/44/344 719/47/321 718/48/318 815/49/346
f 737/50/347 735/51/343 734/45/345
f 719/28/321 735/52/343 736/53/348 716/26/319
f 738/54/349 736/53/348 735/52/343 737/50/347
f 729/36/340 739/35/350 737/50/351 734/45/341
f 739/35/350 740/55/352 738/54/353 737/50/351
f 740/55/354 739/35/331 728/37/333 741/56/355
f 742/57/356 740/55/354 741/58/355
f 740/55/352 742/57/357 744/59/358 738/54/353
f 741/60/355 743/61/359 742/57/356
f 742/57/357 743/61/360 745/62/361 744/59/358
f 744/59/362 736/53/348 738/54/349
f 736/63/348 744/59/362 745/62/363
f 736/64/348 745/62/363 746/65/364 747/66/365
f 743/61/360 749/67/366 746/65/367 745/62/361
f 746/65/364 748/68/368 747/66/365
f 749/67/366 751/69/369 748/68/370 746/65/367
f 749/67/371 750/70/372 751/69/373
f 741/60/355 750/71/372 749/67/371 743/61/359
f 751/69/373 750/72/372 752/73/374
f 751/69/369 752/73/375 754/74/376 748/68/370
f 753/75/377 752/73/374 750/72/372 774/76/378
f 752/73/375 753/75/379 755/77/380 754/74/376
f 755/77/381 757/78/382 747/79/365 754/74/383
f 748/68/368 754/74/383 747/66/365
f 753/75/379 814/80/384 756/81/723 755/77/380
f 758/82/386 757/78/382 755/77/381 756/81/387
f 758/82/386 756/81/387 760/83/388 759/84/389
f 759/84/389 760/83/388 762/85/390 761/86/391
f 762/85/390 764/87/392 763/88/393 761/86/391
f 761/86/391 763/88/393 765/89/394
f 767/90/395 766/91/396 763/88/397 764/87/398
f 766/91/396 768/92/399 765/89/400 763/88/397
f 770/93/401 769/94/402 766/91/403 767/90/404
f 769/95/402 768/92/405 766/91/403
f 771/96/406 769/94/402 770/93/401 773/97/407
f 772/98/408 771/96/406 773/97/407 814/80/409
f 772/98/408 814/80/409 753/75/377 774/76/378
f 775/99/410 774/100/378 750/71/372 741/60/355
f 774/100/378 775/99/410 776/101/411 772/102/408
f 777/103/412 771/104/406 772/102/408 776/101/411
f 771/104/406 777/103/412 694/105/413 769/106/402
f 725/107/414 724/108/328 694/109/413 777/110/412
f 776/111/411 726/112/415 725/107/414 777/110/412
f 727/113/336 726/112/415 776/111/411 775/114/410
f 727/113/336 775/114/410 741/56/355 728/37/333
f 724/115/328 722/116/330 778/117/416
f 693/118/417 694/109/413 724/108/328 778/117/416 779/119/418
f 779/119/419 778/117/420 780/18/421 709/17/422
f 778/117/420 722/116/324 720/120/327 780/18/421
f 711/19/312 780/18/311 720/120/322
f 693/118/417 779/119/418 781/121/423 695/122/424
f 781/121/425 779/119/419 709/17/422 783/16/426
f 695/122/424 781/121/423 782/123/427 696/124/428
f 782/123/429 781/121/425 783/16/426 784/125/430
f 706/15/308 705/126/431 784/125/432 783/16/309
f 705/126/431 704/127/433 785/128/434 784/125/432
f 787/129/435 782/123/429 784/125/430 785/128/436
f 704/127/433 703/130/437 786/131/438 785/128/434
f 788/132/439 787/129/435 785/128/436 786/131/440
f 696/124/428 782/123/427 787/129/441 697/133/442
f 697/133/442 787/129/441 788/132/443 698/134/444
f 698/134/444 788/132/443 789/135/445 699/136/446
f 789/135/447 788/132/439 786/131/440 790/137/448
f 811/138/449 812/139/450 813/140/450 810/141/451
f 812/139/452 811/138/453 699/142/446 700/143/454
f 703/130/437 702/144/455 790/137/456 786/131/438
f 769/106/402 694/105/413 693/145/417 794/146/457 793/147/458
f 769/106/402 793/147/458 768/148/405
f 793/147/459 794/146/460 796/149/461 795/150/462
f 768/148/399 793/147/459 795/150/462 765/151/400
f 761/152/391 795/150/463 796/149/464 707/153/304 797/13/307
f 761/154/391 765/151/394 795/150/463
f 759/155/389 761/152/391 797/13/307 798/156/465
f 798/156/465 799/157/466 758/158/386 759/155/389
f 708/12/306 713/22/315 798/156/465 797/13/307
f 799/157/466 798/156/465 713/22/315 717/23/316
f 800/159/467 799/157/466 717/23/316 801/27/320
f 757/160/382 758/158/386 799/157/466 800/159/467
f 800/159/467 736/64/348 747/66/365 757/160/382
f 800/159/467 801/27/320 736/64/348
f 736/63/348 801/27/320 716/26/319
f 706/161/308 707/153/304 796/149/464 802/162/468
f 794/146/460 804/163/469 802/162/470 796/149/461
f 803/164/471 705/165/431 706/161/308 802/162/468
f 804/163/469 805/166/472 803/164/473 802/162/470
f 805/166/474 804/163/475 695/167/424 696/168/428
f 695/167/424 804/163/475 794/146/457 693/145/417
f 806/169/476 805/166/474 696/168/428 697/170/442
f 805/166/472 806/169/477 808/171/478 803/164/473
f 807/172/479 806/169/476 697/170/442 698/173/444
f 806/169/477 807/172/480 809/174/481 808/171/478
f 809/174/482 703/175/437 704/176/433 808/171/483
f 808/171/483 704/176/433 705/165/431 803/164/471
f 702/177/455 703/175/437 809/174/482 810/141/484
f 807/172/480 811/138/449 810/141/451 809/174/481
f 701/178/485 791/140/486 790/137/456 702/144/455
f 813/140/487 701/178/485 702/177/455 810/141/484
f 789/135/445 792/139/488 700/143/454 699/136/446
f 699/142/446 811/138/453 807/172/479 698/173/444
f 773/97/489 770/93/490 762/85/491 760/83/492
f 814/80/384 773/97/489 760/83/492 756/81/723
f 770/93/490 767/90/395 764/87/398 762/85/491
f 817/179/493 731/40/337 733/44/722 815/49/494
f 818/180/495 817/179/493 815/49/494 816/181/496
f 714/182/313 816/181/497 815/49/346 718/48/318
f 725/183/414 726/184/415 817/179/498 818/180/499
f 731/40/335 817/179/498 726/184/415 727/41/336
f 819/185/500 724/34/328 725/183/414 818/180/499
f 819/185/501 818/180/495 816/181/496 821/186/502
f 724/34/328 819/185/500 820/187/503 723/33/329
f 820/187/504 819/185/501 821/186/502 822/188/505
f 711/189/312 721/31/323 822/188/506 821/186/507
f 821/186/507 816/181/497 714/182/313 711/189/312
f 723/33/325 820/187/504 822/188/505 721/31/326
f 792/139/508 789/135/447 790/137/448 791/140/508
f 837/10/509 840/11/510 838/12/511
f 838/12/511 927/13/512 837/14/509
f 837/10/509 836/15/513 913/16/514 839/17/515
f 837/10/509 839/17/515 910/18/516 841/19/517 840/11/510
f 844/20/518 842/21/519 840/11/510 841/19/517
f 842/21/519 843/22/520 838/12/511 840/11/510
f 847/23/521 843/22/520 842/21/519 845/24/522
f 845/24/522 842/21/519 844/20/518 848/25/523
f 845/24/522 846/26/524 931/27/525 847/23/521
f 849/28/526 846/26/524 845/24/522 848/25/523
f 841/29/517 850/30/527 851/31/528
f 852/32/529 853/33/530 851/31/531 850/30/532
f 854/34/533 853/33/534 852/32/724
f 869/35/536 859/36/537 858/37/538
f 859/36/537 860/38/539 858/39/538
f 860/38/539 861/40/540 857/41/541 858/42/538
f 861/40/542 860/38/543 862/43/544 863/44/545
f 860/38/543 859/36/546 864/45/547 862/43/544
f 862/43/548 865/46/549 849/47/526 863/44/550
f 864/45/551 865/46/549 862/43/548
f 863/44/550 849/47/526 848/48/523 945/49/552
f 867/50/553 865/51/549 864/45/551
f 849/28/526 865/52/549 866/53/554 846/26/524
f 868/54/725 866/53/554 865/52/549 867/50/553
f 859/36/546 869/35/556 867/50/557 864/45/547
f 869/35/556 870/55/558 868/54/559 867/50/557
f 870/55/560 869/35/536 858/37/538 871/56/561
f 872/57/562 870/55/560 871/58/561
f 870/55/558 872/57/563 874/59/564 868/54/559
f 871/60/561 873/61/565 872/57/562
f 872/57/563 873/61/566 875/62/567 874/59/564
f 874/59/568 866/53/554 868/54/725
f 866/63/554 874/59/568 875/62/569
f 866/64/554 875/62/569 876/65/570 877/66/571
f 873/61/566 879/67/572 876/65/573 875/62/567
f 876/65/570 878/68/574 877/66/571
f 879/67/572 881/69/575 878/68/576 876/65/573
f 879/67/577 880/70/578 881/69/579
f 871/60/561 880/71/578 879/67/577 873/61/565
f 881/69/579 880/72/578 882/73/580
f 881/69/575 882/73/581 884/74/582 878/68/576
f 883/75/583 882/73/580 880/72/578 904/76/584
f 882/73/581 883/75/585 885/77/586 884/74/582
f 885/77/587 887/78/588 877/79/571 884/74/589
f 878/68/574 884/74/589 877/66/571
f 883/75/585 944/80/590 886/81/591 885/77/586
f 888/82/592 887/78/588 885/77/587 886/81/593
f 888/82/592 886/81/593 890/83/594 889/84/595
f 889/84/595 890/83/594 892/85/596 891/86/597
f 892/85/596 894/87/598 893/88/599 891/86/597
f 891/86/597 893/88/599 895/89/600
f 897/90/601 896/91/726 893/88/603 894/87/604
f 896/91/726 898/92/605 895/89/606 893/88/603
f 900/93/607 899/94/608 896/91/609 897/90/610
f 899/95/608 898/92/611 896/91/609
f 901/96/727 899/94/608 900/93/607 903/97/613
f 902/98/614 901/96/727 903/97/613 944/80/615
f 902/98/614 944/80/615 883/75/583 904/76/584
f 905/99/616 904/100/584 880/71/578 871/60/561
f 904/100/584 905/99/616 906/101/617 902/102/614
f 907/103/618 901/104/727 902/102/614 906/101/617
f 901/104/727 907/103/618 824/105/619 899/106/608
f 855/107/620 854/108/533 824/109/619 907/110/618
f 906/111/617 856/112/621 855/107/620 907/110/618
f 857/113/541 856/112/621 906/111/617 905/114/616
f 857/113/541 905/114/616 871/56/561 858/37/538
f 854/115/533 852/116/724 908/117/622
f 823/118/623 824/109/619 854/108/533 908/117/622 909/119/624
f 909/119/625 908/117/626 910/18/627 839/17/628
f 908/117/626 852/116/529 850/120/532 910/18/627
f 841/19/517 910/18/516 850/120/527
f 823/118/623 909/119/624 911/121/728 825/122/630
f 911/121/631 909/119/625 839/17/628 913/16/632
f 825/122/630 911/121/728 912/123/633 826/124/634
f 912/123/635 911/121/631 913/16/632 914/125/636
f 836/15/513 835/126/637 914/125/638 913/16/514
f 835/126/637 834/127/639 915/128/640 914/125/638
f 917/129/641 912/123/635 914/125/636 915/128/642
f 834/127/639 833/130/643 916/131/729 915/128/640
f 918/132/645 917/129/641 915/128/642 916/131/646
f 826/124/634 912/123/633 917/129/647 827/133/648
f 827/133/648 917/129/647 918/132/649 828/134/650
f 828/134/650 918/132/649 919/135/651 829/136/652
f 919/135/653 918/132/645 916/131/646 920/137/654
f 941/138/655 942/139/656 943/140/656 940/141/657
f 942/139/658 941/138/659 829/142/652 830/143/660
f 833/130/643 832/144/661 920/137/662 916/131/729
f 899/106/608 824/105/619 823/145/623 924/146/663 923/147/664
f 899/106/608 923/147/664 898/148/611
f 923/147/665 924/146/666 926/149/667 925/150/668
f 898/148/605 923/147/665 925/150/668 895/151/606
f 891/152/597 925/150/669 926/149/670 837/153/509 927/13/512
f 891/154/597 895/151/600 925/150/669
f 889/155/595 891/152/597 927/13/512 928/156/671
f 928/156/671 929/157/672 888/158/592 889/155/595
f 838/12/511 843/22/520 928/156/671 927/13/512
f 929/157/672 928/156/671 843/22/520 847/23/521
f 930/159/673 929/157/672 847/23/521 931/27/525
f 887/160/588 888/158/592 929/157/672 930/159/673
f 930/159/673 866/64/554 877/66/571 887/160/588
f 930/159/673 931/27/525 866/64/554
f 866/63/554 931/27/525 846/26/524
f 836/161/513 837/153/509 926/149/670 932/162/674
f 924/146/666 934/163/675 932/162/676 926/149/667
f 933/164/677 835/165/637 836/161/513 932/162/674
f 934/163/675 935/166/678 933/164/679 932/162/676
f 935/166/680 934/163/681 825/167/630 826/168/634
f 825/167/630 934/163/681 924/146/663 823/145/623
f 936/169/682 935/166/680 826/168/634 827/170/648
f 935/166/678 936/169/683 938/171/684 933/164/679
f 937/172/685 936/169/682 827/170/648 828/173/650
f 936/169/683 937/172/686 939/174/687 938/171/684
f 939/174/688 833/175/643 834/176/639 938/171/689
f 938/171/689 834/176/639 835/165/637 933/164/677
f 832/177/661 833/175/643 939/174/688 940/141/690
f 937/172/686 941/138/655 940/141/657 939/174/687
f 831/178/691 921/140/692 920/137/662 832/144/661
f 943/140/693 831/178/691 832/177/661 940/141/690
f 919/135/651 922/139/694 830/143/660 829/136/652
f 829/142/652 941/138/659 937/172/685 828/173/650
f 903/97/695 900/93/696 892/85/697 890/83/698
f 944/80/590 903/97/695 890/83/698 886/81/591
f 900/93/696 897/90/601 894/87/604 892/85/697
f 947/179/730 861/40/542 863/44/545 945/49/700
f 948/180/701 947/179/730 945/49/700 946/181/702
f 844/182/518 946/181/703 945/49/552 848/48/523
f 855/183/620 856/184/621 947/179/704 948/180/705
f 861/40/540 947/179/704 856/184/621 857/41/541
f 949/185/731 854/34/533 855/183/620 948/180/705
f 949/185/707 948/180/701 946/181/702 951/186/708
f 854/34/533 949/185/731 950/187/709 853/33/534
f 950/187/710 949/185/707 951/186/708 952/188/711
f 841/189/517 851/31/528 952/188/712 951/186/713
f 951/186/713 946/181/703 844/182/518 841/189/517
f 853/33/530 950/187/710 952/188/711 851/31/531
f 922/139/714 919/135/653 920/137/654 921/140/714
f 967/10/732 970/11/99 968/12/100
f 968/12/100 1057/13/101 967/14/732
f 967/10/732 966/15/733 1043/16/734 969/17/104
f 967/10/732 969/17/104 1040/18/105 971/19/106 970/11/99
f 974/20/107 972/21/108 970/11/99 971/19/106
f 972/21/108 973/22/109 968/12/100 970/11/99
f 977/23/110 973/22/109 972/21/108 975/24/111
f 975/24/111 972/21/108 974/20/107 978/25/112
f 975/24/111 976/26/113 1061/27/114 977/23/110
f 979/28/115 976/26/113 975/24/111 978/25/112
f 971/29/106 980/30/116 981/31/117
f 982/32/118 983/33/119 981/31/120 980/30/121
f 984/34/122 983/33/123 982/32/124
f 999/35/125 989/36/126 988/37/127
f 989/36/126 990/38/128 988/39/127
f 990/38/128 991/40/129 987/41/130 988/42/127
f 991/40/131 990/38/132 992/43/133 993/44/134
f 990/38/132 989/36/135 994/45/136 992/43/133
f 992/43/137 995/46/138 979/47/115 993/44/139
f 994/45/140 995/46/138 992/43/137
f 993/44/139 979/47/115 978/48/112 1075/49/141
f 997/50/142 995/51/138 994/45/140
f 979/28/115 995/52/138 996/53/143 976/26/113
f 998/54/144 996/53/143 995/52/138 997/50/142
f 989/36/135 999/35/145 997/50/146 994/45/136
f 999/35/145 1000/55/147 998/54/148 997/50/146
f 1000/55/149 999/35/125 988/37/127 1001/56/150
f 1002/57/151 1000/55/149 1001/58/150
f 1000/55/147 1002/57/152 1004/59/153 998/54/148
f 1001/60/150 1003/61/735 1002/57/151
f 1002/57/152 1003/61/155 1005/62/156 1004/59/153
f 1004/59/157 996/53/143 998/54/144
f 996/63/143 1004/59/157 1005/62/158
f 996/64/143 1005/62/158 1006/65/159 1007/66/160
f 1003/61/155 1009/67/161 1006/65/162 1005/62/156
f 1006/65/159 1008/68/163 1007/66/160
f 1009/67/161 1011/69/164 1008/68/165 1006/65/162
f 1009/67/736 1010/70/167 1011/69/168
f 1001/60/150 1010/71/167 1009/67/736 1003/61/735
f 1011/69/168 1010/72/167 1012/73/169
f 1011/69/164 1012/73/170 1014/74/171 1008/68/165
f 1013/75/172 1012/73/169 1010/72/167 1034/76/173
f 1012/73/170 1013/75/174 1015/77/175 1014/74/171
f 1015/77/176 1017/78/177 1007/79/160 1014/74/178
f 1008/68/163 1014/74/178 1007/66/160
f 1013/75/174 1074/80/179 1016/81/716 1015/77/175
f 1018/82/181 1017/78/177 1015/77/176 1016/81/182
f 1018/82/181 1016/81/182 1020/83/183 1019/84/184
f 1019/84/184 1020/83/183 1022/85/185 1021/86/186
f 1022/85/185 1024/87/187 1023/88/188 1021/86/186
f 1021/86/186 1023/88/188 1025/89/189
f 1027/90/190 1026/91/191 1023/88/192 1024/87/193
f 1026/91/191 1028/92/194 1025/89/195 1023/88/192
f 1030/93/196 1029/94/197 1026/91/198 1027/90/199
f 1029/95/197 1028/92/200 1026/91/198
f 1031/96/201 1029/94/197 1030/93/196 1033/97/202
f 1032/98/203 1031/96/201 1033/97/202 1074/80/204
f 1032/98/203 1074/80/204 1013/75/172 1034/76/173
f 1035/99/205 1034/100/173 1010/71/167 1001/60/150
f 1034/100/173 1035/99/205 1036/101/206 1032/102/203
f 1037/103/207 1031/104/201 1032/102/203 1036/101/206
f 1031/104/201 1037/103/207 954/105/208 1029/106/197
f 985/107/209 984/108/122 954/109/208 1037/110/207
f 1036/111/206 986/112/210 985/107/209 1037/110/207
f 987/113/130 986/112/210 1036/111/206 1035/114/205
f 987/113/130 1035/114/205 1001/56/150 988/37/127
f 984/115/122 982/116/124 1038/117/211
f 953/118/212 954/109/208 984/108/122 1038/117/211 1039/119/213
f 1039/119/214 1038/117/215 1040/18/216 969/17/217
f 1038/117/215 982/116/118 980/120/121 1040/18/216
f 971/19/106 1040/18/105 980/120/116
f 953/118/212 1039/119/213 1041/121/218 955/122/219
f 1041/121/220 1039/119/214 969/17/217 1043/16/221
f 955/122/219 1041/121/218 1042/123/222 956/124/223
f 1042/123/224 1041/121/220 1043/16/221 1044/125/225
f 966/15/733 965/126/226 1044/125/227 1043/16/734
f 965/126/226 964/127/228 1045/128/737 1044/125/227
f 1047/129/230 1042/123/224 1044/125/225 1045/128/231
f 964/127/228 963/130/232 1046/131/738 1045/128/737
f 1048/132/234 1047/129/230 1045/128/231 1046/131/235
f 956/124/223 1042/123/222 1047/129/236 957/133/237
f 957/133/237 1047/129/236 1048/132/238 958/134/239
f 958/134/239 1048/132/238 1049/135/240 959/136/241
f 1049/135/242 1048/132/234 1046/131/235 1050/137/243
f 1071/138/244 1072/139/245 1073/140/245 1070/141/246
f 1072/139/247 1071/138/248 959/142/241 960/143/249
f 963/130/232 962/144/250 1050/137/251 1046/131/738
f 1029/106/197 954/105/208 953/145/212 1054/146/252 1053/147/253
f 1029/106/197 1053/147/253 1028/148/200
f 1053/147/254 1054/146/255 1056/149/256 1055/150/257
f 1028/148/194 1053/147/254 1055/150/257 1025/151/195
f 1021/152/186 1055/150/258 1056/149/739 967/153/732 1057/13/101
f 1021/154/186 1025/151/189 1055/150/258
f 1019/155/184 1021/152/186 1057/13/101 1058/156/260
f 1058/156/260 1059/157/261 1018/158/181 1019/155/184
f 968/12/100 973/22/109 1058/156/260 1057/13/101
f 1059/157/261 1058/156/260 973/22/109 977/23/110
f 1060/159/262 1059/157/261 977/23/110 1061/27/114
f 1017/160/177 1018/158/181 1059/157/261 1060/159/262
f 1060/159/262 996/64/143 1007/66/160 1017/160/177
f 1060/159/262 1061/27/114 996/64/143
f 996/63/143 1061/27/114 976/26/113
f 966/161/733 967/153/732 1056/149/739 1062/162/263
f 1054/146/255 1064/163/264 1062/162/265 1056/149/256
f 1063/164/266 965/165/226 966/161/733 1062/162/263
f 1064/163/264 1065/166/267 1063/164/268 1062/162/265
f 1065/166/269 1064/163/270 955/167/219 956/168/223
f 955/167/219 1064/163/270 1054/146/252 953/145/212
f 1066/169/271 1065/166/269 956/168/223 957/170/237
f 1065/166/267 1066/169/272 1068/171/273 1063/164/268
f 1067/172/274 1066/169/271 957/170/237 958/173/239
f 1066/169/272 1067/172/275 1069/174/276 1068/171/273
f 1069/174/277 963/175/232 964/176/228 1068/171/278
f 1068/171/278 964/176/228 965/165/226 1063/164/266
f 962/177/250 963/175/232 1069/174/277 1070/141/279
f 1067/172/275 1071/138/244 1070/141/246 1069/174/276
f 961/178/280 1051/140/281 1050/137/251 962/144/250
f 1073/140/282 961/178/280 962/177/250 1070/141/279
f 1049/135/240 1052/139/283 960/143/249 959/136/241
f 959/142/241 1071/138/248 1067/172/274 958/173/239
f 1033/97/284 1030/93/285 1022/85/286 1020/83/287
f 1074/80/179 1033/97/284 1020/83/287 1016/81/716
f 1030/93/285 1027/90/190 1024/87/193 1022/85/286
f 1077/179/288 991/40/131 993/44/134 1075/49/289
f 1078/180/290 1077/179/288 1075/49/289 1076/181/291
f 974/182/107 1076/181/292 1075/49/141 978/48/112
f 985/183/209 986/184/210 1077/179/293 1078/180/294
f 991/40/129 1077/179/293 986/184/210 987/41/130
f 1079/185/295 984/34/122 985/183/209 1078/180/294
f 1079/185/296 1078/180/290 1076/181/291 1081/186/297
f 984/34/122 1079/185/295 1080/187/740 983/33/123
f 1080/187/299 1079/185/296 1081/186/297 1082/188/300
f 971/189/106 981/31/117 1082/188/301 1081/186/302
f 1081/186/302 1076/181/292 974/182/107 971/189/106
f 983/33/119 1080/187/299 1082/188/300 981/31/120
f 1052/139/303 1049/135/242 1050/137/243 1051/140/303
f 1097/10/304 1100/11/305 1098/12/306
f 1098/12/306 1187/13/307 1097/14/304
f 1097/10/304 1096/15/741 1173/16/309 1099/17/310
f 1097/10/304 1099/17/310 1170/18/311 1101/19/312 1100/11/305
f 1104/20/313 1102/21/314 1100/11/305 1101/19/312
f 1102/21/314 1103/22/315 1098/12/306 1100/11/305
f 1107/23/316 1103/22/315 1102/21/314 1105/24/317
f 1105/24/317 1102/21/314 1104/20/313 1108/25/318
f 1105/24/317 1106/26/319 1191/27/320 1107/23/316
f 1109/28/321 1106/26/319 1105/24/317 1108/25/318
f 1101/29/312 1110/30/322 1111/31/323
f 1112/32/324 1113/33/325 1111/31/326 1110/30/327
f 1114/34/328 1113/33/329 1112/32/330
f 1129/35/331 1119/36/332 1118/37/333
f 1119/36/332 1120/38/334 1118/39/333
f 1120/38/334 1121/40/335 1117/41/336 1118/42/333
f 1121/40/337 1120/38/338 1122/43/338 1123/44/722
f 1120/38/338 1119/36/340 1124/45/341 1122/43/338
f 1122/43/742 1125/46/343 1109/47/321 1123/44/344
f 1124/45/743 1125/46/343 1122/43/742
f 1123/44/344 1109/47/321 1108/48/318 1205/49/346
f 1127/50/744 1125/51/343 1124/45/743
f 1109/28/321 1125/52/343 1126/53/348 1106/26/319
f 1128/54/349 1126/53/348 1125/52/343 1127/50/744
f 1119/36/340 1129/35/350 1127/50/351 1124/45/341
f 1129/35/350 1130/55/352 1128/54/353 1127/50/351
f 1130/55/745 1129/35/331 1118/37/333 1131/56/355
f 1132/57/356 1130/55/745 1131/58/355
f 1130/55/352 1132/57/357 1134/59/746 1128/54/353
f 1131/60/355 1133/61/359 1132/57/356
f 1132/57/357 1133/61/360 1135/62/747 1134/59/746
f 1134/59/362 1126/53/348 1128/54/349
f 1126/63/348 1134/59/362 1135/62/363
f 1126/64/348 1135/62/363 1136/65/364 1137/66/365
f 1133/61/360 1139/67/748 1136/65/749 1135/62/747
f 1136/65/364 1138/68/368 1137/66/365
f 1139/67/748 1141/69/369 1138/68/370 1136/65/749
f 1139/67/371 1140/70/372 1141/69/373
f 1131/60/355 1140/71/372 1139/67/371 1133/61/359
f 1141/69/373 1140/72/372 1142/73/374
f 1141/69/369 1142/73/375 1144/74/376 1138/68/370
f 1143/75/377 1142/73/374 1140/72/372 1164/76/378
f 1142/73/375 1143/75/379 1145/77/380 1144/74/376
f 1145/77/381 1147/78/382 1137/79/365 1144/74/383
f 1138/68/368 1144/74/383 1137/66/365
f 1143/75/379 1204/80/384 1146/81/385 1145/77/380
f 1148/82/386 1147/78/382 1145/77/381 1146/81/387
f 1148/82/386 1146/81/387 1150/83/388 1149/84/389
f 1149/84/389 1150/83/388 1152/85/390 1151/86/391
f 1152/85/390 1154/87/392 1153/88/393 1151/86/391
f 1151/86/391 1153/88/393 1155/89/394
f 1157/90/395 1156/91/396 1153/88/397 1154/87/398
f 1156/91/396 1158/92/399 1155/89/400 1153/88/397
f 1160/93/401 1159/94/402 1156/91/403 1157/90/404
f 1159/95/402 1158/92/405 1156/91/403
f 1161/96/406 1159/94/402 1160/93/401 1163/97/407
f 1162/98/408 1161/96/406 1163/97/407 1204/80/409
f 1162/98/408 1204/80/409 1143/75/377 1164/76/378
f 1165/99/410 1164/100/378 1140/71/372 1131/60/355
f 1164/100/378 1165/99/410 1166/101/411 1162/102/408
f 1167/103/412 1161/104/406 1162/102/408 1166/101/411
f 1161/104/406 1167/103/412 1084/105/413 1159/106/402
f 1115/107/414 1114/108/328 1084/109/413 1167/110/412
f 1166/111/411 1116/112/415 1115/107/414 1167/110/412
f 1117/113/336 1116/112/415 1166/111/411 1165/114/410
f 1117/113/336 1165/114/410 1131/56/355 1118/37/333
f 1114/115/328 1112/116/330 1168/117/416
f 1083/118/417 1084/109/413 1114/108/328 1168/117/416 1169/119/418
f 1169/119/419 1168/117/420 1170/18/421 1099/17/422
f 1168/117/420 1112/116/324 1110/120/327 1170/18/421
f 1101/19/312 1170/18/311 1110/120/322
f 1083/118/417 1169/119/418 1171/121/423 1085/122/424
f 1171/121/425 1169/119/419 1099/17/422 1173/16/426
f 1085/122/424 1171/121/423 1172/123/427 1086/124/428
f 1172/123/429 1171/121/425 1173/16/426 1174/125/430
f 1096/15/741 1095/126/431 1174/125/432 1173/16/309
f 1095/126/431 1094/127/433 1175/128/434 1174/125/432
f 1177/129/435 1172/123/429 1174/125/430 1175/128/436
f 1094/127/433 1093/130/437 1176/131/750 1175/128/434
f 1178/132/439 1177/129/435 1175/128/436 1176/131/440
f 1086/124/428 1172/123/427 1177/129/441 1087/133/442
f 1087/133/442 1177/129/441 1178/132/443 1088/134/444
f 1088/134/444 1178/132/443 1179/135/445 1089/136/446
f 1179/135/447 1178/132/439 1176/131/440 1180/137/448
f 1201/138/449 1202/139/450 1203/140/450 1200/141/451
f 1202/139/452 1201/138/453 1089/142/446 1090/143/454
f 1093/130/437 1092/144/455 1180/137/456 1176/131/750
f 1159/106/402 1084/105/413 1083/145/417 1184/146/457 1183/147/458
f 1159/106/402 1183/147/458 1158/148/405
f 1183/147/459 1184/146/460 1186/149/461 1185/150/462
f 1158/148/399 1183/147/459 1185/150/462 1155/151/400
f 1151/152/391 1185/150/463 1186/149/464 1097/153/304 1187/13/307
f 1151/154/391 1155/151/394 1185/150/463
f 1149/155/389 1151/152/391 1187/13/307 1188/156/465
f 1188/156/465 1189/157/466 1148/158/386 1149/155/389
f 1098/12/306 1103/22/315 1188/156/465 1187/13/307
f 1189/157/466 1188/156/465 1103/22/315 1107/23/316
f 1190/159/467 1189/157/466 1107/23/316 1191/27/320
f 1147/160/382 1148/158/386 1189/157/466 1190/159/467
f 1190/159/467 1126/64/348 1137/66/365 1147/160/382
f 1190/159/467 1191/27/320 1126/64/348
f 1126/63/348 1191/27/320 1106/26/319
f 1096/161/741 1097/153/304 1186/149/464 1192/162/468
f 1184/146/460 1194/163/469 1192/162/470 1186/149/461
f 1193/164/471 1095/165/431 1096/161/741 1192/162/468
f 1194/163/469 1195/166/472 1193/164/473 1192/162/470
f 1195/166/474 1194/163/475 1085/167/424 1086/168/428
f 1085/167/424 1194/163/475 1184/146/457 1083/145/417
f 1196/169/476 1195/166/474 1086/168/428 1087/170/442
f 1195/166/472 1196/169/477 1198/171/478 1193/164/473
f 1197/172/479 1196/169/476 1087/170/442 1088/173/444
f 1196/169/477 1197/172/480 1199/174/481 1198/171/478
f 1199/174/482 1093/175/437 1094/176/433 1198/171/751
f 1198/171/751 1094/176/433 1095/165/431 1193/164/471
f 1092/177/455 1093/175/437 1199/174/482 1200/141/484
f 1197/172/480 1201/138/449 1200/141/451 1199/174/481
f 1091/178/485 1181/140/486 1180/137/456 1092/144/455
f 1203/140/487 1091/178/485 1092/177/455 1200/141/484
f 1179/135/445 1182/139/488 1090/143/454 1089/136/446
f 1089/142/446 1201/138/453 1197/172/479 1088/173/444
f 1163/97/489 1160/93/490 1152/85/491 1150/83/492
f 1204/80/384 1163/97/489 1150/83/492 1146/81/385
f 1160/93/490 1157/90/395 1154/87/398 1152/85/491
f 1207/179/493 1121/40/337 1123/44/722 1205/49/494
f 1208/180/495 1207/179/493 1205/49/494 1206/181/496
f 1104/182/313 1206/181/497 1205/49/346 1108/48/318
f 1115/183/414 1116/184/415 1207/179/498 1208/180/499
f 1121/40/335 1207/179/498 1116/184/415 1117/41/336
f 1209/185/500 1114/34/328 1115/183/414 1208/180/499
f 1209/185/501 1208/180/495 1206/181/496 1211/186/502
f 1114/34/328 1209/185/500 1210/187/503 1113/33/329
f 1210/187/504 1209/185/501 1211/186/502 1212/188/505
f 1101/189/312 1111/31/323 1212/188/506 1211/186/507
f 1211/186/507 1206/181/497 1104/182/313 1101/189/312
f 1113/33/325 1210/187/504 1212/188/505 1111/31/326
f 1182/139/508 1179/135/447 1180/137/448 1181/140/508
f 1227/10/509 1230/11/510 1228/12/511
f 1228/12/511 1317/13/752 1227/14/509
f 1227/10/509 1226/15/513 1303/16/514 1229/17/515
f 1227/10/509 1229/17/515 1300/18/516 1231/19/517 1230/11/510
f 1234/20/518 1232/21/519 1230/11/510 1231/19/517
f 1232/21/519 1233/22/520 1228/12/511 1230/11/510
f 1237/23/521 1233/22/520 1232/21/519 1235/24/522
f 1235/24/522 1232/21/519 1234/20/518 1238/25/523
f 1235/24/522 1236/26/524 1321/27/525 1237/23/521
f 1239/28/526 1236/26/524 1235/24/522 1238/25/523
f 1231/29/517 1240/30/527 1241/31/528
f 1242/32/529 1243/33/530 1241/31/531 1240/30/532
f 1244/34/533 1243/33/534 1242/32/535
f 1259/35/536 1249/36/537 1248/37/538
f 1249/36/537 1250/38/539 1248/39/538
f 1250/38/539 1251/40/540 1247/41/541 1248/42/538
f 1251/40/542 1250/38/543 1252/43/544 1253/44/545
f 1250/38/543 1249/36/546 1254/45/753 1252/43/544
f 1252/43/548 1255/46/549 1239/47/526 1253/44/550
f 1254/45/551 1255/46/549 1252/43/548
f 1253/44/550 1239/47/526 1238/48/523 1335/49/552
f 1257/50/553 1255/51/549 1254/45/551
f 1239/28/526 1255/52/549 1256/53/554 1236/26/524
f 1258/54/725 1256/53/554 1255/52/549 1257/50/553
f 1249/36/546 1259/35/556 1257/50/557 1254/45/753
f 1259/35/556 1260/55/558 1258/54/559 1257/50/557
f 1260/55/560 1259/35/536 1248/37/538 1261/56/561
f 1262/57/562 1260/55/560 1261/58/561
f 1260/55/558 1262/57/563 1264/59/564 1258/54/559
f 1261/60/561 1263/61/565 1262/57/562
f 1262/57/563 1263/61/566 1265/62/567 1264/59/564
f 1264/59/568 1256/53/554 1258/54/725
f 1256/63/554 1264/59/568 1265/62/569
f 1256/64/554 1265/62/569 1266/65/570 1267/66/571
f 1263/61/566 1269/67/572 1266/65/573 1265/62/567
f 1266/65/570 1268/68/574 1267/66/571
f 1269/67/572 1271/69/575 1268/68/576 1266/65/573
f 1269/67/577 1270/70/578 1271/69/579
f 1261/60/561 1270/71/578 1269/67/577 1263/61/565
f 1271/69/579 1270/72/578 1272/73/754
f 1271/69/575 1272/73/581 1274/74/582 1268/68/576
f 1273/75/583 1272/73/754 1270/72/578 1294/76/584
f 1272/73/581 1273/75/585 1275/77/586 1274/74/582
f 1275/77/587 1277/78/588 1267/79/571 1274/74/589
f 1268/68/574 1274/74/589 1267/66/571
f 1273/75/585 1334/80/590 1276/81/591 1275/77/586
f 1278/82/592 1277/78/588 1275/77/587 1276/81/593
f 1278/82/592 1276/81/593 1280/83/594 1279/84/595
f 1279/84/595 1280/83/594 1282/85/596 1281/86/597
f 1282/85/596 1284/87/598 1283/88/599 1281/86/597
f 1281/86/597 1283/88/599 1285/89/600
f 1287/90/601 1286/91/602 1283/88/603 1284/87/604
f 1286/91/602 1288/92/605 1285/89/606 1283/88/603
f 1290/93/607 1289/94/608 1286/91/609 1287/90/610
f 1289/95/608 1288/92/611 1286/91/609
f 1291/96/612 1289/94/608 1290/93/607 1293/97/613
f 1292/98/614 1291/96/612 1293/97/613 1334/80/615
f 1292/98/614 1334/80/615 1273/75/583 1294/76/584
f 1295/99/616 1294/100/584 1270/71/578 1261/60/561
f 1294/100/584 1295/99/616 1296/101/617 1292/102/614
f 1297/103/618 1291/104/612 1292/102/614 1296/101/617
f 1291/104/612 1297/103/618 1214/105/619 1289/106/608
f 1245/107/620 1244/108/533 1214/109/619 1297/110/618
f 1296/111/617 1246/112/621 1245/107/620 1297/110/618
f 1247/113/541 1246/112/621 1296/111/617 1295/114/616
f 1247/113/541 1295/114/616 1261/56/561 1248/37/538
f 1244/115/533 1242/116/535 1298/117/622
f 1213/118/623 1214/109/619 1244/108/533 1298/117/622 1299/119/624
f 1299/119/625 1298/117/626 1300/18/755 1229/17/628
f 1298/117/626 1242/116/529 1240/120/532 1300/18/755
f 1231/19/517 1300/18/516 1240/120/527
f 1213/118/623 1299/119/624 1301/121/629 1215/122/630
f 1301/121/631 1299/119/625 1229/17/628 1303/16/632
f 1215/122/630 1301/121/629 1302/123/633 1216/124/634
f 1302/123/635 1301/121/631 1303/16/632 1304/125/636
f 1226/15/513 1225/126/637 1304/125/638 1303/16/514
f 1225/126/637 1224/127/639 1305/128/640 1304/125/638
f 1307/129/641 1302/123/635 1304/125/636 1305/128/642
f 1224/127/639 1223/130/643 1306/131/644 1305/128/640
f 1308/132/645 1307/129/641 1305/128/642 1306/131/646
f 1216/124/634 1302/123/633 1307/129/647 1217/133/648
f 1217/133/648 1307/129/647 1308/132/649 1218/134/650
f 1218/134/650 1308/132/649 1309/135/651 1219/136/652
f 1309/135/756 1308/132/645 1306/131/646 1310/137/654
f 1331/138/655 1332/139/656 1333/140/656 1330/141/657
f 1332/139/658 1331/138/659 1219/142/652 1220/143/660
f 1223/130/643 1222/144/661 1310/137/662 1306/131/644
f 1289/106/608 1214/105/619 1213/145/623 1314/146/663 1313/147/664
f 1289/106/608 1313/147/664 1288/148/611
f 1313/147/665 1314/146/666 1316/149/667 1315/150/668
f 1288/148/605 1313/147/665 1315/150/668 1285/151/606
f 1281/152/597 1315/150/669 1316/149/670 1227/153/509 1317/13/752
f 1281/154/597 1285/151/600 1315/150/669
f 1279/155/595 1281/152/597 1317/13/752 1318/156/671
f 1318/156/671 1319/157/672 1278/158/592 1279/155/595
f 1228/12/511 1233/22/520 1318/156/671 1317/13/752
f 1319/157/672 1318/156/671 1233/22/520 1237/23/521
f 1320/159/673 1319/157/672 1237/23/521 1321/27/525
f 1277/160/588 1278/158/592 1319/157/672 1320/159/673
f 1320/159/673 1256/64/554 1267/66/571 1277/160/588
f 1320/159/673 1321/27/525 1256/64/554
f 1256/63/554 1321/27/525 1236/26/524
f 1226/161/513 1227/153/509 1316/149/670 1322/162/674
f 1314/146/666 1324/163/757 1322/162/676 1316/149/667
f 1323/164/677 1225/165/637 1226/161/513 1322/162/674
f 1324/163/757 1325/166/678 1323/164/679 1322/162/676
f 1325/166/680 1324/163/681 1215/167/630 1216/168/634
f 1215/167/630 1324/163/681 1314/146/663 1213/145/623
f 1326/169/682 1325/166/680 1216/168/634 1217/170/648
f 1325/166/678 1326/169/758 1328/171/684 1323/164/679
f 1327/172/685 1326/169/682 1217/170/648 1218/173/650
f 1326/169/758 1327/172/687 1329/174/687 1328/171/684
f 1329/174/688 1223/175/643 1224/176/639 1328/171/689
f 1328/171/689 1224/176/639 1225/165/637 1323/164/677
f 1222/177/661 1223/175/643 1329/174/688 1330/141/690
f 1327/172/687 1331/138/655 1330/141/657 1329/174/687
f 1221/178/691 1311/140/692 1310/137/662 1222/144/661
f 1333/140/693 1221/178/691 1222/177/661 1330/141/690
f 1309/135/651 1312/139/694 1220/143/660 1219/136/652
f 1219/142/652 1331/138/659 1327/172/685 1218/173/650
f 1293/97/695 1290/93/696 1282/85/697 1280/83/698
f 1334/80/590 1293/97/695 1280/83/698 1276/81/591
f 1290/93/696 1287/90/601 1284/87/604 1282/85/697
f 1337/179/699 1251/40/542 1253/44/545 1335/49/759
f 1338/180/701 1337/179/699 1335/49/759 1336/181/760
f 1234/182/518 1336/181/703 1335/49/552 1238/48/523
f 1245/183/620 1246/184/621 1337/179/704 1338/180/705
f 1251/40/540 1337/179/704 1246/184/621 1247/41/541
f 1339/185/706 1244/34/533 1245/183/620 1338/180/705
f 1339/185/707 1338/180/701 1336/181/760 1341/186/708
f 1244/34/533 1339/185/706 1340/187/709 1243/33/534
f 1340/187/710 1339/185/707 1341/186/708 1342/188/711
f 1231/189/517 1241/31/528 1342/188/712 1341/186/713
f 1341/186/713 1336/181/703 1234/182/518 1231/189/517
f 1243/33/530 1340/187/710 1342/188/711 1241/31/531
f 1312/139/714 1309/135/756 1310/137/654 1311/140/714
f 1357/10/732 1360/11/99 1358/12/100
f 1358/12/100 1447/13/101 1357/14/732
f 1357/10/732 1356/15/733 1433/16/734 1359/17/104
f 1357/10/732 1359/17/104 1430/18/105 1361/19/106 1360/11/99
f 1364/20/107 1362/21/108 1360/11/99 1361/19/106
f 1362/21/108 1363/22/109 1358/12/100 1360/11/99
f 1367/23/110 1363/22/109 1362/21/108 1365/24/111
f 1365/24/111 1362/21/108 1364/20/107 1368/25/112
f 1365/24/111 1366/26/113 1451/27/114 1367/23/110
f 1369/28/115 1366/26/113 1365/24/111 1368/25/112
f 1361/29/106 1370/30/116 1371/31/117
f 1372/32/118 1373/33/119 1371/31/120 1370/30/121
f 1374/34/122 1373/33/123 1372/32/124
f 1389/35/125 1379/36/126 1378/37/127
f 1379/36/126 1380/38/128 1378/39/127
f 1380/38/128 1381/40/129 1377/41/130 1378/42/127
f 1381/40/131 1380/38/132 1382/43/133 1383/44/715
f 1380/38/132 1379/36/135 1384/45/136 1382/43/133
f 1382/43/137 1385/46/138 1369/47/115 1383/44/139
f 1384/45/140 1385/46/138 1382/43/137
f 1383/44/139 1369/47/115 1368/48/112 1465/49/141
f 1387/50/142 1385/51/138 1384/45/140
f 1369/28/115 1385/52/138 1386/53/143 1366/26/113
f 1388/54/144 1386/53/143 1385/52/138 1387/50/142
f 1379/36/135 1389/35/761 1387/50/146 1384/45/136
f 1389/35/761 1390/55/147 1388/54/148 1387/50/146
f 1390/55/149 1389/35/125 1378/37/127 1391/56/150
f 1392/57/151 1390/55/149 1391/58/150
f 1390/55/147 1392/57/152 1394/59/153 1388/54/148
f 1391/60/150 1393/61/735 1392/57/151
f 1392/57/152 1393/61/155 1395/62/156 1394/59/153
f 1394/59/157 1386/53/143 1388/54/144
f 1386/63/143 1394/59/157 1395/62/158
f 1386/64/143 1395/62/158 1396/65/159 1397/66/160
f 1393/61/155 1399/67/161 1396/65/162 1395/62/156
f 1396/65/159 1398/68/163 1397/66/160
f 1399/67/161 1401/69/164 1398/68/165 1396/65/162
f 1399/67/736 1400/70/167 1401/69/168
f 1391/60/150 1400/71/167 1399/67/736 1393/61/735
f 1401/69/168 1400/72/167 1402/73/169
f 1401/69/164 1402/73/170 1404/74/171 1398/68/165
f 1403/75/762 1402/73/169 1400/72/167 1424/76/173
f 1402/73/170 1403/75/174 1405/77/175 1404/74/171
f 1405/77/176 1407/78/177 1397/79/160 1404/74/178
f 1398/68/163 1404/74/178 1397/66/160
f 1403/75/174 1464/80/179 1406/81/716 1405/77/175
f 1408/82/181 1407/78/177 1405/77/176 1406/81/182
f 1408/82/181 1406/81/182 1410/83/183 1409/84/184
f 1409/84/184 1410/83/183 1412/85/185 1411/86/186
f 1412/85/185 1414/87/187 1413/88/188 1411/86/186
f 1411/86/186 1413/88/188 1415/89/189
f 1417/90/190 1416/91/191 1413/88/192 1414/87/193
f 1416/91/191 1418/92/194 1415/89/195 1413/88/192
f 1420/93/196 1419/94/197 1416/91/198 1417/90/199
f 1419/95/197 1418/92/200 1416/91/198
f 1421/96/201 1419/94/197 1420/93/196 1423/97/202
f 1422/98/203 1421/96/201 1423/97/202 1464/80/204
f 1422/98/203 1464/80/204 1403/75/762 1424/76/173
f 1425/99/205 1424/100/173 1400/71/167 1391/60/150
f 1424/100/173 1425/99/205 1426/101/206 1422/102/203
f 1427/103/207 1421/104/201 1422/102/203 1426/101/206
f 1421/104/201 1427/103/207 1344/105/208 1419/106/197
f 1375/107/209 1374/108/122 1344/109/208 1427/110/207
f 1426/111/206 1376/112/210 1375/107/209 1427/110/207
f 1377/113/130 1376/112/210 1426/111/206 1425/114/205
f 1377/113/130 1425/114/205 1391/56/150 1378/37/127
f 1374/115/122 1372/116/124 1428/117/211
f 1343/118/212 1344/109/208 1374/108/122 1428/117/211 1429/119/213
f 1429/119/214 1428/117/215 1430/18/216 1359/17/217
f 1428/117/215 1372/116/118 1370/120/121 1430/18/216
f 1361/19/106 1430/18/105 1370/120/116
f 1343/118/212 1429/119/213 1431/121/218 1345/122/219
f 1431/121/763 1429/119/214 1359/17/217 1433/16/221
f 1345/122/219 1431/121/218 1432/123/222 1346/124/223
f 1432/123/224 1431/121/763 1433/16/221 1434/125/225
f 1356/15/733 1355/126/226 1434/125/227 1433/16/734
f 1355/126/226 1354/127/228 1435/128/737 1434/125/227
f 1437/129/230 1432/123/224 1434/125/225 1435/128/231
f 1354/127/228 1353/130/232 1436/131/738 1435/128/737
f 1438/132/234 1437/129/230 1435/128/231 1436/131/235
f 1346/124/223 1432/123/222 1437/129/236 1347/133/237
f 1347/133/237 1437/129/236 1438/132/238 1348/134/239
f 1348/134/239 1438/132/238 1439/135/240 1349/136/241
f 1439/135/242 1438/132/234 1436/131/235 1440/137/243
f 1461/138/244 1462/139/717 1463/140/717 1460/141/246
f 1462/139/718 1461/138/248 1349/142/241 1350/143/719
f 1353/130/232 1352/144/250 1440/137/251 1436/131/738
f 1419/106/197 1344/105/208 1343/145/212 1444/146/252 1443/147/253
f 1419/106/197 1443/147/253 1418/148/200
f 1443/147/254 1444/146/255 1446/149/256 1445/150/257
f 1418/148/194 1443/147/254 1445/150/257 1415/151/195
f 1411/152/186 1445/150/258 1446/149/259 1357/153/732 1447/13/101
f 1411/154/186 1415/151/189 1445/150/258
f 1409/155/184 1411/152/186 1447/13/101 1448/156/260
f 1448/156/260 1449/157/261 1408/158/181 1409/155/184
f 1358/12/100 1363/22/109 1448/156/260 1447/13/101
f 1449/157/261 1448/156/260 1363/22/109 1367/23/110
f 1450/159/262 1449/157/261 1367/23/110 1451/27/114
f 1407/160/177 1408/158/181 1449/157/261 1450/159/262
f 1450/159/262 1386/64/143 1397/66/160 1407/160/177
f 1450/159/262 1451/27/114 1386/64/143
f 1386/63/143 1451/27/114 1366/26/113
f 1356/161/733 1357/153/732 1446/149/259 1452/162/263
f 1444/146/255 1454/163/264 1452/162/720 1446/149/256
f 1453/164/266 1355/165/226 1356/161/733 1452/162/263
f 1454/163/264 1455/166/267 1453/164/268 1452/162/720
f 1455/166/269 1454/163/270 1345/167/219 1346/168/223
f 1345/167/219 1454/163/270 1444/146/252 1343/145/212
f 1456/169/271 1455/166/269 1346/168/223 1347/170/237
f 1455/166/267 1456/169/272 1458/171/273 1453/164/268
f 1457/172/274 1456/169/271 1347/170/237 1348/173/239
f 1456/169/272 1457/172/275 1459/174/276 1458/171/273
f 1459/174/277 1353/175/232 1354/176/228 1458/171/278
f 1458/171/278 1354/176/228 1355/165/226 1453/164/266
f 1352/177/250 1353/175/232 1459/174/277 1460/141/279
f 1457/172/275 1461/138/244 1460/141/246 1459/174/276
f 1351/178/280 1441/140/281 1440/137/251 1352/144/250
f 1463/140/282 1351/178/280 1352/177/250 1460/141/279
f 1439/135/240 1442/139/283 1350/143/719 1349/136/241
f 1349/142/241 1461/138/248 1457/172/274 1348/173/239
f 1423/97/284 1420/93/285 1412/85/286 1410/83/287
f 1464/80/179 1423/97/284 1410/83/287 1406/81/716
f 1420/93/285 1417/90/190 1414/87/193 1412/85/286
f 1467/179/721 1381/40/131 1383/44/715 1465/49/289
f 1468/180/290 1467/179/721 1465/49/289 1466/181/291
f 1364/182/107 1466/181/292 1465/49/141 1368/48/112
f 1375/183/209 1376/184/210 1467/179/293 1468/180/294
f 1381/40/129 1467/179/293 1376/184/210 1377/41/130
f 1469/185/295 1374/34/122 1375/183/209 1468/180/294
f 1469/185/296 1468/180/290 1466/181/291 1471/186/297
f 1374/34/122 1469/185/295 1470/187/740 1373/33/123
f 1470/187/299 1469/185/296 1471/186/297 1472/188/300
f 1361/189/106 1371/31/117 1472/188/301 1471/186/302
f 1471/186/302 1466/181/292 1364/182/107 1361/189/106
f 1373/33/119 1470/187/299 1472/188/300 1371/31/120
f 1442/139/303 1439/135/242 1440/137/243 1441/140/303
f 1487/10/304 1490/11/305 1488/12/306
f 1488/12/306 1577/13/307 1487/14/304
f 1487/10/304 1486/15/741 1563/16/309 1489/17/310
f 1487/10/304 1489/17/310 1560/18/311 1491/19/312 1490/11/305
f 1494/20/313 1492/21/314 1490/11/305 1491/19/312
f 1492/21/314 1493/22/315 1488/12/306 1490/11/305
f 1497/23/316 1493/22/315 1492/21/314 1495/24/317
f 1495/24/317 1492/21/314 1494/20/313 1498/25/318
f 1495/24/317 1496/26/319 1581/27/320 1497/23/316
f 1499/28/321 1496/26/319 1495/24/317 1498/25/318
f 1491/29/312 1500/30/322 1501/31/323
f 1502/32/324 1503/33/325 1501/31/326 1500/30/327
f 1504/34/328 1503/33/329 1502/32/330
f 1519/35/331 1509/36/332 1508/37/333
f 1509/36/332 1510/38/334 1508/39/333
f 1510/38/334 1511/40/335 1507/41/336 1508/42/333
f 1511/40/337 1510/38/338 1512/43/338 1513/44/722
f 1510/38/338 1509/36/340 1514/45/341 1512/43/338
f 1512/43/742 1515/46/343 1499/47/321 1513/44/344
f 1514/45/743 1515/46/343 1512/43/742
f 1513/44/344 1499/47/321 1498/48/318 1595/49/346
f 1517/50/744 1515/51/343 1514/45/743
f 1499/28/321 1515/52/343 1516/53/348 1496/26/319
f 1518/54/349 1516/53/348 1515/52/343 1517/50/744
f 1509/36/340 1519/35/350 1517/50/351 1514/45/341
f 1519/35/350 1520/55/352 1518/54/353 1517/50/351
f 1520/55/745 1519/35/331 1508/37/333 1521/56/355
f 1522/57/356 1520/55/745 1521/58/355
f 1520/55/352 1522/57/357 1524/59/746 1518/54/353
f 1521/60/355 1523/61/359 1522/57/356
f 1522/57/357 1523/61/360 1525/62/747 1524/59/746
f 1524/59/362 1516/53/348 1518/54/349
f 1516/63/348 1524/59/362 1525/62/363
f 1516/64/348 1525/62/363 1526/65/364 1527/66/365
f 1523/61/360 1529/67/748 1526/65/749 1525/62/747
f 1526/65/364 1528/68/368 1527/66/365
f 1529/67/748 1531/69/369 1528/68/370 1526/65/749
f 1529/67/371 1530/70/372 1531/69/373
f 1521/60/355 1530/71/372 1529/67/371 1523/61/359
f 1531/69/373 1530/72/372 1532/73/374
f 1531/69/369 1532/73/375 1534/74/376 1528/68/370
f 1533/75/377 1532/73/374 1530/72/372 1554/76/378
f 1532/73/375 1533/75/379 1535/77/380 1534/74/376
f 1535/77/381 1537/78/382 1527/79/365 1534/74/383
f 1528/68/368 1534/74/383 1527/66/365
f 1533/75/379 1594/80/384 1536/81/385 1535/77/380
f 1538/82/386 1537/78/382 1535/77/381 1536/81/387
f 1538/82/386 1536/81/387 1540/83/388 1539/84/389
f 1539/84/389 1540/83/388 1542/85/390 1541/86/391
f 1542/85/390 1544/87/392 1543/88/393 1541/86/391
f 1541/86/391 1543/88/393 1545/89/394
f 1547/90/395 1546/91/396 1543/88/397 1544/87/398
f 1546/91/396 1548/92/399 1545/89/400 1543/88/397
f 1550/93/401 1549/94/402 1546/91/403 1547/90/404
f 1549/95/402 1548/92/405 1546/91/403
f 1551/96/406 1549/94/402 1550/93/401 1553/97/407
f 1552/98/408 1551/96/406 1553/97/407 1594/80/409
f 1552/98/408 1594/80/409 1533/75/377 1554/76/378
f 1555/99/410 1554/100/378 1530/71/372 1521/60/355
f 1554/100/378 1555/99/410 1556/101/411 1552/102/408
f 1557/103/412 1551/104/406 1552/102/408 1556/101/411
f 1551/104/406 1557/103/412 1474/105/413 1549/106/402
f 1505/107/414 1504/108/328 1474/109/413 1557/110/412
f 1556/111/411 1506/112/415 1505/107/414 1557/110/412
f 1507/113/336 1506/112/415 1556/111/411 1555/114/410
f 1507/113/336 1555/114/410 1521/56/355 1508/37/333
f 1504/115/328 1502/116/330 1558/117/416
f 1473/118/417 1474/109/413 1504/108/328 1558/117/416 1559/119/418
f 1559/119/419 1558/117/420 1560/18/421 1489/17/422
f 1558/117/420 1502/116/324 1500/120/327 1560/18/421
f 1491/19/312 1560/18/311 1500/120/322
f 1473/118/417 1559/119/418 1561/121/423 1475/122/424
f 1561/121/425 1559/119/419 1489/17/422 1563/16/426
f 1475/122/424 1561/121/423 1562/123/427 1476/124/428
f 1562/123/429 1561/121/425 1563/16/426 1564/125/430
f 1486/15/741 1485/126/431 1564/125/432 1563/16/309
f 1485/126/431 1484/127/433 1565/128/434 1564/125/432
f 1567/129/435 1562/123/429 1564/125/430 1565/128/436
f 1484/127/433 1483/130/437 1566/131/438 1565/128/434
f 1568/132/439 1567/129/435 1565/128/436 1566/131/440
f 1476/124/428 1562/123/427 1567/129/441 1477/133/442
f 1477/133/442 1567/129/441 1568/132/443 1478/134/444
f 1478/134/444 1568/132/443 1569/135/445 1479/136/446
f 1569/135/447 1568/132/439 1566/131/440 1570/137/448
f 1591/138/449 1592/139/450 1593/140/450 1590/141/451
f 1592/139/452 1591/138/453 1479/142/446 1480/143/454
f 1483/130/437 1482/144/455 1570/137/456 1566/131/438
f 1549/106/402 1474/105/413 1473/145/417 1574/146/457 1573/147/458
f 1549/106/402 1573/147/458 1548/148/405
f 1573/147/459 1574/146/460 1576/149/461 1575/150/462
f 1548/148/399 1573/147/459 1575/150/462 1545/151/400
f 1541/152/391 1575/150/463 1576/149/464 1487/153/304 1577/13/307
f 1541/154/391 1545/151/394 1575/150/463
f 1539/155/389 1541/152/391 1577/13/307 1578/156/465
f 1578/156/465 1579/157/466 1538/158/386 1539/155/389
f 1488/12/306 1493/22/315 1578/156/465 1577/13/307
f 1579/157/466 1578/156/465 1493/22/315 1497/23/316
f 1580/159/467 1579/157/466 1497/23/316 1581/27/320
f 1537/160/382 1538/158/386 1579/157/466 1580/159/467
f 1580/159/467 1516/64/348 1527/66/365 1537/160/382
f 1580/159/467 1581/27/320 1516/64/348
f 1516/63/348 1581/27/320 1496/26/319
f 1486/161/741 1487/153/304 1576/149/464 1582/162/468
f 1574/146/460 1584/163/469 1582/162/470 1576/149/461
f 1583/164/471 1485/165/431 1486/161/741 1582/162/468
f 1584/163/469 1585/166/472 1583/164/473 1582/162/470
f 1585/166/474 1584/163/475 1475/167/424 1476/168/428
f 1475/167/424 1584/163/475 1574/146/457 1473/145/417
f 1586/169/476 1585/166/474 1476/168/428 1477/170/442
f 1585/166/472 1586/169/477 1588/171/478 1583/164/473
f 1587/172/479 1586/169/476 1477/170/442 1478/173/444
f 1586/169/477 1587/172/480 1589/174/481 1588/171/478
f 1589/174/482 1483/175/437 1484/176/433 1588/171/751
f 1588/171/751 1484/176/433 1485/165/431 1583/164/471
f 1482/177/455 1483/175/437 1589/174/482 1590/141/484
f 1587/172/480 1591/138/449 1590/141/451 1589/174/481
f 1481/178/485 1571/140/486 1570/137/456 1482/144/455
f 1593/140/487 1481/178/485 1482/177/455 1590/141/484
f 1569/135/445 1572/139/488 1480/143/454 1479/136/446
f 1479/142/446 1591/138/453 1587/172/479 1478/173/444
f 1553/97/489 1550/93/490 1542/85/491 1540/83/492
f 1594/80/384 1553/97/489 1540/83/492 1536/81/385
f 1550/93/490 1547/90/395 1544/87/398 1542/85/491
f 1597/179/493 1511/40/337 1513/44/722 1595/49/494
f 1598/180/495 1597/179/493 1595/49/494 1596/181/496
f 1494/182/313 1596/181/497 1595/49/346 1498/48/318
f 1505/183/414 1506/184/415 1597/179/498 1598/180/499
f 1511/40/335 1597/179/498 1506/184/415 1507/41/336
f 1599/185/500 1504/34/328 1505/183/414 1598/180/499
f 1599/185/501 1598/180/495 1596/181/496 1601/186/502
f 1504/34/328 1599/185/500 1600/187/503 1503/33/329
f 1600/187/504 1599/185/501 1601/186/502 1602/188/505
f 1491/189/312 1501/31/323 1602/188/506 1601/186/507
f 1601/186/507 1596/181/497 1494/182/313 1491/189/312
f 1503/33/325 1600/187/504 1602/188/505 1501/31/326
f 1572/139/508 1569/135/447 1570/137/448 1571/140/508
f 1617/10/509 1620/11/510 1618/12/511
f 1618/12/511 1707/13/752 1617/14/509
f 1617/10/509 1616/15/513 1693/16/514 1619/17/515
f 1617/10/509 1619/17/515 1690/18/516 1621/19/517 1620/11/510
f 1624/20/518 1622/21/519 1620/11/510 1621/19/517
f 1622/21/519 1623/22/520 1618/12/511 1620/11/510
f 1627/23/521 1623/22/520 1622/21/519 1625/24/522
f 1625/24/522 1622/21/519 1624/20/518 1628/25/523
f 1625/24/522 1626/26/524 1711/27/525 1627/23/521
f 1629/28/526 1626/26/524 1625/24/522 1628/25/523
f 1621/29/517 1630/30/527 1631/31/528
f 1632/32/529 1633/33/530 1631/31/531 1630/30/532
f 1634/34/533 1633/33/534 1632/32/724
f 1649/35/536 1639/36/537 1638/37/538
f 1639/36/537 1640/38/539 1638/39/538
f 1640/38/539 1641/40/540 1637/41/541 1638/42/538
f 1641/40/542 1640/38/543 1642/43/544 1643/44/545
f 1640/38/543 1639/36/546 1644/45/547 1642/43/544
f 1642/43/548 1645/46/549 1629/47/526 1643/44/550
f 1644/45/551 1645/46/549 1642/43/548
f 1643/44/550 1629/47/526 1628/48/523 1725/49/552
f 1647/50/553 1645/51/549 1644/45/551
f 1629/28/526 1645/52/549 1646/53/554 1626/26/524
f 1648/54/725 1646/53/554 1645/52/549 1647/50/553
f 1639/36/546 1649/35/556 1647/50/557 1644/45/547
f 1649/35/556 1650/55/558 1648/54/559 1647/50/557
f 1650/55/560 1649/35/536 1638/37/538 1651/56/561
f 1652/57/562 1650/55/560 1651/58/561
f 1650/55/558 1652/57/563 1654/59/564 1648/54/559
f 1651/60/561 1653/61/565 1652/57/562
f 1652/57/563 1653/61/566 1655/62/567 1654/59/564
f 1654/59/568 1646/53/554 1648/54/725
f 1646/63/554 1654/59/568 1655/62/569
f 1646/64/554 1655/62/569 1656/65/570 1657/66/571
f 1653/61/566 1659/67/572 1656/65/573 1655/62/567
f 1656/65/570 1658/68/574 1657/66/571
f 1659/67/572 1661/69/575 1658/68/576 1656/65/573
f 1659/67/577 1660/70/578 1661/69/579
f 1651/60/561 1660/71/578 1659/67/577 1653/61/565
f 1661/69/579 1660/72/578 1662/73/754
f 1661/69/575 1662/73/581 1664/74/582 1658/68/576
f 1663/75/583 1662/73/754 1660/72/578 1684/76/584
f 1662/73/581 1663/75/585 1665/77/586 1664/74/582
f 1665/77/587 1667/78/588 1657/79/571 1664/74/589
f 1658/68/574 1664/74/589 1657/66/571
f 1663/75/585 1724/80/590 1666/81/591 1665/77/586
f 1668/82/592 1667/78/588 1665/77/587 1666/81/593
f 1668/82/592 1666/81/593 1670/83/594 1669/84/595
f 1669/84/595 1670/83/594 1672/85/596 1671/86/597
f 1672/85/596 1674/87/598 1673/88/599 1671/86/597
f 1671/86/597 1673/88/599 1675/89/600
f 1677/90/601 1676/91/602 1673/88/603 1674/87/604
f 1676/91/602 1678/92/605 1675/89/606 1673/88/603
f 1680/93/607 1679/94/608 1676/91/609 1677/90/610
f 1679/95/608 1678/92/611 1676/91/609
f 1681/96/727 1679/94/608 1680/93/607 1683/97/613
f 1682/98/614 1681/96/727 1683/97/613 1724/80/615
f 1682/98/614 1724/80/615 1663/75/583 1684/76/584
f 1685/99/616 1684/100/584 1660/71/578 1651/60/561
f 1684/100/584 1685/99/616 1686/101/617 1682/102/614
f 1687/103/618 1681/104/727 1682/102/614 1686/101/617
f 1681/104/727 1687/103/618 1604/105/619 1679/106/608
f 1635/107/620 1634/108/533 1604/109/619 1687/110/618
f 1686/111/617 1636/112/621 1635/107/620 1687/110/618
f 1637/113/541 1636/112/621 1686/111/617 1685/114/616
f 1637/113/541 1685/114/616 1651/56/561 1638/37/538
f 1634/115/533 1632/116/724 1688/117/622
f 1603/118/623 1604/109/619 1634/108/533 1688/117/622 1689/119/624
f 1689/119/625 1688/117/764 1690/18/765 1619/17/628
f 1688/117/764 1632/116/529 1630/120/532 1690/18/765
f 1621/19/517 1690/18/516 1630/120/527
f 1603/118/623 1689/119/624 1691/121/728 1605/122/630
f 1691/121/631 1689/119/625 1619/17/628 1693/16/632
f 1605/122/630 1691/121/728 1692/123/633 1606/124/634
f 1692/123/635 1691/121/631 1693/16/632 1694/125/636
f 1616/15/513 1615/126/637 1694/125/766 1693/16/514
f 1615/126/637 1614/127/639 1695/128/640 1694/125/766
f 1697/129/641 1692/123/635 1694/125/636 1695/128/642
f 1614/127/639 1613/130/643 1696/131/729 1695/128/640
f 1698/132/645 1697/129/641 1695/128/642 1696/131/646
f 1606/124/634 1692/123/633 1697/129/647 1607/133/648
f 1607/133/648 1697/129/647 1698/132/649 1608/134/650
f 1608/134/650 1698/132/649 1699/135/651 1609/136/652
f 1699/135/756 1698/132/645 1696/131/646 1700/137/654
f 1721/138/655 1722/139/656 1723/140/656 1720/141/657
f 1722/139/658 1721/138/659 1609/142/652 1610/143/660
f 1613/130/643 1612/144/661 1700/137/662 1696/131/729
f 1679/106/608 1604/105/619 1603/145/623 1704/146/663 1703/147/664
f 1679/106/608 1703/147/664 1678/148/611
f 1703/147/665 1704/146/666 1706/149/667 1705/150/668
f 1678/148/605 1703/147/665 1705/150/668 1675/151/606
f 1671/152/597 1705/150/669 1706/149/670 1617/153/509 1707/13/752
f 1671/154/597 1675/151/600 1705/150/669
f 1669/155/595 1671/152/597 1707/13/752 1708/156/671
f 1708/156/671 1709/157/672 1668/158/592 1669/155/595
f 1618/12/511 1623/22/520 1708/156/671 1707/13/752
f 1709/157/672 1708/156/671 1623/22/520 1627/23/521
f 1710/159/673 1709/157/672 1627/23/521 1711/27/525
f 1667/160/588 1668/158/592 1709/157/672 1710/159/673
f 1710/159/673 1646/64/554 1657/66/571 1667/160/588
f 1710/159/673 1711/27/525 1646/64/554
f 1646/63/554 1711/27/525 1626/26/524
f 1616/161/513 1617/153/509 1706/149/670 1712/162/674
f 1704/146/666 1714/163/757 1712/162/676 1706/149/667
f 1713/164/677 1615/165/637 1616/161/513 1712/162/674
f 1714/163/757 1715/166/678 1713/164/679 1712/162/676
f 1715/166/680 1714/163/681 1605/167/630 1606/168/634
f 1605/167/630 1714/163/681 1704/146/663 1603/145/623
f 1716/169/682 1715/166/680 1606/168/634 1607/170/648
f 1715/166/678 1716/169/758 1718/171/684 1713/164/679
f 1717/172/685 1716/169/682 1607/170/648 1608/173/650
f 1716/169/758 1717/172/687 1719/174/687 1718/171/684
f 1719/174/688 1613/175/643 1614/176/639 1718/171/689
f 1718/171/689 1614/176/639 1615/165/637 1713/164/677
f 1612/177/661 1613/175/643 1719/174/688 1720/141/690
f 1717/172/687 1721/138/655 1720/141/657 1719/174/687
f 1611/178/691 1701/140/692 1700/137/662 1612/144/661
f 1723/140/693 1611/178/691 1612/177/661 1720/141/690
f 1699/135/651 1702/139/694 1610/143/660 1609/136/652
f 1609/142/652 1721/138/659 1717/172/685 1608/173/650
f 1683/97/695 1680/93/696 1672/85/697 1670/83/698
f 1724/80/590 1683/97/695 1670/83/698 1666/81/591
f 1680/93/696 1677/90/601 1674/87/604 1672/85/697
f 1727/179/699 1641/40/542 1643/44/545 1725/49/759
f 1728/180/701 1727/179/699 1725/49/759 1726/181/760
f 1624/182/518 1726/181/703 1725/49/552 1628/48/523
f 1635/183/620 1636/184/621 1727/179/704 1728/180/705
f 1641/40/540 1727/179/704 1636/184/621 1637/41/541
f 1729/185/731 1634/34/533 1635/183/620 1728/180/705
f 1729/185/707 1728/180/701 1726/181/760 1731/186/708
f 1634/34/533 1729/185/731 1730/187/709 1633/33/534
f 1730/187/710 1729/185/707 1731/186/708 1732/188/711
f 1621/189/517 1631/31/528 1732/188/767 1731/186/713
f 1731/186/713 1726/181/703 1624/182/518 1621/189/517
f 1633/33/530 1730/187/710 1732/188/711 1631/31/531
f 1702/139/714 1699/135/756 1700/137/654 1701/140/714
