# Blender 5.0.0 Release Candidate
# www.blender.org
mtllib cabbage_mid.mtl
o _3D_Tile_Farm_Field_01
v -0.900000 0.000000 0.900000
v -0.970711 0.029289 0.900000
v -0.957735 0.042265 0.957735
v -0.900000 0.029289 0.970711
v -0.900000 0.100000 1.000000
v -0.970711 0.100000 0.970711
v -0.433333 0.029289 0.970711
v -0.433333 0.100000 1.000000
v -0.433333 0.000000 0.900000
v -0.900000 -0.000000 -0.900000
v -0.333333 0.029289 0.970711
v -0.333333 0.000000 0.900000
v -0.433333 1.874608 1.000000
v -0.333333 0.100000 1.000000
v -0.233333 0.029289 0.970711
v -0.333333 1.874608 1.000000
v -0.233333 0.100000 1.000000
v -0.433333 1.900000 1.000000
v -0.333333 1.900000 1.000000
v -0.900000 1.874608 1.000000
v -0.233333 0.000000 0.900000
v -0.970711 1.874608 0.970711
v -0.900000 1.900000 1.000000
v -0.433333 1.970711 0.970711
v -0.970711 1.900000 0.970711
v -1.000000 1.874608 0.900000
v -1.000000 1.900000 0.900000
v -0.957735 1.957735 0.957735
v -0.970711 1.970711 0.900000
v -1.000000 1.900000 -0.900000
v -0.970711 1.970710 -0.900000
v -0.900000 1.970711 0.970711
v -1.000000 0.100000 0.900000
v -0.433333 2.000000 0.900000
v -0.375598 1.957735 0.957735
v -0.362622 1.970711 0.900000
v -0.900000 2.000000 0.900000
v -0.970711 0.029289 -0.900000
v -1.000000 0.100000 -0.900000
v -1.000000 1.874608 -0.900000
v -0.970711 1.899999 -0.970710
v -0.957735 1.957735 -0.957735
v -0.900000 2.000000 -0.900000
v -0.900000 1.970710 -0.970710
v -0.970711 1.874608 -0.970710
v -0.433333 2.000000 -0.900000
v -0.900000 1.900000 -1.000000
v -0.433333 1.970710 -0.970710
v -0.362622 1.970710 -0.900000
v -0.375598 1.957735 -0.957735
v -0.433333 1.900000 -1.000000
v -0.362622 1.899999 -0.970710
v -0.333333 1.900000 -0.900000
v -0.333333 1.900000 -1.000000
v -0.304044 1.899999 -0.970710
v -0.233333 1.900000 -1.000000
v -0.333333 1.900000 0.900000
v -0.304044 1.970711 0.900000
v -0.291068 1.957735 -0.957735
v -0.304044 1.970710 -0.900000
v -0.233333 2.000000 0.900000
v -0.233333 1.999999 -0.900000
v -0.233333 1.970710 -0.970710
v 0.233334 1.970710 -0.970710
v 0.233334 2.000000 -0.900000
v 0.233334 1.900000 -1.000000
v -0.233333 1.874608 -1.000000
v 0.233334 1.874608 -1.000000
v 0.333333 1.900000 -1.000000
v -0.333333 1.874608 -1.000000
v 0.333333 1.874608 -1.000000
v 0.433334 1.900000 -1.000000
v -0.433333 1.874608 -1.000000
v -0.333333 0.100000 -1.000000
v -0.233333 0.100000 -1.000000
v 0.233333 0.100000 -1.000000
v -0.433333 0.100000 -1.000000
v 0.433334 1.874608 -1.000000
v 0.333333 0.100000 -1.000000
v 0.233333 0.029289 -0.970711
v 0.900000 1.900000 -1.000000
v 0.433334 1.970710 -0.970710
v 0.900000 1.970710 -0.970710
v 0.433334 2.000000 -0.900000
v -0.900000 0.100000 -1.000000
v -0.433333 0.029289 -0.970711
v -0.333333 0.029289 -0.970711
v -0.233333 0.029289 -0.970711
v -0.900000 1.874608 -1.000000
v -0.433333 -0.000000 -0.900000
v -0.333333 -0.000000 -0.900000
v -0.900000 0.029289 -0.970711
v -0.957735 0.042265 -0.957735
v -0.970711 0.100000 -0.970711
v -0.233333 -0.000000 -0.900000
v 0.233333 -0.000000 -0.900000
v 0.233333 0.000000 0.900000
v 0.333333 0.029289 -0.970711
v 0.233333 0.029289 0.970711
v 0.333333 -0.000000 -0.900000
v 0.433333 0.100000 -1.000000
v 0.233333 0.100000 1.000000
v 0.333333 0.000000 0.900000
v 0.433333 0.029289 -0.970711
v 0.900000 1.874608 -1.000000
v 0.333333 0.029289 0.970711
v 0.433333 -0.000000 -0.900000
v 0.433333 0.000000 0.900000
v 0.900000 0.029289 -0.970711
v 0.900000 -0.000000 -0.900000
v 0.900000 0.100000 -1.000000
v 0.900000 0.000000 0.900000
v 0.957735 0.042265 -0.957735
v 0.970711 0.029289 -0.900000
v 0.970711 0.100000 -0.970711
v 0.970711 1.874608 -0.970710
v 0.970711 0.029289 0.900000
v 1.000000 0.100000 -0.900000
v 0.957735 0.042265 0.957735
v 0.900000 0.029289 0.970711
v 1.000000 0.100000 0.900000
v 0.970711 0.100000 0.970711
v 1.000000 1.874608 -0.900000
v 0.970711 1.899999 -0.970710
v 1.000000 1.900000 -0.900000
v 0.957735 1.957735 -0.957735
v 0.900000 2.000000 -0.900000
v 0.970711 1.970710 -0.900000
v 1.000000 1.874608 0.900000
v 1.000000 1.900000 0.900000
v 0.970711 1.874608 0.970711
v 0.970711 1.970711 0.900000
v 0.970711 1.900000 0.970711
v 0.957735 1.957735 0.957735
v 0.900000 2.000000 0.900000
v 0.900000 1.970711 0.970711
v 0.900000 1.900000 1.000000
v 0.900000 1.874608 1.000000
v 0.433334 2.000000 0.900000
v 0.433333 1.970711 0.970711
v 0.433334 1.900000 1.000000
v 0.375599 1.957735 0.957735
v 0.362623 1.970711 0.900000
v 0.333334 1.900000 0.900000
v 0.362623 1.900000 0.970711
v 0.362623 1.970710 -0.900000
v 0.333334 1.900000 -0.900000
v 0.375599 1.957735 -0.957735
v 0.304044 1.970711 0.900000
v 0.362623 1.899999 -0.970710
v 0.304044 1.970710 -0.900000
v 0.333333 1.900000 1.000000
v 0.304044 1.900000 0.970711
v 0.233334 1.900000 1.000000
v 0.291069 1.957735 0.957735
v 0.233334 1.970711 0.970711
v 0.233334 2.000000 0.900000
v 0.291069 1.957735 -0.957735
v 0.304044 1.899999 -0.970710
v -0.233333 1.970711 0.970711
v -0.233333 1.900000 1.000000
v -0.291068 1.957735 0.957735
v -0.304044 1.900000 0.970711
v -0.362622 1.900000 0.970711
v 0.433333 0.029289 0.970711
v 0.900000 0.100000 1.000000
v 0.333333 0.100000 1.000000
v 0.433333 0.100000 1.000000
v 0.233334 1.874608 1.000000
v 0.433334 1.874608 1.000000
v 0.333333 1.874608 1.000000
v -0.233333 1.874608 1.000000
vn -0.1794 -0.9673 0.1794
vn -0.5774 -0.5774 0.5774
vn -0.6965 -0.6965 0.1726
vn -0.1725 -0.6965 0.6965
vn -0.1794 -0.1794 0.9673
vn -0.6965 -0.1726 0.6965
vn -0.0000 -0.7071 0.7071
vn -0.0000 -0.1951 0.9808
vn -0.0000 -0.9808 0.1951
vn -0.1794 -0.9673 -0.1794
vn -0.0000 -0.0000 1.0000
vn 0.0765 0.2406 0.9676
vn -0.1951 -0.0000 0.9808
vn -0.7071 -0.0000 0.7071
vn -0.1794 0.1794 0.9673
vn 0.1725 0.6965 0.6965
vn -0.6965 0.1725 0.6965
vn -0.9808 -0.0000 0.1951
vn -0.9673 0.1794 0.1794
vn -0.5774 0.5773 0.5774
vn -0.6965 0.6965 0.1726
vn -0.9673 0.1794 -0.1794
vn -0.6965 0.6965 -0.1726
vn -0.1725 0.6965 0.6965
vn -0.9673 -0.1794 0.1794
vn 0.1794 0.9673 0.1794
vn 0.5774 0.5773 0.5774
vn 0.6965 0.6965 0.1726
vn -0.1794 0.9673 0.1794
vn -0.6965 -0.6965 -0.1726
vn -0.9673 -0.1794 -0.1794
vn -0.9808 -0.0000 -0.1951
vn -0.6965 0.1725 -0.6965
vn -0.5773 0.5774 -0.5774
vn -0.1794 0.9673 -0.1794
vn -0.1725 0.6965 -0.6965
vn -0.7071 -0.0000 -0.7071
vn 0.1794 0.9673 -0.1794
vn -0.1794 0.1794 -0.9673
vn 0.1725 0.6965 -0.6965
vn 0.6965 0.6965 -0.1726
vn 0.5773 0.5773 -0.5774
vn 0.0765 0.2406 -0.9676
vn 0.3223 0.8900 -0.3224
vn -0.0000 0.9530 -0.3029
vn -0.0000 1.0000 -0.0000
vn -0.3223 0.8901 -0.3223
vn -0.0765 0.2406 -0.9676
vn -0.0000 0.9530 0.3029
vn -0.0000 -0.0000 -1.0000
vn -0.0000 -0.1951 -0.9808
vn -0.0000 -0.7071 -0.7071
vn 0.1794 0.1794 -0.9673
vn -0.1794 -0.1794 -0.9673
vn -0.1951 -0.0000 -0.9808
vn -0.0000 -0.9808 -0.1951
vn -0.1725 -0.6965 -0.6965
vn -0.5774 -0.5774 -0.5774
vn -0.6965 -0.1726 -0.6965
vn 0.1951 -0.0000 -0.9808
vn 0.1725 -0.6965 -0.6965
vn 0.1794 -0.9673 -0.1794
vn 0.1794 -0.1794 -0.9673
vn 0.1794 -0.9673 0.1794
vn 0.5774 -0.5774 -0.5774
vn 0.6965 -0.6965 -0.1726
vn 0.6965 -0.1726 -0.6965
vn 0.7071 -0.0000 -0.7071
vn 0.6965 -0.6965 0.1726
vn 0.9673 -0.1794 -0.1794
vn 0.5774 -0.5774 0.5774
vn 0.1725 -0.6965 0.6965
vn 0.9673 -0.1794 0.1794
vn 0.6965 -0.1726 0.6965
vn 0.9808 -0.0000 -0.1951
vn 0.6965 0.1725 -0.6965
vn 0.9673 0.1794 -0.1794
vn 0.5773 0.5774 -0.5774
vn 0.9808 -0.0000 0.1951
vn 0.9673 0.1794 0.1794
vn 0.7071 -0.0000 0.7071
vn 0.6965 0.1726 0.6965
vn 0.1794 0.1794 0.9673
vn 0.1951 -0.0000 0.9808
vn -0.0765 0.2406 0.9676
vn -0.5774 0.5773 0.5773
vn -0.3223 0.8901 0.3223
vn -0.5773 0.5773 -0.5774
vn -0.3224 0.8900 -0.3224
vn 0.3223 0.8901 0.3223
vn 0.5774 0.5773 0.5773
vn 0.5774 0.5773 -0.5774
vn 0.3224 0.8900 -0.3224
vn -0.5774 0.5774 0.5774
vn -0.3224 0.8900 0.3223
vn 0.3223 0.8900 0.3224
vn 0.1794 -0.1794 0.9673
vt 0.083029 0.053703
vt 0.083038 0.053793
vt 0.083035 0.053766
vt 0.083050 0.053918
vt 0.083435 0.057764
vt 0.083439 0.057808
vt 0.083451 0.057931
vt 0.083449 0.057909
vt 0.083456 0.057982
s 1
usemtl Color_Palette_01.007
f 1/1/1 3/2/2 2/3/3
f 1/1/1 4/3/4 3/2/2
f 5/4/5 3/2/2 4/3/4
f 5/4/5 6/4/6 3/2/2
f 1/1/1 7/3/7 4/3/4
f 4/3/4 8/4/8 5/4/5
f 4/3/4 7/3/7 8/4/8
f 1/1/1 9/1/9 7/3/7
f 10/1/10 9/1/9 1/1/1
f 11/3/7 8/4/8 7/3/7
f 12/1/9 7/3/7 9/1/9
f 12/1/9 11/3/7 7/3/7
f 13/5/11 5/4/5 8/4/8
f 11/3/7 14/4/8 8/4/8
f 13/5/11 8/4/8 14/4/8
f 15/3/7 14/4/8 11/3/7
f 13/5/11 14/4/8 16/5/11
f 15/3/7 17/4/8 14/4/8
f 18/6/12 13/5/11 16/5/11
f 18/6/12 16/5/11 19/6/11
f 13/5/11 20/5/13 5/4/5
f 18/6/12 20/5/13 13/5/11
f 21/1/9 11/3/7 12/1/9
f 21/1/9 15/3/7 11/3/7
f 5/4/5 20/5/13 22/5/14
f 5/4/5 22/5/14 6/4/6
f 18/6/12 23/6/15 20/5/13
f 24/7/16 23/6/15 18/6/12
f 20/5/13 25/6/17 22/5/14
f 20/5/13 23/6/15 25/6/17
f 6/4/6 22/5/14 26/5/18
f 22/5/14 25/6/17 27/6/19
f 22/5/14 27/6/19 26/5/18
f 27/6/19 25/6/17 28/8/20
f 23/6/15 28/8/20 25/6/17
f 27/6/19 28/8/20 29/7/21
f 29/7/21 30/6/22 27/6/19
f 29/7/21 31/7/23 30/6/22
f 26/5/18 27/6/19 30/6/22
f 24/7/16 32/7/24 23/6/15
f 23/6/15 32/7/24 28/8/20
f 6/4/6 26/5/18 33/4/25
f 33/4/25 3/2/2 6/4/6
f 33/4/25 2/3/3 3/2/2
f 34/9/26 32/7/24 24/7/16
f 34/9/26 24/7/16 35/8/27
f 34/9/26 35/8/27 36/7/28
f 37/9/29 28/8/20 32/7/24
f 34/9/26 37/9/29 32/7/24
f 37/9/29 29/7/21 28/8/20
f 38/3/30 2/3/3 33/4/25
f 38/3/30 33/4/25 39/4/31
f 33/4/25 40/5/32 39/4/31
f 33/4/25 26/5/18 40/5/32
f 26/5/18 30/6/22 40/5/32
f 41/6/33 40/5/32 30/6/22
f 30/6/22 42/8/34 41/6/33
f 30/6/22 31/7/23 42/8/34
f 37/9/29 31/7/23 29/7/21
f 43/9/35 42/8/34 31/7/23
f 37/9/29 43/9/35 31/7/23
f 43/9/35 44/7/36 42/8/34
f 41/6/33 45/5/37 40/5/32
f 45/5/37 39/4/31 40/5/32
f 46/9/38 43/9/35 37/9/29
f 46/9/38 37/9/29 34/9/26
f 47/6/39 45/5/37 41/6/33
f 47/6/39 41/6/33 42/8/34
f 47/6/39 42/8/34 44/7/36
f 43/9/35 48/7/40 44/7/36
f 43/9/35 46/9/38 48/7/40
f 34/9/26 49/7/41 46/9/38
f 34/9/26 36/7/28 49/7/41
f 46/9/38 50/8/42 48/7/40
f 46/9/38 49/7/41 50/8/42
f 51/6/43 48/7/40 50/8/42
f 51/6/43 50/8/42 52/6/44
f 36/7/28 53/6/45 49/7/41
f 54/6/46 51/6/43 52/6/44
f 53/6/45 54/6/46 52/6/44
f 53/6/45 55/6/47 54/6/46
f 55/6/47 56/6/48 54/6/46
f 36/7/28 57/6/49 53/6/45
f 58/7/21 53/6/45 57/6/49
f 53/6/45 59/8/34 55/6/47
f 53/6/45 60/7/23 59/8/34
f 58/7/21 60/7/23 53/6/45
f 61/9/29 60/7/23 58/7/21
f 56/6/48 55/6/47 59/8/34
f 61/9/29 62/9/35 60/7/23
f 62/9/35 59/8/34 60/7/23
f 56/6/48 59/8/34 63/7/36
f 62/9/35 63/7/36 59/8/34
f 62/9/35 64/7/40 63/7/36
f 62/9/35 65/9/38 64/7/40
f 65/9/38 62/9/35 61/9/29
f 63/7/36 64/7/40 66/6/43
f 63/7/36 66/6/43 56/6/48
f 67/5/50 56/6/48 66/6/43
f 67/5/50 66/6/43 68/5/50
f 69/6/50 68/5/50 66/6/43
f 56/6/48 67/5/50 70/5/50
f 56/6/48 70/5/50 54/6/50
f 69/6/50 71/5/50 68/5/50
f 72/6/48 71/5/50 69/6/50
f 54/6/50 70/5/50 73/5/50
f 54/6/50 73/5/50 51/6/43
f 67/5/50 74/4/51 70/5/50
f 75/4/51 67/5/50 68/5/50
f 67/5/50 75/4/51 74/4/51
f 71/5/50 76/4/51 68/5/50
f 75/4/51 68/5/50 76/4/51
f 70/5/50 77/4/51 73/5/50
f 70/5/50 74/4/51 77/4/51
f 72/6/48 78/5/50 71/5/50
f 71/5/50 79/4/51 76/4/51
f 78/5/50 79/4/51 71/5/50
f 80/3/52 75/4/51 76/4/51
f 80/3/52 76/4/51 79/4/51
f 78/5/50 72/6/48 81/6/53
f 82/7/36 81/6/53 72/6/48
f 82/7/36 83/7/40 81/6/53
f 84/9/35 83/7/40 82/7/36
f 85/4/54 73/5/50 77/4/51
f 86/3/52 77/4/51 74/4/51
f 86/3/52 85/4/54 77/4/51
f 87/3/52 74/4/51 75/4/51
f 86/3/52 74/4/51 87/3/52
f 80/3/52 88/3/52 75/4/51
f 87/3/52 75/4/51 88/3/52
f 85/4/54 89/5/55 73/5/50
f 89/5/55 51/6/43 73/5/50
f 90/1/56 86/3/52 87/3/52
f 91/1/56 87/3/52 88/3/52
f 90/1/56 87/3/52 91/1/56
f 86/3/52 92/3/57 85/4/54
f 90/1/56 92/3/57 86/3/52
f 85/4/54 92/3/57 93/2/58
f 85/4/54 93/2/58 94/4/59
f 89/5/55 85/4/54 94/4/59
f 90/1/56 10/1/10 92/3/57
f 91/1/56 9/1/9 90/1/56
f 10/1/10 90/1/56 9/1/9
f 91/1/56 12/1/9 9/1/9
f 95/1/56 12/1/9 91/1/56
f 91/1/56 88/3/52 95/1/56
f 95/1/56 21/1/9 12/1/9
f 96/1/56 95/1/56 88/3/52
f 96/1/56 88/3/52 80/3/52
f 95/1/56 97/1/9 21/1/9
f 95/1/56 96/1/56 97/1/9
f 96/1/56 80/3/52 98/3/52
f 80/3/52 79/4/51 98/3/52
f 21/1/9 97/1/9 99/3/7
f 21/1/9 99/3/7 15/3/7
f 100/1/56 97/1/9 96/1/56
f 96/1/56 98/3/52 100/1/56
f 98/3/52 79/4/51 101/4/51
f 78/5/50 101/4/51 79/4/51
f 15/3/7 99/3/7 102/4/8
f 15/3/7 102/4/8 17/4/8
f 103/1/9 99/3/7 97/1/9
f 100/1/56 103/1/9 97/1/9
f 100/1/56 98/3/52 104/3/52
f 98/3/52 101/4/51 104/3/52
f 101/4/51 78/5/50 105/5/60
f 78/5/50 81/6/53 105/5/60
f 106/3/7 102/4/8 99/3/7
f 103/1/9 106/3/7 99/3/7
f 107/1/56 103/1/9 100/1/56
f 100/1/56 104/3/52 107/1/56
f 108/1/9 106/3/7 103/1/9
f 107/1/56 108/1/9 103/1/9
f 109/3/61 104/3/52 101/4/51
f 110/1/62 107/1/56 104/3/52
f 110/1/62 104/3/52 109/3/61
f 109/3/61 101/4/51 111/4/63
f 101/4/51 105/5/60 111/4/63
f 107/1/56 112/1/64 108/1/9
f 107/1/56 110/1/62 112/1/64
f 110/1/62 109/3/61 113/2/65
f 111/4/63 113/2/65 109/3/61
f 110/1/62 113/2/65 114/3/66
f 112/1/64 110/1/62 114/3/66
f 111/4/63 115/4/67 113/2/65
f 116/5/68 111/4/63 105/5/60
f 116/5/68 115/4/67 111/4/63
f 112/1/64 114/3/66 117/3/69
f 117/3/69 114/3/66 118/4/70
f 112/1/64 117/3/69 119/2/71
f 112/1/64 119/2/71 120/3/72
f 121/4/73 119/2/71 117/3/69
f 117/3/69 118/4/70 121/4/73
f 121/4/73 122/4/74 119/2/71
f 123/5/75 118/4/70 115/4/67
f 123/5/75 121/4/73 118/4/70
f 123/5/75 115/4/67 116/5/68
f 124/6/76 116/5/68 105/5/60
f 124/6/76 105/5/60 81/6/53
f 125/6/77 123/5/75 116/5/68
f 125/6/77 116/5/68 124/6/76
f 81/6/53 126/8/78 124/6/76
f 81/6/53 83/7/40 126/8/78
f 127/9/38 126/8/78 83/7/40
f 127/9/38 128/7/41 126/8/78
f 84/9/35 127/9/38 83/7/40
f 123/5/75 129/5/79 121/4/73
f 125/6/77 129/5/79 123/5/75
f 128/7/41 130/6/80 125/6/77
f 125/6/77 130/6/80 129/5/79
f 131/5/81 121/4/73 129/5/79
f 131/5/81 122/4/74 121/4/73
f 127/9/38 132/7/28 128/7/41
f 128/7/41 132/7/28 130/6/80
f 133/6/82 129/5/79 130/6/80
f 133/6/82 131/5/81 129/5/79
f 130/6/80 132/7/28 134/8/27
f 130/6/80 134/8/27 133/6/82
f 135/9/26 134/8/27 132/7/28
f 127/9/38 135/9/26 132/7/28
f 135/9/26 136/7/16 134/8/27
f 137/6/83 131/5/81 133/6/82
f 137/6/83 133/6/82 134/8/27
f 137/6/83 134/8/27 136/7/16
f 138/5/84 122/4/74 131/5/81
f 137/6/83 138/5/84 131/5/81
f 127/9/38 139/9/29 135/9/26
f 127/9/38 84/9/35 139/9/29
f 135/9/26 140/7/24 136/7/16
f 135/9/26 139/9/29 140/7/24
f 136/7/16 140/7/24 141/6/85
f 136/7/16 141/6/85 137/6/83
f 139/9/29 142/8/86 140/7/24
f 139/9/29 143/7/21 142/8/86
f 144/6/49 142/8/86 143/7/21
f 144/6/49 145/6/87 142/8/86
f 139/9/29 84/9/35 146/7/23
f 139/9/29 146/7/23 143/7/21
f 143/7/21 146/7/23 147/6/45
f 143/7/21 147/6/45 144/6/49
f 147/6/45 146/7/23 148/8/88
f 149/7/28 144/6/49 147/6/45
f 147/6/45 148/8/88 150/6/89
f 149/7/28 147/6/45 151/7/41
f 145/6/87 144/6/49 152/6/46
f 144/6/49 153/6/90 152/6/46
f 141/6/85 145/6/87 152/6/46
f 153/6/90 154/6/12 152/6/46
f 154/6/12 153/6/90 155/8/91
f 154/6/12 155/8/91 156/7/16
f 157/9/26 149/7/28 151/7/41
f 157/9/26 155/8/91 149/7/28
f 157/9/26 156/7/16 155/8/91
f 157/9/26 151/7/41 65/9/38
f 65/9/38 151/7/41 158/8/92
f 65/9/38 158/8/92 64/7/40
f 66/6/43 64/7/40 158/8/92
f 66/6/43 158/8/92 159/6/93
f 65/9/38 61/9/29 157/9/26
f 66/6/43 159/6/93 69/6/46
f 159/6/93 147/6/45 69/6/46
f 147/6/45 150/6/89 69/6/46
f 150/6/89 72/6/48 69/6/46
f 72/6/48 150/6/89 148/8/88
f 72/6/48 148/8/88 82/7/36
f 84/9/35 82/7/36 148/8/88
f 84/9/35 148/8/88 146/7/23
f 157/9/26 61/9/29 160/7/24
f 157/9/26 160/7/24 156/7/16
f 156/7/16 160/7/24 161/6/85
f 161/6/85 160/7/24 162/8/94
f 156/7/16 161/6/85 154/6/12
f 161/6/85 162/8/94 163/6/95
f 61/9/29 162/8/94 160/7/24
f 61/9/29 58/7/21 162/8/94
f 57/6/49 162/8/94 58/7/21
f 57/6/49 163/6/95 162/8/94
f 163/6/95 57/6/49 19/6/46
f 161/6/85 163/6/95 19/6/46
f 57/6/49 164/6/96 19/6/46
f 164/6/96 18/6/12 19/6/46
f 18/6/12 164/6/96 35/8/27
f 18/6/12 35/8/27 24/7/16
f 57/6/49 35/8/27 164/6/96
f 57/6/49 36/7/28 35/8/27
f 10/1/10 93/2/58 92/3/57
f 10/1/10 38/3/30 93/2/58
f 39/4/31 93/2/58 38/3/30
f 39/4/31 94/4/59 93/2/58
f 45/5/37 94/4/59 39/4/31
f 89/5/55 94/4/59 45/5/37
f 47/6/39 89/5/55 45/5/37
f 89/5/55 47/6/39 51/6/43
f 44/7/36 51/6/43 47/6/39
f 44/7/36 48/7/40 51/6/43
f 10/1/10 2/3/3 38/3/30
f 10/1/10 1/1/1 2/3/3
f 118/4/70 114/3/66 113/2/65
f 118/4/70 113/2/65 115/4/67
f 125/6/77 126/8/78 128/7/41
f 125/6/77 124/6/76 126/8/78
f 108/1/9 112/1/64 120/3/72
f 108/1/9 120/3/72 165/3/7
f 108/1/9 165/3/7 106/3/7
f 165/3/7 120/3/72 166/4/97
f 166/4/97 120/3/72 119/2/71
f 166/4/97 119/2/71 122/4/74
f 138/5/84 166/4/97 122/4/74
f 165/3/7 167/4/8 106/3/7
f 106/3/7 167/4/8 102/4/8
f 165/3/7 166/4/97 168/4/8
f 138/5/84 168/4/8 166/4/97
f 165/3/7 168/4/8 167/4/8
f 169/5/11 102/4/8 167/4/8
f 169/5/11 17/4/8 102/4/8
f 138/5/84 170/5/11 168/4/8
f 137/6/83 170/5/11 138/5/84
f 137/6/83 141/6/85 170/5/11
f 152/6/11 170/5/11 141/6/85
f 171/5/11 167/4/8 168/4/8
f 171/5/11 168/4/8 170/5/11
f 152/6/11 171/5/11 170/5/11
f 169/5/11 167/4/8 171/5/11
f 154/6/12 171/5/11 152/6/11
f 154/6/12 169/5/11 171/5/11
f 154/6/12 172/5/11 169/5/11
f 169/5/11 172/5/11 17/4/8
f 154/6/12 161/6/85 172/5/11
f 19/6/11 172/5/11 161/6/85
f 19/6/11 16/5/11 172/5/11
f 16/5/11 17/4/8 172/5/11
f 16/5/11 14/4/8 17/4/8
f 53/6/45 50/8/42 49/7/41
f 53/6/45 52/6/44 50/8/42
f 141/6/85 140/7/24 142/8/86
f 141/6/85 142/8/86 145/6/87
f 147/6/45 158/8/92 151/7/41
f 147/6/45 159/6/93 158/8/92
f 144/6/49 155/8/91 153/6/90
f 144/6/49 149/7/28 155/8/91
o Farm_Crop_Cauliflower_Step_02
v 0.574277 2.276195 0.304775
v 0.486602 2.156665 0.307513
v 0.699836 2.321108 0.337380
v 0.650569 2.270727 0.380369
v 0.602516 2.253545 0.258641
v 0.513444 2.133968 0.261884
v 0.731335 2.291997 0.303095
v 0.710233 2.224150 0.316341
v 0.665728 2.084097 0.344572
v 0.770141 2.236897 0.426030
v 0.748531 2.110093 0.501518
v 0.726645 2.261856 0.456185
v 0.705237 2.135618 0.529649
v 0.616633 2.029805 0.513741
v 0.540013 2.004180 0.455538
v 0.653494 1.996815 0.485262
v 0.571464 1.968451 0.422766
v 0.515728 2.010558 0.338092
v 0.488260 2.041653 0.377267
v 0.425723 2.276195 0.304775
v 0.513398 2.156665 0.307513
v 0.300164 2.321108 0.337380
v 0.349431 2.270727 0.380369
v 0.397485 2.253545 0.258641
v 0.486556 2.133968 0.261884
v 0.268665 2.291997 0.303095
v 0.289767 2.224150 0.316341
v 0.334272 2.084097 0.344572
v 0.229859 2.236897 0.426030
v 0.251469 2.110093 0.501518
v 0.273355 2.261856 0.456185
v 0.294763 2.135618 0.529649
v 0.383367 2.029805 0.513741
v 0.459987 2.004180 0.455538
v 0.346506 1.996815 0.485262
v 0.428536 1.968451 0.422766
v 0.484272 2.010558 0.338092
v 0.511740 2.041653 0.377267
v 0.574277 2.276195 0.695225
v 0.486602 2.156665 0.692487
v 0.699836 2.321108 0.662620
v 0.650569 2.270727 0.619631
v 0.602516 2.253545 0.741359
v 0.513444 2.133968 0.738116
v 0.731335 2.291997 0.696905
v 0.710232 2.224150 0.683659
v 0.665728 2.084097 0.655428
v 0.770141 2.236897 0.573970
v 0.748531 2.110093 0.498482
v 0.726645 2.261856 0.543816
v 0.705237 2.135618 0.470351
v 0.616633 2.029805 0.486258
v 0.540013 2.004180 0.544462
v 0.653494 1.996815 0.514738
v 0.571464 1.968451 0.577234
v 0.515728 2.010558 0.661908
v 0.488260 2.041653 0.622733
v 0.425723 2.276195 0.695225
v 0.513398 2.156665 0.692487
v 0.300164 2.321108 0.662620
v 0.349431 2.270727 0.619631
v 0.397485 2.253545 0.741359
v 0.486556 2.133968 0.738116
v 0.268665 2.291997 0.696905
v 0.289767 2.224150 0.683659
v 0.334272 2.084097 0.655428
v 0.229859 2.236897 0.573970
v 0.251469 2.110093 0.498482
v 0.273355 2.261856 0.543816
v 0.294763 2.135618 0.470351
v 0.383367 2.029805 0.486258
v 0.459987 2.004180 0.544462
v 0.346506 1.996815 0.514738
v 0.428536 1.968451 0.577234
v 0.484272 2.010558 0.661908
v 0.511740 2.041653 0.622733
v 0.520632 2.221506 0.301142
v 0.641814 2.311729 0.310558
v 0.603117 2.274334 0.340083
v 0.575009 2.269047 0.273200
v 0.548574 2.200116 0.253565
v 0.670068 2.285632 0.270147
v 0.651456 2.234972 0.273834
v 0.727718 2.263692 0.303424
v 0.692931 2.168756 0.327471
v 0.753306 2.224738 0.375637
v 0.763194 2.276462 0.362750
v 0.767361 2.178080 0.473797
v 0.757282 2.251394 0.454802
v 0.691199 2.266183 0.427466
v 0.725586 2.303939 0.393370
v 0.722214 2.202218 0.503303
v 0.668719 2.145547 0.479976
v 0.666272 2.073988 0.533165
v 0.734761 2.120585 0.537651
v 0.573636 2.006217 0.488767
v 0.631027 2.000415 0.516710
v 0.706281 2.044993 0.506032
v 0.672824 2.027115 0.426570
v 0.607327 1.970764 0.458851
v 0.538134 1.977591 0.383433
v 0.616298 2.006608 0.384044
v 0.542939 1.970610 0.449601
v 0.578611 2.036688 0.326155
v 0.501183 2.065734 0.292675
v 0.483115 2.014632 0.359001
v 0.509248 2.012020 0.418984
v 0.475137 2.092128 0.335094
v 0.536802 2.158028 0.345818
v 0.732185 2.105484 0.429553
v 0.584985 2.120610 0.279099
v 0.719711 2.313029 0.316925
v 0.477725 2.146036 0.276140
v 0.677065 2.308364 0.358379
v 0.479368 2.221506 0.301142
v 0.358186 2.311729 0.310558
v 0.396883 2.274334 0.340083
v 0.424991 2.269047 0.273200
v 0.451426 2.200116 0.253565
v 0.329932 2.285632 0.270147
v 0.348544 2.234972 0.273834
v 0.272282 2.263692 0.303424
v 0.307069 2.168756 0.327471
v 0.246694 2.224738 0.375637
v 0.236806 2.276462 0.362750
v 0.232639 2.178080 0.473797
v 0.242718 2.251394 0.454802
v 0.308800 2.266183 0.427466
v 0.274415 2.303939 0.393370
v 0.277786 2.202218 0.503303
v 0.331281 2.145547 0.479976
v 0.333728 2.073988 0.533165
v 0.265240 2.120585 0.537651
v 0.426364 2.006217 0.488767
v 0.368973 2.000415 0.516710
v 0.293719 2.044993 0.506032
v 0.327176 2.027115 0.426570
v 0.392673 1.970764 0.458851
v 0.461866 1.977591 0.383433
v 0.383702 2.006608 0.384044
v 0.457061 1.970610 0.449601
v 0.421389 2.036688 0.326155
v 0.498817 2.065734 0.292675
v 0.516886 2.014632 0.359001
v 0.490752 2.012020 0.418984
v 0.524863 2.092128 0.335094
v 0.463198 2.158028 0.345818
v 0.267815 2.105484 0.429553
v 0.415015 2.120610 0.279099
v 0.280289 2.313029 0.316925
v 0.522275 2.146036 0.276140
v 0.322935 2.308364 0.358379
v 0.520632 2.221506 0.698858
v 0.641814 2.311729 0.689442
v 0.603117 2.274334 0.659917
v 0.575009 2.269047 0.726800
v 0.548574 2.200116 0.746435
v 0.670068 2.285632 0.729853
v 0.651456 2.234972 0.726166
v 0.727718 2.263692 0.696576
v 0.692931 2.168756 0.672529
v 0.753306 2.224738 0.624363
v 0.763194 2.276462 0.637250
v 0.767361 2.178080 0.526203
v 0.757282 2.251394 0.545198
v 0.691199 2.266183 0.572534
v 0.725585 2.303939 0.606630
v 0.722214 2.202218 0.496697
v 0.668719 2.145547 0.520024
v 0.666272 2.073988 0.466835
v 0.734761 2.120585 0.462349
v 0.573636 2.006217 0.511233
v 0.631027 2.000415 0.483290
v 0.706281 2.044993 0.493968
v 0.672824 2.027115 0.573430
v 0.607327 1.970764 0.541149
v 0.538134 1.977592 0.616567
v 0.616298 2.006608 0.615956
v 0.542939 1.970610 0.550399
v 0.578611 2.036688 0.673845
v 0.501183 2.065734 0.707325
v 0.483115 2.014632 0.640998
v 0.509248 2.012020 0.581016
v 0.475137 2.092128 0.664906
v 0.536802 2.158028 0.654182
v 0.732185 2.105484 0.570447
v 0.584985 2.120610 0.720901
v 0.719711 2.313029 0.683075
v 0.477725 2.146036 0.723860
v 0.677065 2.308364 0.641621
v 0.479368 2.221506 0.698858
v 0.358186 2.311729 0.689442
v 0.396883 2.274334 0.659917
v 0.424991 2.269047 0.726800
v 0.451426 2.200116 0.746435
v 0.329932 2.285632 0.729853
v 0.348544 2.234972 0.726166
v 0.272282 2.263692 0.696576
v 0.307069 2.168756 0.672529
v 0.246694 2.224738 0.624363
v 0.236806 2.276462 0.637250
v 0.232639 2.178080 0.526203
v 0.242718 2.251394 0.545198
v 0.308800 2.266183 0.572534
v 0.274414 2.303939 0.606630
v 0.277786 2.202218 0.496697
v 0.331281 2.145547 0.520024
v 0.333728 2.073988 0.466835
v 0.265240 2.120585 0.462349
v 0.426364 2.006217 0.511233
v 0.368973 2.000415 0.483290
v 0.293719 2.044993 0.493968
v 0.327176 2.027115 0.573430
v 0.392673 1.970764 0.541149
v 0.461866 1.977592 0.616567
v 0.383702 2.006608 0.615956
v 0.457061 1.970610 0.550399
v 0.421389 2.036688 0.673845
v 0.498817 2.065734 0.707325
v 0.516886 2.014632 0.640998
v 0.490752 2.012020 0.581016
v 0.524863 2.092128 0.664906
v 0.463198 2.158028 0.654182
v 0.267815 2.105484 0.570447
v 0.415015 2.120610 0.720901
v 0.280289 2.313029 0.683075
v 0.522275 2.146036 0.723860
v 0.322935 2.308364 0.641621
v 0.513819 2.214134 0.267279
v 0.567255 2.220145 0.342291
v 0.652852 2.303861 0.284467
v 0.640431 2.305794 0.334232
v 0.616999 2.182691 0.273705
v 0.685110 2.265519 0.275257
v 0.755801 2.258477 0.345647
v 0.746647 2.169480 0.404347
v 0.750906 2.294459 0.381704
v 0.754834 2.190441 0.509440
v 0.681721 2.209360 0.456984
v 0.701025 2.300244 0.394054
v 0.651384 2.096565 0.500269
v 0.688113 2.052431 0.537768
v 0.582320 1.974377 0.486915
v 0.709947 2.055139 0.455271
v 0.634387 1.997001 0.420304
v 0.508676 1.981339 0.406861
v 0.580657 2.002404 0.361795
v 0.553563 2.071156 0.292453
v 0.469110 2.073920 0.310383
v 0.510335 2.109728 0.354241
v 0.486181 2.214134 0.267279
v 0.432745 2.220145 0.342291
v 0.347148 2.303861 0.284467
v 0.359569 2.305794 0.334232
v 0.383001 2.182691 0.273705
v 0.314890 2.265519 0.275257
v 0.244199 2.258477 0.345647
v 0.253353 2.169480 0.404347
v 0.249094 2.294459 0.381704
v 0.245166 2.190441 0.509440
v 0.318279 2.209360 0.456984
v 0.298975 2.300244 0.394054
v 0.348616 2.096565 0.500269
v 0.311887 2.052431 0.537768
v 0.417680 1.974377 0.486915
v 0.290053 2.055139 0.455271
v 0.365613 1.997001 0.420304
v 0.491324 1.981339 0.406861
v 0.419343 2.002404 0.361795
v 0.446437 2.071156 0.292453
v 0.530890 2.073920 0.310383
v 0.489665 2.109728 0.354241
v 0.513819 2.214134 0.732721
v 0.567255 2.220145 0.657709
v 0.652852 2.303861 0.715533
v 0.640431 2.305794 0.665768
v 0.616999 2.182691 0.726295
v 0.685110 2.265519 0.724743
v 0.755801 2.258477 0.654353
v 0.746647 2.169480 0.595653
v 0.750906 2.294459 0.618295
v 0.754834 2.190441 0.490560
v 0.681721 2.209360 0.543016
v 0.701025 2.300244 0.605946
v 0.651384 2.096565 0.499731
v 0.688113 2.052431 0.462232
v 0.582320 1.974377 0.513085
v 0.709947 2.055139 0.544729
v 0.634387 1.997001 0.579696
v 0.508676 1.981339 0.593139
v 0.580657 2.002404 0.638205
v 0.553563 2.071156 0.707547
v 0.469110 2.073920 0.689617
v 0.510335 2.109728 0.645759
v 0.486181 2.214134 0.732721
v 0.432745 2.220145 0.657709
v 0.347148 2.303861 0.715533
v 0.359569 2.305794 0.665768
v 0.383001 2.182691 0.726295
v 0.314890 2.265519 0.724743
v 0.244199 2.258477 0.654353
v 0.253353 2.169480 0.595653
v 0.249094 2.294459 0.618295
v 0.245166 2.190441 0.490560
v 0.318279 2.209360 0.543016
v 0.298975 2.300244 0.605946
v 0.348616 2.096565 0.499731
v 0.311887 2.052431 0.462232
v 0.417680 1.974377 0.513085
v 0.290053 2.055139 0.544729
v 0.365613 1.997001 0.579696
v 0.491324 1.981339 0.593139
v 0.419343 2.002404 0.638205
v 0.446437 2.071156 0.707547
v 0.530890 2.073920 0.689617
v 0.489665 2.109728 0.645759
v 0.623283 2.311688 0.623283
v 0.623283 2.311688 0.376717
v 0.376717 2.311688 0.623283
v 0.376717 2.311688 0.376717
v 0.650299 2.188405 0.650299
v 0.641266 2.261549 0.641266
v 0.641266 2.329671 0.573144
v 0.650299 2.338704 0.500000
v 0.641266 2.329671 0.426856
v 0.641266 2.261549 0.358734
v 0.650299 2.188405 0.349701
v 0.573144 2.329671 0.358734
v 0.500000 2.338704 0.349701
v 0.426856 2.329671 0.358734
v 0.358734 2.261549 0.358734
v 0.349701 2.188405 0.349701
v 0.358734 2.329671 0.426856
v 0.349701 2.338704 0.500000
v 0.358734 2.329671 0.573144
v 0.358734 2.261549 0.641266
v 0.349701 2.188405 0.650299
v 0.426856 2.329671 0.641266
v 0.500000 2.338704 0.650299
v 0.573144 2.329671 0.641266
v 0.692773 2.188405 0.582141
v 0.679745 2.266359 0.577954
v 0.706994 2.188405 0.500000
v 0.692773 2.270546 0.500000
v 0.692773 2.188405 0.417859
v 0.679745 2.266359 0.422046
v 0.582141 2.188405 0.307227
v 0.577954 2.266359 0.320255
v 0.500000 2.188405 0.293006
v 0.500000 2.270546 0.307227
v 0.417859 2.188405 0.307227
v 0.422046 2.266359 0.320255
v 0.307227 2.188405 0.417859
v 0.320255 2.266359 0.422046
v 0.293006 2.188405 0.500000
v 0.307227 2.270546 0.500000
v 0.307227 2.188405 0.582141
v 0.320255 2.266359 0.577954
v 0.417859 2.188405 0.692773
v 0.422046 2.266359 0.679745
v 0.500000 2.188405 0.706994
v 0.500000 2.270546 0.692773
v 0.582141 2.188405 0.692773
v 0.577954 2.266359 0.679745
v 0.422046 2.368149 0.422046
v 0.500000 2.381178 0.417859
v 0.577954 2.368149 0.422046
v 0.417859 2.381178 0.500000
v 0.500000 2.395399 0.500000
v 0.582141 2.381178 0.500000
v 0.422046 2.368149 0.577954
v 0.500000 2.381178 0.582141
v 0.577954 2.368149 0.577954
v 0.704910 2.199861 0.574415
v 0.694925 2.259610 0.571205
v 0.704910 2.262819 0.511456
v 0.715810 2.199861 0.511456
v 0.715810 2.199861 0.488544
v 0.704910 2.262819 0.488544
v 0.694925 2.259610 0.428795
v 0.704910 2.199861 0.425585
v 0.664372 2.199312 0.648049
v 0.657448 2.255374 0.641126
v 0.686941 2.259061 0.592599
v 0.696926 2.199312 0.595809
v 0.651791 2.274544 0.638352
v 0.638008 2.312974 0.624569
v 0.651791 2.326757 0.586139
v 0.681284 2.278230 0.589826
v 0.686941 2.281004 0.570656
v 0.657448 2.329531 0.566970
v 0.664372 2.336454 0.510907
v 0.696926 2.284213 0.510907
v 0.696926 2.284213 0.489093
v 0.664372 2.336454 0.489093
v 0.657448 2.329531 0.433030
v 0.686941 2.281004 0.429344
v 0.681284 2.278230 0.410174
v 0.651791 2.326757 0.413861
v 0.638008 2.312974 0.375431
v 0.651791 2.274544 0.361648
v 0.696926 2.199312 0.404191
v 0.686941 2.259061 0.407401
v 0.657448 2.255374 0.358874
v 0.664372 2.199312 0.351951
v 0.574415 2.199861 0.295090
v 0.571205 2.259610 0.305075
v 0.511456 2.262819 0.295090
v 0.511456 2.199861 0.284189
v 0.488544 2.199861 0.284190
v 0.488544 2.262819 0.295090
v 0.428795 2.259610 0.305075
v 0.425585 2.199861 0.295090
v 0.648049 2.199312 0.335628
v 0.641126 2.255374 0.342552
v 0.592599 2.259061 0.313059
v 0.595809 2.199312 0.303074
v 0.638352 2.274544 0.348209
v 0.624569 2.312974 0.361992
v 0.586139 2.326757 0.348209
v 0.589826 2.278230 0.318716
v 0.570656 2.281004 0.313059
v 0.566970 2.329531 0.342552
v 0.510907 2.336454 0.335628
v 0.510907 2.284213 0.303074
v 0.489093 2.284213 0.303074
v 0.489093 2.336454 0.335628
v 0.433030 2.329531 0.342552
v 0.429344 2.281004 0.313059
v 0.410174 2.278230 0.318716
v 0.413861 2.326757 0.348209
v 0.375431 2.312974 0.361992
v 0.361648 2.274544 0.348209
v 0.404191 2.199312 0.303074
v 0.407401 2.259061 0.313059
v 0.358874 2.255374 0.342552
v 0.351951 2.199312 0.335628
v 0.295090 2.199861 0.425585
v 0.305075 2.259610 0.428795
v 0.295090 2.262819 0.488544
v 0.284190 2.199861 0.488544
v 0.284190 2.199861 0.511456
v 0.295090 2.262819 0.511456
v 0.305076 2.259610 0.571205
v 0.295090 2.199861 0.574415
v 0.335628 2.199312 0.351951
v 0.342552 2.255374 0.358874
v 0.313059 2.259061 0.407401
v 0.303074 2.199312 0.404191
v 0.348209 2.274544 0.361648
v 0.361992 2.312974 0.375431
v 0.348209 2.326757 0.413861
v 0.318716 2.278230 0.410174
v 0.313059 2.281004 0.429344
v 0.342552 2.329531 0.433030
v 0.335628 2.336454 0.489093
v 0.303074 2.284213 0.489093
v 0.303074 2.284213 0.510907
v 0.335628 2.336454 0.510907
v 0.342552 2.329531 0.566970
v 0.313060 2.281004 0.570656
v 0.318716 2.278230 0.589826
v 0.348209 2.326757 0.586139
v 0.361992 2.312974 0.624569
v 0.348209 2.274544 0.638352
v 0.303074 2.199312 0.595809
v 0.313060 2.259061 0.592599
v 0.342552 2.255374 0.641126
v 0.335628 2.199312 0.648049
v 0.425585 2.199861 0.704910
v 0.428795 2.259610 0.694925
v 0.488544 2.262819 0.704910
v 0.488544 2.199861 0.715810
v 0.511456 2.199861 0.715810
v 0.511456 2.262819 0.704910
v 0.571205 2.259610 0.694924
v 0.574415 2.199861 0.704910
v 0.351951 2.199312 0.664371
v 0.358874 2.255374 0.657448
v 0.407401 2.259061 0.686941
v 0.404191 2.199312 0.696926
v 0.361648 2.274544 0.651791
v 0.375431 2.312974 0.638008
v 0.413861 2.326757 0.651791
v 0.410174 2.278230 0.681284
v 0.429344 2.281004 0.686941
v 0.433030 2.329531 0.657448
v 0.489093 2.336454 0.664372
v 0.489093 2.284213 0.696926
v 0.510907 2.284213 0.696926
v 0.510907 2.336454 0.664372
v 0.566970 2.329531 0.657448
v 0.570656 2.281004 0.686940
v 0.589826 2.278230 0.681284
v 0.586139 2.326757 0.651791
v 0.624569 2.312974 0.638008
v 0.638352 2.274544 0.651791
v 0.595809 2.199312 0.696926
v 0.592599 2.259061 0.686940
v 0.641126 2.255374 0.657448
v 0.648049 2.199312 0.664372
v 0.428795 2.383329 0.428795
v 0.488544 2.393315 0.425585
v 0.488544 2.404215 0.488544
v 0.425585 2.393315 0.488544
v 0.511456 2.393315 0.425585
v 0.571205 2.383329 0.428795
v 0.574415 2.393315 0.488544
v 0.511456 2.404215 0.488544
v 0.425585 2.393315 0.511456
v 0.488544 2.404215 0.511456
v 0.488544 2.393315 0.574415
v 0.428795 2.383329 0.571205
v 0.511456 2.404215 0.511456
v 0.574415 2.393315 0.511456
v 0.571205 2.383329 0.571205
v 0.511456 2.393315 0.574415
v 0.375431 2.326413 0.375431
v 0.413861 2.340196 0.361648
v 0.410174 2.369688 0.410174
v 0.361648 2.340196 0.413861
v 0.433030 2.345853 0.358874
v 0.489093 2.352776 0.351951
v 0.489093 2.385331 0.404191
v 0.429344 2.375345 0.407401
v 0.510907 2.352776 0.351951
v 0.566970 2.345853 0.358874
v 0.570656 2.375345 0.407401
v 0.510907 2.385331 0.404191
v 0.586139 2.340196 0.361648
v 0.624569 2.326413 0.375431
v 0.638352 2.340196 0.413861
v 0.589826 2.369688 0.410174
v 0.592599 2.375345 0.429344
v 0.641126 2.345853 0.433030
v 0.648049 2.352776 0.489093
v 0.595809 2.385331 0.489093
v 0.595809 2.385331 0.510907
v 0.648049 2.352776 0.510907
v 0.641126 2.345853 0.566970
v 0.592599 2.375345 0.570656
v 0.589826 2.369688 0.589826
v 0.638352 2.340196 0.586139
v 0.624569 2.326413 0.624569
v 0.586139 2.340196 0.638352
v 0.510907 2.385331 0.595809
v 0.570656 2.375345 0.592599
v 0.566970 2.345853 0.641126
v 0.510907 2.352776 0.648049
v 0.429344 2.375345 0.592599
v 0.489093 2.385331 0.595809
v 0.489093 2.352776 0.648049
v 0.433030 2.345853 0.641126
v 0.361648 2.340196 0.586139
v 0.410174 2.369688 0.589826
v 0.413861 2.340196 0.638352
v 0.375431 2.326413 0.624569
v 0.351951 2.352776 0.510907
v 0.404191 2.385331 0.510907
v 0.407401 2.375345 0.570656
v 0.358874 2.345853 0.566970
v 0.358874 2.345853 0.433030
v 0.407401 2.375345 0.429344
v 0.404191 2.385331 0.489093
v 0.351951 2.352776 0.489093
v 0.404300 2.006213 0.404300
v 0.448207 1.964722 0.448207
v 0.364659 2.006213 0.500000
v 0.426754 1.964722 0.500000
v 0.404300 2.006213 0.595700
v 0.448207 1.964722 0.551793
v 0.500000 2.006213 0.635341
v 0.500000 1.964722 0.573246
v 0.595700 2.006213 0.595700
v 0.551793 1.964722 0.551793
v 0.635341 2.006213 0.500000
v 0.573246 1.964722 0.500000
v 0.595700 2.006213 0.404300
v 0.551793 1.964722 0.448207
v 0.500000 1.950153 0.500000
v 0.500000 2.006213 0.364659
v 0.500000 1.964722 0.426754
v -0.574277 2.276195 0.304775
v -0.486602 2.156665 0.307513
v -0.699836 2.321108 0.337380
v -0.650569 2.270727 0.380369
v -0.602515 2.253545 0.258641
v -0.513444 2.133968 0.261884
v -0.731335 2.291997 0.303095
v -0.710232 2.224150 0.316341
v -0.665728 2.084097 0.344572
v -0.770141 2.236897 0.426030
v -0.748531 2.110093 0.501518
v -0.726645 2.261856 0.456185
v -0.705237 2.135618 0.529649
v -0.616633 2.029805 0.513741
v -0.540013 2.004180 0.455538
v -0.653494 1.996815 0.485262
v -0.571464 1.968451 0.422766
v -0.515728 2.010558 0.338092
v -0.488260 2.041653 0.377267
v -0.425723 2.276195 0.304775
v -0.513398 2.156665 0.307513
v -0.300164 2.321108 0.337380
v -0.349431 2.270727 0.380369
v -0.397485 2.253545 0.258641
v -0.486556 2.133968 0.261884
v -0.268665 2.291997 0.303095
v -0.289767 2.224150 0.316341
v -0.334272 2.084097 0.344572
v -0.229859 2.236897 0.426030
v -0.251469 2.110093 0.501518
v -0.273355 2.261856 0.456185
v -0.294763 2.135618 0.529649
v -0.383367 2.029805 0.513741
v -0.459987 2.004180 0.455538
v -0.346506 1.996815 0.485262
v -0.428536 1.968451 0.422766
v -0.484272 2.010558 0.338092
v -0.511740 2.041653 0.377267
v -0.574277 2.276195 0.695225
v -0.486602 2.156665 0.692487
v -0.699836 2.321108 0.662620
v -0.650569 2.270727 0.619631
v -0.602515 2.253545 0.741359
v -0.513444 2.133968 0.738116
v -0.731335 2.291997 0.696905
v -0.710232 2.224150 0.683659
v -0.665728 2.084097 0.655428
v -0.770141 2.236897 0.573970
v -0.748531 2.110093 0.498482
v -0.726645 2.261856 0.543816
v -0.705237 2.135618 0.470351
v -0.616633 2.029805 0.486258
v -0.540013 2.004180 0.544462
v -0.653494 1.996815 0.514738
v -0.571464 1.968451 0.577234
v -0.515728 2.010558 0.661908
v -0.488260 2.041653 0.622733
v -0.425723 2.276195 0.695225
v -0.513398 2.156665 0.692487
v -0.300164 2.321108 0.662620
v -0.349431 2.270727 0.619631
v -0.397485 2.253545 0.741359
v -0.486556 2.133968 0.738116
v -0.268665 2.291997 0.696905
v -0.289767 2.224150 0.683659
v -0.334272 2.084097 0.655428
v -0.229859 2.236897 0.573970
v -0.251469 2.110093 0.498482
v -0.273355 2.261856 0.543816
v -0.294763 2.135618 0.470351
v -0.383367 2.029805 0.486258
v -0.459987 2.004180 0.544462
v -0.346506 1.996815 0.514738
v -0.428536 1.968451 0.577234
v -0.484272 2.010558 0.661908
v -0.511740 2.041653 0.622733
v -0.520632 2.221506 0.301142
v -0.641814 2.311729 0.310558
v -0.603117 2.274334 0.340083
v -0.575009 2.269047 0.273200
v -0.548574 2.200116 0.253565
v -0.670068 2.285632 0.270147
v -0.651456 2.234972 0.273834
v -0.727718 2.263692 0.303424
v -0.692931 2.168756 0.327471
v -0.753306 2.224738 0.375637
v -0.763194 2.276462 0.362750
v -0.767360 2.178080 0.473797
v -0.757282 2.251394 0.454802
v -0.691199 2.266183 0.427466
v -0.725585 2.303939 0.393370
v -0.722214 2.202218 0.503303
v -0.668719 2.145547 0.479976
v -0.666271 2.073988 0.533165
v -0.734761 2.120585 0.537651
v -0.573636 2.006217 0.488767
v -0.631027 2.000415 0.516710
v -0.706281 2.044993 0.506032
v -0.672824 2.027115 0.426570
v -0.607327 1.970764 0.458851
v -0.538134 1.977591 0.383433
v -0.616298 2.006608 0.384044
v -0.542939 1.970610 0.449601
v -0.578611 2.036688 0.326155
v -0.501183 2.065734 0.292675
v -0.483114 2.014632 0.359001
v -0.509248 2.012020 0.418984
v -0.475137 2.092128 0.335094
v -0.536802 2.158028 0.345818
v -0.732185 2.105484 0.429553
v -0.584985 2.120610 0.279099
v -0.719711 2.313029 0.316925
v -0.477725 2.146036 0.276140
v -0.677065 2.308364 0.358379
v -0.479368 2.221506 0.301142
v -0.358186 2.311729 0.310558
v -0.396883 2.274334 0.340083
v -0.424991 2.269047 0.273200
v -0.451426 2.200116 0.253565
v -0.329932 2.285632 0.270147
v -0.348544 2.234972 0.273834
v -0.272282 2.263692 0.303424
v -0.307069 2.168756 0.327471
v -0.246694 2.224738 0.375637
v -0.236806 2.276462 0.362750
v -0.232639 2.178080 0.473797
v -0.242718 2.251394 0.454802
v -0.308800 2.266183 0.427466
v -0.274415 2.303939 0.393370
v -0.277786 2.202218 0.503303
v -0.331281 2.145547 0.479976
v -0.333728 2.073988 0.533165
v -0.265240 2.120585 0.537651
v -0.426364 2.006217 0.488767
v -0.368973 2.000415 0.516710
v -0.293719 2.044993 0.506032
v -0.327176 2.027115 0.426570
v -0.392673 1.970764 0.458851
v -0.461866 1.977591 0.383433
v -0.383702 2.006608 0.384044
v -0.457061 1.970610 0.449601
v -0.421389 2.036688 0.326155
v -0.498817 2.065734 0.292675
v -0.516886 2.014632 0.359001
v -0.490752 2.012020 0.418984
v -0.524863 2.092128 0.335094
v -0.463198 2.158028 0.345818
v -0.267815 2.105484 0.429553
v -0.415015 2.120610 0.279099
v -0.280289 2.313029 0.316925
v -0.522275 2.146036 0.276140
v -0.322935 2.308364 0.358379
v -0.520632 2.221506 0.698858
v -0.641814 2.311729 0.689442
v -0.603117 2.274334 0.659917
v -0.575009 2.269047 0.726800
v -0.548574 2.200116 0.746435
v -0.670068 2.285632 0.729853
v -0.651456 2.234972 0.726166
v -0.727718 2.263692 0.696576
v -0.692931 2.168756 0.672529
v -0.753306 2.224738 0.624363
v -0.763194 2.276462 0.637250
v -0.767360 2.178080 0.526203
v -0.757282 2.251394 0.545198
v -0.691199 2.266183 0.572534
v -0.725585 2.303939 0.606630
v -0.722214 2.202218 0.496697
v -0.668719 2.145547 0.520024
v -0.666271 2.073988 0.466835
v -0.734761 2.120585 0.462349
v -0.573636 2.006217 0.511233
v -0.631027 2.000415 0.483290
v -0.706281 2.044993 0.493968
v -0.672824 2.027115 0.573430
v -0.607327 1.970764 0.541149
v -0.538134 1.977592 0.616567
v -0.616298 2.006608 0.615956
v -0.542939 1.970610 0.550399
v -0.578611 2.036688 0.673845
v -0.501183 2.065734 0.707325
v -0.483114 2.014632 0.640998
v -0.509248 2.012020 0.581016
v -0.475137 2.092128 0.664906
v -0.536802 2.158028 0.654182
v -0.732185 2.105484 0.570447
v -0.584985 2.120610 0.720901
v -0.719711 2.313029 0.683075
v -0.477725 2.146036 0.723860
v -0.677065 2.308364 0.641621
v -0.479368 2.221506 0.698858
v -0.358186 2.311729 0.689442
v -0.396883 2.274334 0.659917
v -0.424991 2.269047 0.726800
v -0.451426 2.200116 0.746435
v -0.329932 2.285632 0.729853
v -0.348544 2.234972 0.726166
v -0.272282 2.263692 0.696576
v -0.307069 2.168756 0.672529
v -0.246694 2.224738 0.624363
v -0.236806 2.276462 0.637250
v -0.232639 2.178080 0.526203
v -0.242718 2.251394 0.545198
v -0.308800 2.266183 0.572534
v -0.274414 2.303939 0.606630
v -0.277786 2.202218 0.496697
v -0.331281 2.145547 0.520024
v -0.333728 2.073988 0.466835
v -0.265240 2.120585 0.462349
v -0.426364 2.006217 0.511233
v -0.368973 2.000415 0.483290
v -0.293719 2.044993 0.493968
v -0.327176 2.027115 0.573430
v -0.392673 1.970764 0.541149
v -0.461866 1.977592 0.616567
v -0.383702 2.006608 0.615956
v -0.457061 1.970610 0.550399
v -0.421389 2.036688 0.673845
v -0.498817 2.065734 0.707325
v -0.516886 2.014632 0.640998
v -0.490752 2.012020 0.581016
v -0.524863 2.092128 0.664906
v -0.463198 2.158028 0.654182
v -0.267815 2.105484 0.570447
v -0.415015 2.120610 0.720901
v -0.280289 2.313029 0.683075
v -0.522275 2.146036 0.723860
v -0.322935 2.308364 0.641621
v -0.513819 2.214134 0.267279
v -0.567255 2.220145 0.342291
v -0.652852 2.303861 0.284467
v -0.640431 2.305794 0.334232
v -0.616999 2.182691 0.273705
v -0.685110 2.265519 0.275257
v -0.755801 2.258477 0.345647
v -0.746647 2.169480 0.404347
v -0.750906 2.294459 0.381704
v -0.754834 2.190441 0.509440
v -0.681721 2.209360 0.456984
v -0.701025 2.300244 0.394054
v -0.651384 2.096565 0.500269
v -0.688113 2.052431 0.537768
v -0.582320 1.974377 0.486915
v -0.709947 2.055139 0.455271
v -0.634387 1.997001 0.420304
v -0.508676 1.981339 0.406861
v -0.580657 2.002404 0.361795
v -0.553563 2.071156 0.292453
v -0.469110 2.073920 0.310383
v -0.510335 2.109728 0.354241
v -0.486181 2.214134 0.267279
v -0.432745 2.220145 0.342291
v -0.347148 2.303861 0.284467
v -0.359569 2.305794 0.334232
v -0.383001 2.182691 0.273705
v -0.314890 2.265519 0.275257
v -0.244199 2.258477 0.345647
v -0.253353 2.169480 0.404347
v -0.249094 2.294459 0.381704
v -0.245166 2.190441 0.509440
v -0.318279 2.209360 0.456984
v -0.298975 2.300244 0.394054
v -0.348616 2.096565 0.500269
v -0.311887 2.052431 0.537768
v -0.417680 1.974377 0.486915
v -0.290053 2.055139 0.455271
v -0.365613 1.997001 0.420304
v -0.491324 1.981339 0.406861
v -0.419343 2.002404 0.361795
v -0.446437 2.071156 0.292453
v -0.530890 2.073920 0.310383
v -0.489665 2.109728 0.354241
v -0.513819 2.214134 0.732721
v -0.567255 2.220145 0.657709
v -0.652852 2.303861 0.715533
v -0.640431 2.305794 0.665768
v -0.616999 2.182691 0.726295
v -0.685110 2.265519 0.724743
v -0.755801 2.258477 0.654353
v -0.746647 2.169480 0.595653
v -0.750906 2.294459 0.618295
v -0.754834 2.190441 0.490560
v -0.681721 2.209360 0.543016
v -0.701025 2.300244 0.605946
v -0.651384 2.096565 0.499731
v -0.688113 2.052431 0.462232
v -0.582320 1.974377 0.513085
v -0.709947 2.055139 0.544729
v -0.634387 1.997001 0.579696
v -0.508676 1.981339 0.593139
v -0.580657 2.002404 0.638205
v -0.553563 2.071156 0.707547
v -0.469110 2.073920 0.689617
v -0.510335 2.109728 0.645759
v -0.486181 2.214134 0.732721
v -0.432745 2.220145 0.657709
v -0.347148 2.303861 0.715533
v -0.359569 2.305794 0.665768
v -0.383001 2.182691 0.726295
v -0.314890 2.265519 0.724743
v -0.244199 2.258477 0.654353
v -0.253353 2.169480 0.595653
v -0.249094 2.294459 0.618295
v -0.245166 2.190441 0.490560
v -0.318279 2.209360 0.543016
v -0.298975 2.300244 0.605946
v -0.348616 2.096565 0.499731
v -0.311887 2.052431 0.462232
v -0.417680 1.974377 0.513085
v -0.290053 2.055139 0.544729
v -0.365613 1.997001 0.579696
v -0.491324 1.981339 0.593139
v -0.419343 2.002404 0.638205
v -0.446437 2.071156 0.707547
v -0.530890 2.073920 0.689617
v -0.489665 2.109728 0.645759
v -0.623283 2.311688 0.623283
v -0.623283 2.311688 0.376717
v -0.376717 2.311688 0.623283
v -0.376717 2.311688 0.376717
v -0.650299 2.188405 0.650299
v -0.641266 2.261549 0.641266
v -0.641266 2.329671 0.573144
v -0.650299 2.338704 0.500000
v -0.641266 2.329671 0.426856
v -0.641266 2.261549 0.358734
v -0.650299 2.188405 0.349701
v -0.573144 2.329671 0.358734
v -0.500000 2.338704 0.349701
v -0.426856 2.329671 0.358734
v -0.358734 2.261549 0.358734
v -0.349701 2.188405 0.349701
v -0.358734 2.329671 0.426856
v -0.349701 2.338704 0.500000
v -0.358734 2.329671 0.573144
v -0.358734 2.261549 0.641266
v -0.349701 2.188405 0.650299
v -0.426856 2.329671 0.641266
v -0.500000 2.338704 0.650299
v -0.573144 2.329671 0.641266
v -0.692773 2.188405 0.582141
v -0.679745 2.266359 0.577954
v -0.706994 2.188405 0.500000
v -0.692773 2.270546 0.500000
v -0.692773 2.188405 0.417859
v -0.679745 2.266359 0.422046
v -0.582141 2.188405 0.307227
v -0.577954 2.266359 0.320255
v -0.500000 2.188405 0.293006
v -0.500000 2.270546 0.307227
v -0.417859 2.188405 0.307227
v -0.422046 2.266359 0.320255
v -0.307227 2.188405 0.417859
v -0.320255 2.266359 0.422046
v -0.293006 2.188405 0.500000
v -0.307227 2.270546 0.500000
v -0.307227 2.188405 0.582141
v -0.320255 2.266359 0.577954
v -0.417859 2.188405 0.692773
v -0.422046 2.266359 0.679745
v -0.500000 2.188405 0.706994
v -0.500000 2.270546 0.692773
v -0.582141 2.188405 0.692773
v -0.577954 2.266359 0.679745
v -0.422046 2.368149 0.422046
v -0.500000 2.381178 0.417859
v -0.577954 2.368149 0.422046
v -0.417859 2.381178 0.500000
v -0.500000 2.395399 0.500000
v -0.582141 2.381178 0.500000
v -0.422046 2.368149 0.577954
v -0.500000 2.381178 0.582141
v -0.577954 2.368149 0.577954
v -0.704910 2.199861 0.574415
v -0.694925 2.259610 0.571205
v -0.704910 2.262819 0.511456
v -0.715810 2.199861 0.511456
v -0.715810 2.199861 0.488544
v -0.704910 2.262819 0.488544
v -0.694924 2.259610 0.428795
v -0.704910 2.199861 0.425585
v -0.664371 2.199312 0.648049
v -0.657448 2.255374 0.641126
v -0.686941 2.259061 0.592599
v -0.696926 2.199312 0.595809
v -0.651791 2.274544 0.638352
v -0.638008 2.312974 0.624569
v -0.651791 2.326757 0.586139
v -0.681284 2.278230 0.589826
v -0.686941 2.281004 0.570656
v -0.657448 2.329531 0.566970
v -0.664372 2.336454 0.510907
v -0.696926 2.284213 0.510907
v -0.696926 2.284213 0.489093
v -0.664372 2.336454 0.489093
v -0.657448 2.329531 0.433030
v -0.686941 2.281004 0.429344
v -0.681284 2.278230 0.410174
v -0.651791 2.326757 0.413861
v -0.638008 2.312974 0.375431
v -0.651791 2.274544 0.361648
v -0.696926 2.199312 0.404191
v -0.686941 2.259061 0.407401
v -0.657448 2.255374 0.358874
v -0.664372 2.199312 0.351951
v -0.574415 2.199861 0.295090
v -0.571205 2.259610 0.305075
v -0.511456 2.262819 0.295090
v -0.511456 2.199861 0.284189
v -0.488544 2.199861 0.284190
v -0.488544 2.262819 0.295090
v -0.428795 2.259610 0.305075
v -0.425585 2.199861 0.295090
v -0.648049 2.199312 0.335628
v -0.641126 2.255374 0.342552
v -0.592599 2.259061 0.313059
v -0.595809 2.199312 0.303074
v -0.638352 2.274544 0.348209
v -0.624569 2.312974 0.361992
v -0.586139 2.326757 0.348209
v -0.589826 2.278230 0.318716
v -0.570656 2.281004 0.313059
v -0.566970 2.329531 0.342552
v -0.510907 2.336454 0.335628
v -0.510907 2.284213 0.303074
v -0.489093 2.284213 0.303074
v -0.489093 2.336454 0.335628
v -0.433030 2.329531 0.342552
v -0.429344 2.281004 0.313059
v -0.410174 2.278230 0.318716
v -0.413861 2.326757 0.348209
v -0.375431 2.312974 0.361992
v -0.361648 2.274544 0.348209
v -0.404191 2.199312 0.303074
v -0.407401 2.259061 0.313059
v -0.358874 2.255374 0.342552
v -0.351951 2.199312 0.335628
v -0.295090 2.199861 0.425585
v -0.305075 2.259610 0.428795
v -0.295090 2.262819 0.488544
v -0.284190 2.199861 0.488544
v -0.284190 2.199861 0.511456
v -0.295090 2.262819 0.511456
v -0.305076 2.259610 0.571205
v -0.295090 2.199861 0.574415
v -0.335628 2.199312 0.351951
v -0.342552 2.255374 0.358874
v -0.313059 2.259061 0.407401
v -0.303074 2.199312 0.404191
v -0.348209 2.274544 0.361648
v -0.361992 2.312974 0.375431
v -0.348209 2.326757 0.413861
v -0.318716 2.278230 0.410174
v -0.313059 2.281004 0.429344
v -0.342552 2.329531 0.433030
v -0.335628 2.336454 0.489093
v -0.303074 2.284213 0.489093
v -0.303074 2.284213 0.510907
v -0.335628 2.336454 0.510907
v -0.342552 2.329531 0.566970
v -0.313060 2.281004 0.570656
v -0.318716 2.278230 0.589826
v -0.348209 2.326757 0.586139
v -0.361992 2.312974 0.624569
v -0.348209 2.274544 0.638352
v -0.303074 2.199312 0.595809
v -0.313060 2.259061 0.592599
v -0.342552 2.255374 0.641126
v -0.335628 2.199312 0.648049
v -0.425585 2.199861 0.704910
v -0.428795 2.259610 0.694925
v -0.488544 2.262819 0.704910
v -0.488544 2.199861 0.715810
v -0.511456 2.199861 0.715810
v -0.511456 2.262819 0.704910
v -0.571205 2.259610 0.694924
v -0.574415 2.199861 0.704910
v -0.351951 2.199312 0.664371
v -0.358874 2.255374 0.657448
v -0.407401 2.259061 0.686941
v -0.404191 2.199312 0.696926
v -0.361648 2.274544 0.651791
v -0.375431 2.312974 0.638008
v -0.413861 2.326757 0.651791
v -0.410174 2.278230 0.681284
v -0.429344 2.281004 0.686941
v -0.433030 2.329531 0.657448
v -0.489093 2.336454 0.664372
v -0.489093 2.284213 0.696926
v -0.510907 2.284213 0.696926
v -0.510907 2.336454 0.664372
v -0.566970 2.329531 0.657448
v -0.570656 2.281004 0.686940
v -0.589826 2.278230 0.681284
v -0.586139 2.326757 0.651791
v -0.624569 2.312974 0.638008
v -0.638352 2.274544 0.651791
v -0.595809 2.199312 0.696926
v -0.592599 2.259061 0.686940
v -0.641126 2.255374 0.657448
v -0.648049 2.199312 0.664372
v -0.428795 2.383329 0.428795
v -0.488544 2.393315 0.425585
v -0.488544 2.404215 0.488544
v -0.425585 2.393315 0.488544
v -0.511456 2.393315 0.425585
v -0.571205 2.383329 0.428795
v -0.574415 2.393315 0.488544
v -0.511456 2.404215 0.488544
v -0.425585 2.393315 0.511456
v -0.488544 2.404215 0.511456
v -0.488544 2.393315 0.574415
v -0.428795 2.383329 0.571205
v -0.511456 2.404215 0.511456
v -0.574415 2.393315 0.511456
v -0.571205 2.383329 0.571205
v -0.511456 2.393315 0.574415
v -0.375431 2.326413 0.375431
v -0.413861 2.340196 0.361648
v -0.410174 2.369688 0.410174
v -0.361648 2.340196 0.413861
v -0.433030 2.345853 0.358874
v -0.489093 2.352776 0.351951
v -0.489093 2.385331 0.404191
v -0.429344 2.375345 0.407401
v -0.510907 2.352776 0.351951
v -0.566970 2.345853 0.358874
v -0.570656 2.375345 0.407401
v -0.510907 2.385331 0.404191
v -0.586139 2.340196 0.361648
v -0.624569 2.326413 0.375431
v -0.638352 2.340196 0.413861
v -0.589826 2.369688 0.410174
v -0.592599 2.375345 0.429344
v -0.641126 2.345853 0.433030
v -0.648049 2.352776 0.489093
v -0.595809 2.385331 0.489093
v -0.595809 2.385331 0.510907
v -0.648049 2.352776 0.510907
v -0.641126 2.345853 0.566970
v -0.592599 2.375345 0.570656
v -0.589826 2.369688 0.589826
v -0.638352 2.340196 0.586139
v -0.624569 2.326413 0.624569
v -0.586139 2.340196 0.638352
v -0.510907 2.385331 0.595809
v -0.570656 2.375345 0.592599
v -0.566970 2.345853 0.641126
v -0.510907 2.352776 0.648049
v -0.429344 2.375345 0.592599
v -0.489093 2.385331 0.595809
v -0.489093 2.352776 0.648049
v -0.433030 2.345853 0.641126
v -0.361648 2.340196 0.586139
v -0.410174 2.369688 0.589826
v -0.413861 2.340196 0.638352
v -0.375431 2.326413 0.624569
v -0.351951 2.352776 0.510907
v -0.404191 2.385331 0.510907
v -0.407401 2.375345 0.570656
v -0.358874 2.345853 0.566970
v -0.358874 2.345853 0.433030
v -0.407401 2.375345 0.429344
v -0.404191 2.385331 0.489093
v -0.351951 2.352776 0.489093
v -0.404300 2.006213 0.404300
v -0.448207 1.964722 0.448207
v -0.364659 2.006213 0.500000
v -0.426754 1.964722 0.500000
v -0.404300 2.006213 0.595700
v -0.448207 1.964722 0.551793
v -0.500000 2.006213 0.635341
v -0.500000 1.964722 0.573246
v -0.595700 2.006213 0.595700
v -0.551793 1.964722 0.551793
v -0.635341 2.006213 0.500000
v -0.573246 1.964722 0.500000
v -0.595700 2.006213 0.404300
v -0.551793 1.964722 0.448207
v -0.500000 1.950153 0.500000
v -0.500000 2.006213 0.364659
v -0.500000 1.964722 0.426754
v 0.574277 2.276195 -0.304775
v 0.486602 2.156664 -0.307513
v 0.699836 2.321108 -0.337380
v 0.650569 2.270727 -0.380369
v 0.602516 2.253545 -0.258641
v 0.513444 2.133968 -0.261884
v 0.731335 2.291997 -0.303095
v 0.710233 2.224149 -0.316341
v 0.665728 2.084097 -0.344572
v 0.770141 2.236897 -0.426030
v 0.748531 2.110093 -0.501518
v 0.726645 2.261856 -0.456185
v 0.705237 2.135618 -0.529649
v 0.616633 2.029805 -0.513741
v 0.540013 2.004180 -0.455538
v 0.653494 1.996814 -0.485262
v 0.571464 1.968451 -0.422766
v 0.515728 2.010558 -0.338092
v 0.488260 2.041653 -0.377267
v 0.425723 2.276195 -0.304775
v 0.513398 2.156664 -0.307513
v 0.300164 2.321108 -0.337380
v 0.349431 2.270727 -0.380369
v 0.397485 2.253545 -0.258641
v 0.486556 2.133968 -0.261884
v 0.268665 2.291997 -0.303095
v 0.289767 2.224149 -0.316341
v 0.334272 2.084097 -0.344572
v 0.229859 2.236897 -0.426030
v 0.251469 2.110093 -0.501518
v 0.273355 2.261856 -0.456185
v 0.294763 2.135618 -0.529649
v 0.383367 2.029805 -0.513741
v 0.459987 2.004180 -0.455538
v 0.346506 1.996814 -0.485262
v 0.428536 1.968451 -0.422766
v 0.484272 2.010558 -0.338092
v 0.511740 2.041653 -0.377267
v 0.574277 2.276195 -0.695225
v 0.486602 2.156664 -0.692487
v 0.699836 2.321108 -0.662620
v 0.650569 2.270727 -0.619631
v 0.602516 2.253545 -0.741359
v 0.513444 2.133968 -0.738116
v 0.731335 2.291997 -0.696905
v 0.710232 2.224149 -0.683659
v 0.665728 2.084097 -0.655428
v 0.770141 2.236897 -0.573970
v 0.748531 2.110093 -0.498482
v 0.726645 2.261856 -0.543815
v 0.705237 2.135618 -0.470351
v 0.616633 2.029805 -0.486258
v 0.540013 2.004180 -0.544462
v 0.653494 1.996814 -0.514738
v 0.571464 1.968451 -0.577234
v 0.515728 2.010557 -0.661908
v 0.488260 2.041653 -0.622733
v 0.425723 2.276195 -0.695225
v 0.513398 2.156664 -0.692487
v 0.300164 2.321108 -0.662620
v 0.349431 2.270727 -0.619631
v 0.397485 2.253545 -0.741359
v 0.486556 2.133967 -0.738116
v 0.268665 2.291997 -0.696905
v 0.289767 2.224149 -0.683659
v 0.334272 2.084097 -0.655428
v 0.229859 2.236897 -0.573970
v 0.251469 2.110093 -0.498482
v 0.273355 2.261856 -0.543815
v 0.294763 2.135618 -0.470351
v 0.383367 2.029805 -0.486258
v 0.459987 2.004180 -0.544462
v 0.346506 1.996814 -0.514738
v 0.428536 1.968451 -0.577234
v 0.484272 2.010557 -0.661908
v 0.511740 2.041653 -0.622733
v 0.520632 2.221506 -0.301142
v 0.641814 2.311729 -0.310558
v 0.603117 2.274334 -0.340083
v 0.575009 2.269047 -0.273200
v 0.548574 2.200116 -0.253565
v 0.670068 2.285632 -0.270147
v 0.651456 2.234972 -0.273834
v 0.727718 2.263692 -0.303424
v 0.692931 2.168756 -0.327471
v 0.753306 2.224738 -0.375637
v 0.763194 2.276462 -0.362750
v 0.767361 2.178080 -0.473797
v 0.757282 2.251394 -0.454802
v 0.691199 2.266183 -0.427466
v 0.725586 2.303939 -0.393370
v 0.722214 2.202218 -0.503303
v 0.668719 2.145547 -0.479976
v 0.666272 2.073988 -0.533165
v 0.734761 2.120585 -0.537651
v 0.573636 2.006217 -0.488767
v 0.631027 2.000415 -0.516710
v 0.706281 2.044993 -0.506032
v 0.672824 2.027115 -0.426570
v 0.607327 1.970764 -0.458851
v 0.538134 1.977591 -0.383433
v 0.616298 2.006608 -0.384044
v 0.542939 1.970610 -0.449601
v 0.578611 2.036688 -0.326155
v 0.501183 2.065734 -0.292675
v 0.483115 2.014632 -0.359001
v 0.509248 2.012020 -0.418984
v 0.475137 2.092128 -0.335094
v 0.536802 2.158028 -0.345818
v 0.732185 2.105484 -0.429553
v 0.584985 2.120610 -0.279099
v 0.719711 2.313029 -0.316925
v 0.477725 2.146036 -0.276140
v 0.677065 2.308364 -0.358379
v 0.479368 2.221506 -0.301142
v 0.358186 2.311729 -0.310558
v 0.396883 2.274334 -0.340083
v 0.424991 2.269047 -0.273200
v 0.451426 2.200116 -0.253565
v 0.329932 2.285632 -0.270147
v 0.348544 2.234972 -0.273834
v 0.272282 2.263692 -0.303424
v 0.307069 2.168756 -0.327471
v 0.246694 2.224738 -0.375637
v 0.236806 2.276462 -0.362750
v 0.232639 2.178080 -0.473797
v 0.242718 2.251394 -0.454802
v 0.308800 2.266183 -0.427466
v 0.274415 2.303939 -0.393370
v 0.277786 2.202218 -0.503303
v 0.331281 2.145547 -0.479976
v 0.333728 2.073988 -0.533165
v 0.265240 2.120585 -0.537651
v 0.426364 2.006217 -0.488767
v 0.368973 2.000415 -0.516710
v 0.293719 2.044993 -0.506032
v 0.327176 2.027115 -0.426570
v 0.392673 1.970764 -0.458851
v 0.461866 1.977591 -0.383433
v 0.383702 2.006608 -0.384044
v 0.457061 1.970610 -0.449601
v 0.421389 2.036688 -0.326155
v 0.498817 2.065734 -0.292675
v 0.516886 2.014632 -0.359001
v 0.490752 2.012020 -0.418984
v 0.524863 2.092128 -0.335094
v 0.463198 2.158028 -0.345818
v 0.267815 2.105484 -0.429553
v 0.415015 2.120610 -0.279099
v 0.280289 2.313029 -0.316925
v 0.522275 2.146036 -0.276140
v 0.322935 2.308364 -0.358379
v 0.520632 2.221506 -0.698858
v 0.641814 2.311729 -0.689442
v 0.603117 2.274334 -0.659917
v 0.575009 2.269047 -0.726800
v 0.548574 2.200116 -0.746435
v 0.670068 2.285632 -0.729853
v 0.651456 2.234971 -0.726166
v 0.727718 2.263692 -0.696576
v 0.692931 2.168756 -0.672529
v 0.753306 2.224738 -0.624363
v 0.763194 2.276462 -0.637250
v 0.767361 2.178080 -0.526203
v 0.757282 2.251394 -0.545198
v 0.691199 2.266183 -0.572534
v 0.725585 2.303939 -0.606630
v 0.722214 2.202218 -0.496697
v 0.668719 2.145547 -0.520024
v 0.666272 2.073988 -0.466835
v 0.734761 2.120585 -0.462349
v 0.573636 2.006217 -0.511233
v 0.631027 2.000415 -0.483290
v 0.706281 2.044993 -0.493968
v 0.672824 2.027115 -0.573430
v 0.607327 1.970764 -0.541149
v 0.538134 1.977591 -0.616567
v 0.616298 2.006608 -0.615956
v 0.542939 1.970610 -0.550399
v 0.578611 2.036688 -0.673845
v 0.501183 2.065734 -0.707325
v 0.483115 2.014632 -0.640998
v 0.509248 2.012020 -0.581016
v 0.475137 2.092128 -0.664906
v 0.536802 2.158028 -0.654182
v 0.732185 2.105483 -0.570447
v 0.584985 2.120610 -0.720901
v 0.719711 2.313029 -0.683075
v 0.477725 2.146036 -0.723860
v 0.677065 2.308364 -0.641621
v 0.479368 2.221506 -0.698858
v 0.358186 2.311729 -0.689442
v 0.396883 2.274334 -0.659917
v 0.424991 2.269047 -0.726800
v 0.451426 2.200116 -0.746435
v 0.329932 2.285632 -0.729853
v 0.348544 2.234971 -0.726166
v 0.272282 2.263692 -0.696576
v 0.307069 2.168756 -0.672529
v 0.246694 2.224738 -0.624363
v 0.236806 2.276462 -0.637250
v 0.232639 2.178080 -0.526203
v 0.242718 2.251394 -0.545198
v 0.308800 2.266183 -0.572534
v 0.274414 2.303939 -0.606630
v 0.277786 2.202218 -0.496697
v 0.331281 2.145547 -0.520024
v 0.333728 2.073988 -0.466835
v 0.265240 2.120585 -0.462349
v 0.426364 2.006217 -0.511233
v 0.368973 2.000415 -0.483290
v 0.293719 2.044993 -0.493968
v 0.327176 2.027115 -0.573430
v 0.392673 1.970764 -0.541149
v 0.461866 1.977591 -0.616567
v 0.383702 2.006608 -0.615956
v 0.457061 1.970610 -0.550399
v 0.421389 2.036688 -0.673845
v 0.498817 2.065734 -0.707325
v 0.516886 2.014632 -0.640998
v 0.490752 2.012020 -0.581016
v 0.524863 2.092128 -0.664906
v 0.463198 2.158028 -0.654182
v 0.267815 2.105483 -0.570447
v 0.415015 2.120610 -0.720901
v 0.280289 2.313029 -0.683075
v 0.522275 2.146036 -0.723860
v 0.322935 2.308364 -0.641621
v 0.513819 2.214134 -0.267279
v 0.567255 2.220144 -0.342291
v 0.652852 2.303861 -0.284468
v 0.640431 2.305794 -0.334232
v 0.616999 2.182691 -0.273705
v 0.685110 2.265519 -0.275257
v 0.755801 2.258477 -0.345648
v 0.746647 2.169480 -0.404347
v 0.750906 2.294459 -0.381704
v 0.754834 2.190441 -0.509440
v 0.681721 2.209360 -0.456984
v 0.701025 2.300244 -0.394054
v 0.651384 2.096565 -0.500269
v 0.688113 2.052430 -0.537768
v 0.582320 1.974377 -0.486915
v 0.709947 2.055139 -0.455271
v 0.634387 1.997001 -0.420304
v 0.508676 1.981339 -0.406861
v 0.580657 2.002404 -0.361795
v 0.553563 2.071156 -0.292453
v 0.469110 2.073920 -0.310383
v 0.510335 2.109728 -0.354241
v 0.486181 2.214134 -0.267279
v 0.432745 2.220144 -0.342291
v 0.347148 2.303861 -0.284468
v 0.359569 2.305794 -0.334232
v 0.383001 2.182691 -0.273705
v 0.314890 2.265519 -0.275257
v 0.244199 2.258477 -0.345648
v 0.253353 2.169480 -0.404347
v 0.249094 2.294459 -0.381704
v 0.245166 2.190441 -0.509440
v 0.318279 2.209360 -0.456984
v 0.298975 2.300244 -0.394054
v 0.348616 2.096565 -0.500269
v 0.311887 2.052430 -0.537768
v 0.417680 1.974377 -0.486915
v 0.290053 2.055139 -0.455271
v 0.365613 1.997001 -0.420304
v 0.491324 1.981339 -0.406861
v 0.419343 2.002404 -0.361795
v 0.446437 2.071156 -0.292453
v 0.530890 2.073920 -0.310383
v 0.489665 2.109728 -0.354241
v 0.513819 2.214134 -0.732721
v 0.567255 2.220144 -0.657709
v 0.652852 2.303861 -0.715533
v 0.640431 2.305794 -0.665768
v 0.616999 2.182691 -0.726295
v 0.685110 2.265519 -0.724743
v 0.755801 2.258477 -0.654353
v 0.746647 2.169480 -0.595653
v 0.750906 2.294459 -0.618295
v 0.754834 2.190441 -0.490560
v 0.681721 2.209360 -0.543016
v 0.701025 2.300244 -0.605946
v 0.651384 2.096565 -0.499731
v 0.688113 2.052430 -0.462232
v 0.582320 1.974377 -0.513085
v 0.709947 2.055139 -0.544729
v 0.634387 1.997001 -0.579696
v 0.508676 1.981339 -0.593139
v 0.580657 2.002404 -0.638205
v 0.553563 2.071156 -0.707547
v 0.469110 2.073920 -0.689617
v 0.510335 2.109728 -0.645759
v 0.486181 2.214134 -0.732721
v 0.432745 2.220144 -0.657709
v 0.347148 2.303861 -0.715533
v 0.359569 2.305794 -0.665768
v 0.383001 2.182691 -0.726295
v 0.314890 2.265519 -0.724743
v 0.244199 2.258477 -0.654353
v 0.253353 2.169480 -0.595653
v 0.249094 2.294459 -0.618295
v 0.245166 2.190441 -0.490560
v 0.318279 2.209360 -0.543016
v 0.298975 2.300244 -0.605946
v 0.348616 2.096565 -0.499731
v 0.311887 2.052430 -0.462232
v 0.417680 1.974377 -0.513085
v 0.290053 2.055139 -0.544729
v 0.365613 1.997001 -0.579696
v 0.491324 1.981339 -0.593139
v 0.419343 2.002404 -0.638205
v 0.446437 2.071156 -0.707547
v 0.530890 2.073920 -0.689617
v 0.489665 2.109728 -0.645759
v 0.623283 2.311688 -0.623283
v 0.623283 2.311688 -0.376717
v 0.376717 2.311688 -0.623283
v 0.376717 2.311688 -0.376717
v 0.650299 2.188405 -0.650299
v 0.641266 2.261549 -0.641266
v 0.641266 2.329671 -0.573144
v 0.650299 2.338704 -0.500000
v 0.641266 2.329671 -0.426856
v 0.641266 2.261549 -0.358734
v 0.650299 2.188405 -0.349701
v 0.573144 2.329671 -0.358734
v 0.500000 2.338704 -0.349701
v 0.426856 2.329671 -0.358734
v 0.358734 2.261549 -0.358734
v 0.349701 2.188405 -0.349701
v 0.358734 2.329671 -0.426856
v 0.349701 2.338704 -0.500000
v 0.358734 2.329671 -0.573144
v 0.358734 2.261549 -0.641266
v 0.349701 2.188405 -0.650299
v 0.426856 2.329671 -0.641266
v 0.500000 2.338704 -0.650299
v 0.573144 2.329671 -0.641266
v 0.692773 2.188405 -0.582141
v 0.679745 2.266358 -0.577954
v 0.706994 2.188405 -0.500000
v 0.692773 2.270546 -0.500000
v 0.692773 2.188405 -0.417859
v 0.679745 2.266358 -0.422046
v 0.582141 2.188405 -0.307227
v 0.577954 2.266358 -0.320255
v 0.500000 2.188405 -0.293006
v 0.500000 2.270546 -0.307227
v 0.417859 2.188405 -0.307227
v 0.422046 2.266358 -0.320255
v 0.307227 2.188405 -0.417859
v 0.320255 2.266358 -0.422046
v 0.293006 2.188405 -0.500000
v 0.307227 2.270546 -0.500000
v 0.307227 2.188405 -0.582141
v 0.320255 2.266358 -0.577954
v 0.417859 2.188405 -0.692773
v 0.422046 2.266358 -0.679745
v 0.500000 2.188405 -0.706994
v 0.500000 2.270546 -0.692773
v 0.582141 2.188405 -0.692773
v 0.577954 2.266358 -0.679745
v 0.422046 2.368149 -0.422046
v 0.500000 2.381178 -0.417859
v 0.577954 2.368149 -0.422046
v 0.417859 2.381178 -0.500000
v 0.500000 2.395399 -0.500000
v 0.582141 2.381178 -0.500000
v 0.422046 2.368149 -0.577954
v 0.500000 2.381178 -0.582141
v 0.577954 2.368149 -0.577954
v 0.704910 2.199861 -0.574415
v 0.694925 2.259610 -0.571205
v 0.704910 2.262819 -0.511456
v 0.715810 2.199861 -0.511456
v 0.715810 2.199861 -0.488544
v 0.704910 2.262819 -0.488544
v 0.694925 2.259610 -0.428795
v 0.704910 2.199861 -0.425585
v 0.664372 2.199312 -0.648049
v 0.657448 2.255374 -0.641126
v 0.686941 2.259061 -0.592599
v 0.696926 2.199312 -0.595809
v 0.651791 2.274544 -0.638352
v 0.638008 2.312974 -0.624569
v 0.651791 2.326757 -0.586139
v 0.681284 2.278230 -0.589826
v 0.686941 2.281004 -0.570656
v 0.657448 2.329530 -0.566970
v 0.664372 2.336454 -0.510907
v 0.696926 2.284213 -0.510907
v 0.696926 2.284213 -0.489093
v 0.664372 2.336454 -0.489093
v 0.657448 2.329530 -0.433030
v 0.686941 2.281004 -0.429344
v 0.681284 2.278230 -0.410174
v 0.651791 2.326757 -0.413861
v 0.638008 2.312974 -0.375431
v 0.651791 2.274544 -0.361648
v 0.696926 2.199312 -0.404191
v 0.686941 2.259061 -0.407401
v 0.657448 2.255374 -0.358874
v 0.664372 2.199312 -0.351951
v 0.574415 2.199861 -0.295090
v 0.571205 2.259610 -0.305076
v 0.511456 2.262819 -0.295090
v 0.511456 2.199861 -0.284190
v 0.488544 2.199861 -0.284190
v 0.488544 2.262819 -0.295090
v 0.428795 2.259610 -0.305076
v 0.425585 2.199861 -0.295090
v 0.648049 2.199312 -0.335628
v 0.641126 2.255374 -0.342552
v 0.592599 2.259061 -0.313059
v 0.595809 2.199312 -0.303074
v 0.638352 2.274544 -0.348209
v 0.624569 2.312974 -0.361992
v 0.586139 2.326757 -0.348209
v 0.589826 2.278230 -0.318716
v 0.570656 2.281004 -0.313059
v 0.566970 2.329530 -0.342552
v 0.510907 2.336454 -0.335628
v 0.510907 2.284213 -0.303074
v 0.489093 2.284213 -0.303074
v 0.489093 2.336454 -0.335628
v 0.433030 2.329530 -0.342552
v 0.429344 2.281004 -0.313060
v 0.410174 2.278230 -0.318716
v 0.413861 2.326757 -0.348209
v 0.375431 2.312974 -0.361992
v 0.361648 2.274544 -0.348209
v 0.404191 2.199312 -0.303074
v 0.407401 2.259061 -0.313060
v 0.358874 2.255374 -0.342552
v 0.351951 2.199312 -0.335628
v 0.295090 2.199861 -0.425585
v 0.305075 2.259610 -0.428795
v 0.295090 2.262819 -0.488544
v 0.284190 2.199861 -0.488544
v 0.284190 2.199861 -0.511456
v 0.295090 2.262819 -0.511456
v 0.305076 2.259610 -0.571205
v 0.295090 2.199861 -0.574415
v 0.335628 2.199312 -0.351951
v 0.342552 2.255374 -0.358874
v 0.313059 2.259061 -0.407401
v 0.303074 2.199312 -0.404191
v 0.348209 2.274544 -0.361648
v 0.361992 2.312974 -0.375431
v 0.348209 2.326757 -0.413861
v 0.318716 2.278230 -0.410174
v 0.313059 2.281004 -0.429344
v 0.342552 2.329530 -0.433030
v 0.335628 2.336454 -0.489093
v 0.303074 2.284213 -0.489093
v 0.303074 2.284213 -0.510907
v 0.335628 2.336454 -0.510907
v 0.342552 2.329530 -0.566970
v 0.313060 2.281004 -0.570656
v 0.318716 2.278230 -0.589826
v 0.348209 2.326757 -0.586139
v 0.361992 2.312974 -0.624569
v 0.348209 2.274544 -0.638352
v 0.303074 2.199312 -0.595809
v 0.313060 2.259061 -0.592599
v 0.342552 2.255374 -0.641126
v 0.335628 2.199312 -0.648049
v 0.425585 2.199861 -0.704910
v 0.428795 2.259610 -0.694925
v 0.488544 2.262819 -0.704910
v 0.488544 2.199861 -0.715810
v 0.511456 2.199861 -0.715810
v 0.511456 2.262819 -0.704910
v 0.571205 2.259610 -0.694924
v 0.574415 2.199861 -0.704910
v 0.351951 2.199312 -0.664371
v 0.358874 2.255374 -0.657448
v 0.407401 2.259061 -0.686941
v 0.404191 2.199312 -0.696926
v 0.361648 2.274544 -0.651791
v 0.375431 2.312974 -0.638008
v 0.413861 2.326757 -0.651791
v 0.410174 2.278230 -0.681284
v 0.429344 2.281004 -0.686941
v 0.433030 2.329530 -0.657448
v 0.489093 2.336454 -0.664372
v 0.489093 2.284213 -0.696926
v 0.510907 2.284213 -0.696926
v 0.510907 2.336454 -0.664372
v 0.566970 2.329530 -0.657448
v 0.570656 2.281004 -0.686940
v 0.589826 2.278230 -0.681284
v 0.586139 2.326757 -0.651791
v 0.624569 2.312974 -0.638008
v 0.638352 2.274544 -0.651791
v 0.595809 2.199312 -0.696926
v 0.592599 2.259061 -0.686940
v 0.641126 2.255374 -0.657448
v 0.648049 2.199312 -0.664372
v 0.428795 2.383329 -0.428795
v 0.488544 2.393315 -0.425585
v 0.488544 2.404215 -0.488544
v 0.425585 2.393315 -0.488544
v 0.511456 2.393315 -0.425585
v 0.571205 2.383329 -0.428795
v 0.574415 2.393315 -0.488544
v 0.511456 2.404215 -0.488544
v 0.425585 2.393315 -0.511456
v 0.488544 2.404215 -0.511456
v 0.488544 2.393315 -0.574415
v 0.428795 2.383329 -0.571205
v 0.511456 2.404215 -0.511456
v 0.574415 2.393315 -0.511456
v 0.571205 2.383329 -0.571205
v 0.511456 2.393315 -0.574415
v 0.375431 2.326413 -0.375431
v 0.413861 2.340196 -0.361648
v 0.410174 2.369688 -0.410174
v 0.361648 2.340196 -0.413861
v 0.433030 2.345853 -0.358874
v 0.489093 2.352776 -0.351951
v 0.489093 2.385331 -0.404191
v 0.429344 2.375345 -0.407401
v 0.510907 2.352776 -0.351951
v 0.566970 2.345853 -0.358874
v 0.570656 2.375345 -0.407401
v 0.510907 2.385331 -0.404191
v 0.586139 2.340196 -0.361648
v 0.624569 2.326413 -0.375431
v 0.638352 2.340196 -0.413861
v 0.589826 2.369688 -0.410174
v 0.592599 2.375345 -0.429344
v 0.641126 2.345853 -0.433030
v 0.648049 2.352776 -0.489093
v 0.595809 2.385331 -0.489093
v 0.595809 2.385331 -0.510907
v 0.648049 2.352776 -0.510907
v 0.641126 2.345853 -0.566970
v 0.592599 2.375345 -0.570656
v 0.589826 2.369688 -0.589826
v 0.638352 2.340196 -0.586139
v 0.624569 2.326413 -0.624569
v 0.586139 2.340196 -0.638352
v 0.510907 2.385331 -0.595809
v 0.570656 2.375345 -0.592599
v 0.566970 2.345853 -0.641126
v 0.510907 2.352776 -0.648049
v 0.429344 2.375345 -0.592599
v 0.489093 2.385331 -0.595809
v 0.489093 2.352776 -0.648049
v 0.433030 2.345853 -0.641126
v 0.361648 2.340196 -0.586139
v 0.410174 2.369688 -0.589826
v 0.413861 2.340196 -0.638352
v 0.375431 2.326413 -0.624569
v 0.351951 2.352776 -0.510907
v 0.404191 2.385331 -0.510907
v 0.407401 2.375345 -0.570656
v 0.358874 2.345853 -0.566970
v 0.358874 2.345853 -0.433030
v 0.407401 2.375345 -0.429344
v 0.404191 2.385331 -0.489093
v 0.351951 2.352776 -0.489093
v 0.404300 2.006213 -0.404300
v 0.448207 1.964722 -0.448207
v 0.364659 2.006213 -0.500000
v 0.426754 1.964722 -0.500000
v 0.404300 2.006213 -0.595700
v 0.448207 1.964722 -0.551793
v 0.500000 2.006213 -0.635341
v 0.500000 1.964722 -0.573246
v 0.595700 2.006213 -0.595700
v 0.551793 1.964722 -0.551793
v 0.635341 2.006213 -0.500000
v 0.573246 1.964722 -0.500000
v 0.595700 2.006213 -0.404300
v 0.551793 1.964722 -0.448207
v 0.500000 1.950153 -0.500000
v 0.500000 2.006213 -0.364659
v 0.500000 1.964722 -0.426754
v -0.574277 2.276195 -0.304775
v -0.486602 2.156664 -0.307513
v -0.699836 2.321108 -0.337380
v -0.650569 2.270727 -0.380369
v -0.602515 2.253545 -0.258641
v -0.513444 2.133968 -0.261884
v -0.731335 2.291997 -0.303095
v -0.710232 2.224149 -0.316341
v -0.665728 2.084097 -0.344572
v -0.770141 2.236897 -0.426030
v -0.748531 2.110093 -0.501518
v -0.726645 2.261856 -0.456185
v -0.705237 2.135618 -0.529649
v -0.616633 2.029805 -0.513741
v -0.540013 2.004180 -0.455538
v -0.653494 1.996814 -0.485262
v -0.571464 1.968451 -0.422766
v -0.515728 2.010558 -0.338092
v -0.488260 2.041653 -0.377267
v -0.425723 2.276195 -0.304775
v -0.513398 2.156664 -0.307513
v -0.300164 2.321108 -0.337380
v -0.349431 2.270727 -0.380369
v -0.397485 2.253545 -0.258641
v -0.486556 2.133968 -0.261884
v -0.268665 2.291997 -0.303095
v -0.289767 2.224149 -0.316341
v -0.334272 2.084097 -0.344572
v -0.229859 2.236897 -0.426030
v -0.251469 2.110093 -0.501518
v -0.273355 2.261856 -0.456185
v -0.294763 2.135618 -0.529649
v -0.383367 2.029805 -0.513741
v -0.459987 2.004180 -0.455538
v -0.346506 1.996814 -0.485262
v -0.428536 1.968451 -0.422766
v -0.484272 2.010558 -0.338092
v -0.511740 2.041653 -0.377267
v -0.574277 2.276195 -0.695225
v -0.486602 2.156664 -0.692487
v -0.699836 2.321108 -0.662620
v -0.650569 2.270727 -0.619631
v -0.602515 2.253545 -0.741359
v -0.513444 2.133968 -0.738116
v -0.731335 2.291997 -0.696905
v -0.710232 2.224149 -0.683659
v -0.665728 2.084097 -0.655428
v -0.770141 2.236897 -0.573970
v -0.748531 2.110093 -0.498482
v -0.726645 2.261856 -0.543815
v -0.705237 2.135618 -0.470351
v -0.616633 2.029805 -0.486258
v -0.540013 2.004180 -0.544462
v -0.653494 1.996814 -0.514738
v -0.571464 1.968451 -0.577234
v -0.515728 2.010557 -0.661908
v -0.488260 2.041653 -0.622733
v -0.425723 2.276195 -0.695225
v -0.513398 2.156664 -0.692487
v -0.300164 2.321108 -0.662620
v -0.349431 2.270727 -0.619631
v -0.397485 2.253545 -0.741359
v -0.486556 2.133967 -0.738116
v -0.268665 2.291997 -0.696905
v -0.289767 2.224149 -0.683659
v -0.334272 2.084097 -0.655428
v -0.229859 2.236897 -0.573970
v -0.251469 2.110093 -0.498482
v -0.273355 2.261856 -0.543815
v -0.294763 2.135618 -0.470351
v -0.383367 2.029805 -0.486258
v -0.459987 2.004180 -0.544462
v -0.346506 1.996814 -0.514738
v -0.428536 1.968451 -0.577234
v -0.484272 2.010557 -0.661908
v -0.511740 2.041653 -0.622733
v -0.520632 2.221506 -0.301142
v -0.641814 2.311729 -0.310558
v -0.603117 2.274334 -0.340083
v -0.575009 2.269047 -0.273200
v -0.548574 2.200116 -0.253565
v -0.670068 2.285632 -0.270147
v -0.651456 2.234972 -0.273834
v -0.727718 2.263692 -0.303424
v -0.692931 2.168756 -0.327471
v -0.753306 2.224738 -0.375637
v -0.763194 2.276462 -0.362750
v -0.767360 2.178080 -0.473797
v -0.757282 2.251394 -0.454802
v -0.691199 2.266183 -0.427466
v -0.725585 2.303939 -0.393370
v -0.722214 2.202218 -0.503303
v -0.668719 2.145547 -0.479976
v -0.666271 2.073988 -0.533165
v -0.734761 2.120585 -0.537651
v -0.573636 2.006217 -0.488767
v -0.631027 2.000415 -0.516710
v -0.706281 2.044993 -0.506032
v -0.672824 2.027115 -0.426570
v -0.607327 1.970764 -0.458851
v -0.538134 1.977591 -0.383433
v -0.616298 2.006608 -0.384044
v -0.542939 1.970610 -0.449601
v -0.578611 2.036688 -0.326155
v -0.501183 2.065734 -0.292675
v -0.483114 2.014632 -0.359001
v -0.509248 2.012020 -0.418984
v -0.475137 2.092128 -0.335094
v -0.536802 2.158028 -0.345818
v -0.732185 2.105484 -0.429553
v -0.584985 2.120610 -0.279099
v -0.719711 2.313029 -0.316925
v -0.477725 2.146036 -0.276140
v -0.677065 2.308364 -0.358379
v -0.479368 2.221506 -0.301142
v -0.358186 2.311729 -0.310558
v -0.396883 2.274334 -0.340083
v -0.424991 2.269047 -0.273200
v -0.451426 2.200116 -0.253565
v -0.329932 2.285632 -0.270147
v -0.348544 2.234972 -0.273834
v -0.272282 2.263692 -0.303424
v -0.307069 2.168756 -0.327471
v -0.246694 2.224738 -0.375637
v -0.236806 2.276462 -0.362750
v -0.232639 2.178080 -0.473797
v -0.242718 2.251394 -0.454802
v -0.308800 2.266183 -0.427466
v -0.274415 2.303939 -0.393370
v -0.277786 2.202218 -0.503303
v -0.331281 2.145547 -0.479976
v -0.333728 2.073988 -0.533165
v -0.265240 2.120585 -0.537651
v -0.426364 2.006217 -0.488767
v -0.368973 2.000415 -0.516710
v -0.293719 2.044993 -0.506032
v -0.327176 2.027115 -0.426570
v -0.392673 1.970764 -0.458851
v -0.461866 1.977591 -0.383433
v -0.383702 2.006608 -0.384044
v -0.457061 1.970610 -0.449601
v -0.421389 2.036688 -0.326155
v -0.498817 2.065734 -0.292675
v -0.516886 2.014632 -0.359001
v -0.490752 2.012020 -0.418984
v -0.524863 2.092128 -0.335094
v -0.463198 2.158028 -0.345818
v -0.267815 2.105484 -0.429553
v -0.415015 2.120610 -0.279099
v -0.280289 2.313029 -0.316925
v -0.522275 2.146036 -0.276140
v -0.322935 2.308364 -0.358379
v -0.520632 2.221506 -0.698858
v -0.641814 2.311729 -0.689442
v -0.603117 2.274334 -0.659917
v -0.575009 2.269047 -0.726800
v -0.548574 2.200116 -0.746435
v -0.670068 2.285632 -0.729853
v -0.651456 2.234971 -0.726166
v -0.727718 2.263692 -0.696576
v -0.692931 2.168756 -0.672529
v -0.753306 2.224738 -0.624363
v -0.763194 2.276462 -0.637250
v -0.767360 2.178080 -0.526203
v -0.757282 2.251394 -0.545198
v -0.691199 2.266183 -0.572534
v -0.725585 2.303939 -0.606630
v -0.722214 2.202218 -0.496697
v -0.668719 2.145547 -0.520024
v -0.666271 2.073988 -0.466835
v -0.734761 2.120585 -0.462349
v -0.573636 2.006217 -0.511233
v -0.631027 2.000415 -0.483290
v -0.706281 2.044993 -0.493968
v -0.672824 2.027115 -0.573430
v -0.607327 1.970764 -0.541149
v -0.538134 1.977591 -0.616567
v -0.616298 2.006608 -0.615956
v -0.542939 1.970610 -0.550399
v -0.578611 2.036688 -0.673845
v -0.501183 2.065734 -0.707325
v -0.483114 2.014632 -0.640998
v -0.509248 2.012020 -0.581016
v -0.475137 2.092128 -0.664906
v -0.536802 2.158028 -0.654182
v -0.732185 2.105483 -0.570447
v -0.584985 2.120610 -0.720901
v -0.719711 2.313029 -0.683075
v -0.477725 2.146036 -0.723860
v -0.677065 2.308364 -0.641621
v -0.479368 2.221506 -0.698858
v -0.358186 2.311729 -0.689442
v -0.396883 2.274334 -0.659917
v -0.424991 2.269047 -0.726800
v -0.451426 2.200116 -0.746435
v -0.329932 2.285632 -0.729853
v -0.348544 2.234971 -0.726166
v -0.272282 2.263692 -0.696576
v -0.307069 2.168756 -0.672529
v -0.246694 2.224738 -0.624363
v -0.236806 2.276462 -0.637250
v -0.232639 2.178080 -0.526203
v -0.242718 2.251394 -0.545198
v -0.308800 2.266183 -0.572534
v -0.274414 2.303939 -0.606630
v -0.277786 2.202218 -0.496697
v -0.331281 2.145547 -0.520024
v -0.333728 2.073988 -0.466835
v -0.265240 2.120585 -0.462349
v -0.426364 2.006217 -0.511233
v -0.368973 2.000415 -0.483290
v -0.293719 2.044993 -0.493968
v -0.327176 2.027115 -0.573430
v -0.392673 1.970764 -0.541149
v -0.461866 1.977591 -0.616567
v -0.383702 2.006608 -0.615956
v -0.457061 1.970610 -0.550399
v -0.421389 2.036688 -0.673845
v -0.498817 2.065734 -0.707325
v -0.516886 2.014632 -0.640998
v -0.490752 2.012020 -0.581016
v -0.524863 2.092128 -0.664906
v -0.463198 2.158028 -0.654182
v -0.267815 2.105483 -0.570447
v -0.415015 2.120610 -0.720901
v -0.280289 2.313029 -0.683075
v -0.522275 2.146036 -0.723860
v -0.322935 2.308364 -0.641621
v -0.513819 2.214134 -0.267279
v -0.567255 2.220144 -0.342291
v -0.652852 2.303861 -0.284468
v -0.640431 2.305794 -0.334232
v -0.616999 2.182691 -0.273705
v -0.685110 2.265519 -0.275257
v -0.755801 2.258477 -0.345648
v -0.746647 2.169480 -0.404347
v -0.750906 2.294459 -0.381704
v -0.754834 2.190441 -0.509440
v -0.681721 2.209360 -0.456984
v -0.701025 2.300244 -0.394054
v -0.651384 2.096565 -0.500269
v -0.688113 2.052430 -0.537768
v -0.582320 1.974377 -0.486915
v -0.709947 2.055139 -0.455271
v -0.634387 1.997001 -0.420304
v -0.508676 1.981339 -0.406861
v -0.580657 2.002404 -0.361795
v -0.553563 2.071156 -0.292453
v -0.469110 2.073920 -0.310383
v -0.510335 2.109728 -0.354241
v -0.486181 2.214134 -0.267279
v -0.432745 2.220144 -0.342291
v -0.347148 2.303861 -0.284468
v -0.359569 2.305794 -0.334232
v -0.383001 2.182691 -0.273705
v -0.314890 2.265519 -0.275257
v -0.244199 2.258477 -0.345648
v -0.253353 2.169480 -0.404347
v -0.249094 2.294459 -0.381704
v -0.245166 2.190441 -0.509440
v -0.318279 2.209360 -0.456984
v -0.298975 2.300244 -0.394054
v -0.348616 2.096565 -0.500269
v -0.311887 2.052430 -0.537768
v -0.417680 1.974377 -0.486915
v -0.290053 2.055139 -0.455271
v -0.365613 1.997001 -0.420304
v -0.491324 1.981339 -0.406861
v -0.419343 2.002404 -0.361795
v -0.446437 2.071156 -0.292453
v -0.530890 2.073920 -0.310383
v -0.489665 2.109728 -0.354241
v -0.513819 2.214134 -0.732721
v -0.567255 2.220144 -0.657709
v -0.652852 2.303861 -0.715533
v -0.640431 2.305794 -0.665768
v -0.616999 2.182691 -0.726295
v -0.685110 2.265519 -0.724743
v -0.755801 2.258477 -0.654353
v -0.746647 2.169480 -0.595653
v -0.750906 2.294459 -0.618295
v -0.754834 2.190441 -0.490560
v -0.681721 2.209360 -0.543016
v -0.701025 2.300244 -0.605946
v -0.651384 2.096565 -0.499731
v -0.688113 2.052430 -0.462232
v -0.582320 1.974377 -0.513085
v -0.709947 2.055139 -0.544729
v -0.634387 1.997001 -0.579696
v -0.508676 1.981339 -0.593139
v -0.580657 2.002404 -0.638205
v -0.553563 2.071156 -0.707547
v -0.469110 2.073920 -0.689617
v -0.510335 2.109728 -0.645759
v -0.486181 2.214134 -0.732721
v -0.432745 2.220144 -0.657709
v -0.347148 2.303861 -0.715533
v -0.359569 2.305794 -0.665768
v -0.383001 2.182691 -0.726295
v -0.314890 2.265519 -0.724743
v -0.244199 2.258477 -0.654353
v -0.253353 2.169480 -0.595653
v -0.249094 2.294459 -0.618295
v -0.245166 2.190441 -0.490560
v -0.318279 2.209360 -0.543016
v -0.298975 2.300244 -0.605946
v -0.348616 2.096565 -0.499731
v -0.311887 2.052430 -0.462232
v -0.417680 1.974377 -0.513085
v -0.290053 2.055139 -0.544729
v -0.365613 1.997001 -0.579696
v -0.491324 1.981339 -0.593139
v -0.419343 2.002404 -0.638205
v -0.446437 2.071156 -0.707547
v -0.530890 2.073920 -0.689617
v -0.489665 2.109728 -0.645759
v -0.623283 2.311688 -0.623283
v -0.623283 2.311688 -0.376717
v -0.376717 2.311688 -0.623283
v -0.376717 2.311688 -0.376717
v -0.650299 2.188405 -0.650299
v -0.641266 2.261549 -0.641266
v -0.641266 2.329671 -0.573144
v -0.650299 2.338704 -0.500000
v -0.641266 2.329671 -0.426856
v -0.641266 2.261549 -0.358734
v -0.650299 2.188405 -0.349701
v -0.573144 2.329671 -0.358734
v -0.500000 2.338704 -0.349701
v -0.426856 2.329671 -0.358734
v -0.358734 2.261549 -0.358734
v -0.349701 2.188405 -0.349701
v -0.358734 2.329671 -0.426856
v -0.349701 2.338704 -0.500000
v -0.358734 2.329671 -0.573144
v -0.358734 2.261549 -0.641266
v -0.349701 2.188405 -0.650299
v -0.426856 2.329671 -0.641266
v -0.500000 2.338704 -0.650299
v -0.573144 2.329671 -0.641266
v -0.692773 2.188405 -0.582141
v -0.679745 2.266358 -0.577954
v -0.706994 2.188405 -0.500000
v -0.692773 2.270546 -0.500000
v -0.692773 2.188405 -0.417859
v -0.679745 2.266358 -0.422046
v -0.582141 2.188405 -0.307227
v -0.577954 2.266358 -0.320255
v -0.500000 2.188405 -0.293006
v -0.500000 2.270546 -0.307227
v -0.417859 2.188405 -0.307227
v -0.422046 2.266358 -0.320255
v -0.307227 2.188405 -0.417859
v -0.320255 2.266358 -0.422046
v -0.293006 2.188405 -0.500000
v -0.307227 2.270546 -0.500000
v -0.307227 2.188405 -0.582141
v -0.320255 2.266358 -0.577954
v -0.417859 2.188405 -0.692773
v -0.422046 2.266358 -0.679745
v -0.500000 2.188405 -0.706994
v -0.500000 2.270546 -0.692773
v -0.582141 2.188405 -0.692773
v -0.577954 2.266358 -0.679745
v -0.422046 2.368149 -0.422046
v -0.500000 2.381178 -0.417859
v -0.577954 2.368149 -0.422046
v -0.417859 2.381178 -0.500000
v -0.500000 2.395399 -0.500000
v -0.582141 2.381178 -0.500000
v -0.422046 2.368149 -0.577954
v -0.500000 2.381178 -0.582141
v -0.577954 2.368149 -0.577954
v -0.704910 2.199861 -0.574415
v -0.694925 2.259610 -0.571205
v -0.704910 2.262819 -0.511456
v -0.715810 2.199861 -0.511456
v -0.715810 2.199861 -0.488544
v -0.704910 2.262819 -0.488544
v -0.694924 2.259610 -0.428795
v -0.704910 2.199861 -0.425585
v -0.664371 2.199312 -0.648049
v -0.657448 2.255374 -0.641126
v -0.686941 2.259061 -0.592599
v -0.696926 2.199312 -0.595809
v -0.651791 2.274544 -0.638352
v -0.638008 2.312974 -0.624569
v -0.651791 2.326757 -0.586139
v -0.681284 2.278230 -0.589826
v -0.686941 2.281004 -0.570656
v -0.657448 2.329530 -0.566970
v -0.664372 2.336454 -0.510907
v -0.696926 2.284213 -0.510907
v -0.696926 2.284213 -0.489093
v -0.664372 2.336454 -0.489093
v -0.657448 2.329530 -0.433030
v -0.686941 2.281004 -0.429344
v -0.681284 2.278230 -0.410174
v -0.651791 2.326757 -0.413861
v -0.638008 2.312974 -0.375431
v -0.651791 2.274544 -0.361648
v -0.696926 2.199312 -0.404191
v -0.686941 2.259061 -0.407401
v -0.657448 2.255374 -0.358874
v -0.664372 2.199312 -0.351951
v -0.574415 2.199861 -0.295090
v -0.571205 2.259610 -0.305076
v -0.511456 2.262819 -0.295090
v -0.511456 2.199861 -0.284190
v -0.488544 2.199861 -0.284190
v -0.488544 2.262819 -0.295090
v -0.428795 2.259610 -0.305076
v -0.425585 2.199861 -0.295090
v -0.648049 2.199312 -0.335628
v -0.641126 2.255374 -0.342552
v -0.592599 2.259061 -0.313059
v -0.595809 2.199312 -0.303074
v -0.638352 2.274544 -0.348209
v -0.624569 2.312974 -0.361992
v -0.586139 2.326757 -0.348209
v -0.589826 2.278230 -0.318716
v -0.570656 2.281004 -0.313059
v -0.566970 2.329530 -0.342552
v -0.510907 2.336454 -0.335628
v -0.510907 2.284213 -0.303074
v -0.489093 2.284213 -0.303074
v -0.489093 2.336454 -0.335628
v -0.433030 2.329530 -0.342552
v -0.429344 2.281004 -0.313060
v -0.410174 2.278230 -0.318716
v -0.413861 2.326757 -0.348209
v -0.375431 2.312974 -0.361992
v -0.361648 2.274544 -0.348209
v -0.404191 2.199312 -0.303074
v -0.407401 2.259061 -0.313060
v -0.358874 2.255374 -0.342552
v -0.351951 2.199312 -0.335628
v -0.295090 2.199861 -0.425585
v -0.305075 2.259610 -0.428795
v -0.295090 2.262819 -0.488544
v -0.284190 2.199861 -0.488544
v -0.284190 2.199861 -0.511456
v -0.295090 2.262819 -0.511456
v -0.305076 2.259610 -0.571205
v -0.295090 2.199861 -0.574415
v -0.335628 2.199312 -0.351951
v -0.342552 2.255374 -0.358874
v -0.313059 2.259061 -0.407401
v -0.303074 2.199312 -0.404191
v -0.348209 2.274544 -0.361648
v -0.361992 2.312974 -0.375431
v -0.348209 2.326757 -0.413861
v -0.318716 2.278230 -0.410174
v -0.313059 2.281004 -0.429344
v -0.342552 2.329530 -0.433030
v -0.335628 2.336454 -0.489093
v -0.303074 2.284213 -0.489093
v -0.303074 2.284213 -0.510907
v -0.335628 2.336454 -0.510907
v -0.342552 2.329530 -0.566970
v -0.313060 2.281004 -0.570656
v -0.318716 2.278230 -0.589826
v -0.348209 2.326757 -0.586139
v -0.361992 2.312974 -0.624569
v -0.348209 2.274544 -0.638352
v -0.303074 2.199312 -0.595809
v -0.313060 2.259061 -0.592599
v -0.342552 2.255374 -0.641126
v -0.335628 2.199312 -0.648049
v -0.425585 2.199861 -0.704910
v -0.428795 2.259610 -0.694925
v -0.488544 2.262819 -0.704910
v -0.488544 2.199861 -0.715810
v -0.511456 2.199861 -0.715810
v -0.511456 2.262819 -0.704910
v -0.571205 2.259610 -0.694924
v -0.574415 2.199861 -0.704910
v -0.351951 2.199312 -0.664371
v -0.358874 2.255374 -0.657448
v -0.407401 2.259061 -0.686941
v -0.404191 2.199312 -0.696926
v -0.361648 2.274544 -0.651791
v -0.375431 2.312974 -0.638008
v -0.413861 2.326757 -0.651791
v -0.410174 2.278230 -0.681284
v -0.429344 2.281004 -0.686941
v -0.433030 2.329530 -0.657448
v -0.489093 2.336454 -0.664372
v -0.489093 2.284213 -0.696926
v -0.510907 2.284213 -0.696926
v -0.510907 2.336454 -0.664372
v -0.566970 2.329530 -0.657448
v -0.570656 2.281004 -0.686940
v -0.589826 2.278230 -0.681284
v -0.586139 2.326757 -0.651791
v -0.624569 2.312974 -0.638008
v -0.638352 2.274544 -0.651791
v -0.595809 2.199312 -0.696926
v -0.592599 2.259061 -0.686940
v -0.641126 2.255374 -0.657448
v -0.648049 2.199312 -0.664372
v -0.428795 2.383329 -0.428795
v -0.488544 2.393315 -0.425585
v -0.488544 2.404215 -0.488544
v -0.425585 2.393315 -0.488544
v -0.511456 2.393315 -0.425585
v -0.571205 2.383329 -0.428795
v -0.574415 2.393315 -0.488544
v -0.511456 2.404215 -0.488544
v -0.425585 2.393315 -0.511456
v -0.488544 2.404215 -0.511456
v -0.488544 2.393315 -0.574415
v -0.428795 2.383329 -0.571205
v -0.511456 2.404215 -0.511456
v -0.574415 2.393315 -0.511456
v -0.571205 2.383329 -0.571205
v -0.511456 2.393315 -0.574415
v -0.375431 2.326413 -0.375431
v -0.413861 2.340196 -0.361648
v -0.410174 2.369688 -0.410174
v -0.361648 2.340196 -0.413861
v -0.433030 2.345853 -0.358874
v -0.489093 2.352776 -0.351951
v -0.489093 2.385331 -0.404191
v -0.429344 2.375345 -0.407401
v -0.510907 2.352776 -0.351951
v -0.566970 2.345853 -0.358874
v -0.570656 2.375345 -0.407401
v -0.510907 2.385331 -0.404191
v -0.586139 2.340196 -0.361648
v -0.624569 2.326413 -0.375431
v -0.638352 2.340196 -0.413861
v -0.589826 2.369688 -0.410174
v -0.592599 2.375345 -0.429344
v -0.641126 2.345853 -0.433030
v -0.648049 2.352776 -0.489093
v -0.595809 2.385331 -0.489093
v -0.595809 2.385331 -0.510907
v -0.648049 2.352776 -0.510907
v -0.641126 2.345853 -0.566970
v -0.592599 2.375345 -0.570656
v -0.589826 2.369688 -0.589826
v -0.638352 2.340196 -0.586139
v -0.624569 2.326413 -0.624569
v -0.586139 2.340196 -0.638352
v -0.510907 2.385331 -0.595809
v -0.570656 2.375345 -0.592599
v -0.566970 2.345853 -0.641126
v -0.510907 2.352776 -0.648049
v -0.429344 2.375345 -0.592599
v -0.489093 2.385331 -0.595809
v -0.489093 2.352776 -0.648049
v -0.433030 2.345853 -0.641126
v -0.361648 2.340196 -0.586139
v -0.410174 2.369688 -0.589826
v -0.413861 2.340196 -0.638352
v -0.375431 2.326413 -0.624569
v -0.351951 2.352776 -0.510907
v -0.404191 2.385331 -0.510907
v -0.407401 2.375345 -0.570656
v -0.358874 2.345853 -0.566970
v -0.358874 2.345853 -0.433030
v -0.407401 2.375345 -0.429344
v -0.404191 2.385331 -0.489093
v -0.351951 2.352776 -0.489093
v -0.404300 2.006213 -0.404300
v -0.448207 1.964722 -0.448207
v -0.364659 2.006213 -0.500000
v -0.426754 1.964722 -0.500000
v -0.404300 2.006213 -0.595700
v -0.448207 1.964722 -0.551793
v -0.500000 2.006213 -0.635341
v -0.500000 1.964722 -0.573246
v -0.595700 2.006213 -0.595700
v -0.551793 1.964722 -0.551793
v -0.635341 2.006213 -0.500000
v -0.573246 1.964722 -0.500000
v -0.595700 2.006213 -0.404300
v -0.551793 1.964722 -0.448207
v -0.500000 1.950153 -0.500000
v -0.500000 2.006213 -0.364659
v -0.500000 1.964722 -0.426754
vn -0.6074 0.7764 0.1685
vn -0.4308 0.6891 -0.5827
vn -0.6840 0.4699 -0.5580
vn -0.7518 0.5678 0.3353
vn -0.8545 0.1188 -0.5056
vn -0.8258 0.3950 0.4025
vn -0.0608 0.0408 -0.9973
vn -0.1634 -0.2103 -0.9639
vn 0.0132 0.2035 -0.9790
vn -0.5723 0.3740 0.7298
vn -0.5584 0.4521 0.6955
vn -0.5095 0.6228 0.5938
vn 0.0501 0.9977 0.0448
vn 0.4104 0.8510 -0.3277
vn -0.0730 0.8078 -0.5849
vn -0.3024 0.9524 -0.0397
vn 0.2230 0.3225 -0.9199
vn 0.6698 0.3882 -0.6330
vn -0.5616 0.5455 0.6221
vn -0.3405 0.8403 0.4218
vn -0.4124 0.8111 0.4147
vn 0.6077 -0.4771 -0.6349
vn 0.3196 -0.3459 -0.8822
vn 0.3668 -0.2532 -0.8952
vn 0.6483 -0.3502 -0.6760
vn 0.3577 -0.2604 -0.8968
vn 0.6215 -0.4178 -0.6627
vn 0.4278 -0.2076 -0.8797
vn 0.6733 -0.2377 -0.7001
vn 0.9966 0.0824 0.0098
vn 0.8654 -0.3245 -0.3819
vn 0.8543 -0.2581 -0.4512
vn 0.9510 0.2391 -0.1958
vn 0.8663 -0.3226 -0.3813
vn 0.8396 -0.4307 -0.3309
vn 0.9918 -0.1011 0.0778
vn 0.9158 -0.3659 0.1656
vn -0.0885 0.7252 0.6828
vn 0.6535 0.5657 0.5029
vn 0.6675 0.7295 0.1494
vn 0.1335 0.9094 0.3939
vn -0.3701 0.3585 0.8570
vn 0.4843 -0.0468 0.8737
vn 0.5967 0.3143 0.7384
vn -0.2784 0.5243 0.8048
vn -0.6462 0.4790 0.5941
vn -0.5298 0.6285 0.5694
vn -0.6893 0.4207 0.5898
vn -0.3332 0.8050 0.4908
vn -0.6707 0.4428 0.5951
vn -0.4633 0.0828 0.8823
vn -0.5255 0.1743 0.8328
vn 0.0195 -0.5926 0.8052
vn 0.2583 -0.3787 0.8888
vn 0.7310 -0.6493 0.2102
vn 0.5391 -0.8299 0.1437
vn -0.7238 0.1285 0.6780
vn -0.5101 -0.7587 0.4053
vn -0.2617 -0.7298 0.6316
vn -0.6226 0.1237 0.7727
vn 0.3119 -0.9501 -0.0024
vn 0.1227 -0.9724 -0.1986
vn 0.6655 -0.6702 -0.3285
vn 0.7723 -0.5943 -0.2242
vn 0.5279 -0.7782 -0.3402
vn 0.4658 -0.7301 -0.5000
vn -0.8368 0.1835 0.5158
vn -0.8467 -0.5179 -0.1218
vn -0.7037 -0.6947 0.1489
vn -0.7983 0.1336 0.5873
vn -0.0509 -0.9139 -0.4027
vn -0.1794 -0.7489 -0.6379
vn 0.3105 -0.7529 -0.5803
vn 0.3070 -0.6162 -0.7253
vn 0.2045 -0.5003 -0.8413
vn -0.2326 -0.5175 -0.8234
vn -0.9079 -0.2505 -0.3361
vn -0.8865 0.1068 0.4502
vn -0.5761 0.4026 0.7114
vn 0.6074 0.7764 0.1685
vn 0.7518 0.5678 0.3353
vn 0.6840 0.4699 -0.5580
vn 0.4308 0.6891 -0.5827
vn 0.0608 0.0408 -0.9973
vn -0.0132 0.2035 -0.9790
vn 0.8545 0.1188 -0.5056
vn 0.1634 -0.2103 -0.9639
vn 0.8258 0.3950 0.4025
vn 0.5584 0.4521 0.6955
vn 0.5095 0.6228 0.5938
vn 0.5723 0.3740 0.7298
vn -0.0501 0.9977 0.0448
vn 0.3024 0.9524 -0.0397
vn 0.0730 0.8078 -0.5849
vn -0.4104 0.8510 -0.3277
vn -0.2230 0.3225 -0.9199
vn -0.6698 0.3882 -0.6330
vn 0.5616 0.5455 0.6221
vn 0.4124 0.8111 0.4147
vn 0.3405 0.8403 0.4218
vn -0.6077 -0.4771 -0.6349
vn -0.6483 -0.3502 -0.6760
vn -0.3668 -0.2532 -0.8952
vn -0.3196 -0.3459 -0.8822
vn -0.3577 -0.2604 -0.8968
vn -0.6215 -0.4178 -0.6627
vn -0.6733 -0.2377 -0.7001
vn -0.4278 -0.2076 -0.8797
vn -0.9966 0.0824 0.0098
vn -0.9510 0.2391 -0.1958
vn -0.8543 -0.2581 -0.4512
vn -0.8654 -0.3245 -0.3819
vn -0.8396 -0.4307 -0.3309
vn -0.8663 -0.3226 -0.3813
vn -0.9918 -0.1011 0.0778
vn -0.9158 -0.3659 0.1656
vn 0.0885 0.7252 0.6828
vn -0.1334 0.9094 0.3939
vn -0.6675 0.7295 0.1494
vn -0.6535 0.5657 0.5029
vn 0.3701 0.3585 0.8570
vn 0.2784 0.5243 0.8048
vn -0.5967 0.3143 0.7384
vn -0.4843 -0.0468 0.8737
vn 0.6893 0.4207 0.5898
vn 0.6462 0.4790 0.5941
vn 0.5298 0.6285 0.5694
vn 0.3332 0.8050 0.4908
vn 0.4633 0.0828 0.8823
vn 0.6707 0.4428 0.5951
vn 0.5255 0.1743 0.8328
vn -0.2583 -0.3787 0.8888
vn -0.0195 -0.5926 0.8052
vn -0.7310 -0.6493 0.2102
vn -0.5391 -0.8299 0.1437
vn 0.7238 0.1285 0.6780
vn 0.6226 0.1237 0.7727
vn 0.2617 -0.7298 0.6316
vn 0.5101 -0.7587 0.4053
vn -0.3119 -0.9501 -0.0024
vn -0.1227 -0.9724 -0.1986
vn -0.7723 -0.5943 -0.2242
vn -0.6655 -0.6702 -0.3285
vn -0.4658 -0.7301 -0.5000
vn -0.5279 -0.7782 -0.3402
vn 0.8368 0.1835 0.5158
vn 0.7983 0.1336 0.5873
vn 0.7037 -0.6947 0.1489
vn 0.8467 -0.5179 -0.1218
vn 0.0509 -0.9139 -0.4027
vn 0.1794 -0.7489 -0.6379
vn -0.3070 -0.6162 -0.7253
vn -0.3105 -0.7529 -0.5803
vn -0.2045 -0.5003 -0.8413
vn 0.2326 -0.5175 -0.8234
vn 0.8865 0.1068 0.4502
vn 0.9079 -0.2505 -0.3361
vn 0.5761 0.4026 0.7114
vn -0.6074 0.7764 -0.1685
vn -0.7518 0.5678 -0.3353
vn -0.6840 0.4699 0.5580
vn -0.4308 0.6891 0.5827
vn -0.0608 0.0408 0.9973
vn 0.0132 0.2035 0.9790
vn -0.8545 0.1188 0.5056
vn -0.1634 -0.2103 0.9639
vn -0.8258 0.3950 -0.4025
vn -0.5584 0.4521 -0.6955
vn -0.5095 0.6228 -0.5938
vn -0.5723 0.3740 -0.7298
vn 0.0501 0.9977 -0.0448
vn -0.3024 0.9524 0.0397
vn -0.0730 0.8078 0.5849
vn 0.4104 0.8510 0.3277
vn 0.2230 0.3225 0.9199
vn 0.6698 0.3882 0.6330
vn -0.5616 0.5455 -0.6221
vn -0.4124 0.8111 -0.4147
vn -0.3405 0.8403 -0.4218
vn 0.6077 -0.4771 0.6349
vn 0.6483 -0.3502 0.6760
vn 0.3668 -0.2532 0.8952
vn 0.3196 -0.3459 0.8822
vn 0.3577 -0.2604 0.8968
vn 0.6215 -0.4178 0.6627
vn 0.6733 -0.2377 0.7001
vn 0.4278 -0.2076 0.8797
vn 0.9966 0.0824 -0.0098
vn 0.9510 0.2391 0.1958
vn 0.8543 -0.2581 0.4512
vn 0.8654 -0.3245 0.3819
vn 0.8396 -0.4307 0.3309
vn 0.8663 -0.3226 0.3813
vn 0.9918 -0.1011 -0.0778
vn 0.9158 -0.3659 -0.1656
vn -0.0885 0.7252 -0.6828
vn 0.1334 0.9094 -0.3939
vn 0.6675 0.7295 -0.1494
vn 0.6535 0.5657 -0.5030
vn -0.3701 0.3585 -0.8570
vn -0.2784 0.5243 -0.8048
vn 0.5967 0.3143 -0.7384
vn 0.4843 -0.0468 -0.8737
vn -0.6893 0.4207 -0.5898
vn -0.6462 0.4790 -0.5941
vn -0.5298 0.6285 -0.5694
vn -0.3332 0.8050 -0.4908
vn -0.4633 0.0828 -0.8823
vn -0.6707 0.4428 -0.5951
vn -0.5255 0.1743 -0.8327
vn 0.2583 -0.3787 -0.8888
vn 0.0195 -0.5926 -0.8052
vn 0.7310 -0.6493 -0.2102
vn 0.5391 -0.8299 -0.1437
vn -0.7238 0.1285 -0.6779
vn -0.6226 0.1238 -0.7727
vn -0.2617 -0.7298 -0.6316
vn -0.5101 -0.7587 -0.4053
vn 0.3119 -0.9501 0.0024
vn 0.1227 -0.9724 0.1986
vn 0.7723 -0.5943 0.2242
vn 0.6655 -0.6702 0.3285
vn 0.4658 -0.7301 0.5000
vn 0.5279 -0.7782 0.3402
vn -0.8368 0.1835 -0.5158
vn -0.7983 0.1336 -0.5873
vn -0.7037 -0.6947 -0.1489
vn -0.8467 -0.5179 0.1218
vn -0.0509 -0.9139 0.4027
vn -0.1794 -0.7489 0.6379
vn 0.3070 -0.6162 0.7253
vn 0.3105 -0.7529 0.5803
vn 0.2045 -0.5003 0.8413
vn -0.2326 -0.5175 0.8234
vn -0.8865 0.1068 -0.4502
vn -0.9079 -0.2505 0.3361
vn -0.5761 0.4026 -0.7114
vn 0.6074 0.7764 -0.1685
vn 0.4308 0.6891 0.5827
vn 0.6840 0.4699 0.5580
vn 0.7518 0.5678 -0.3353
vn 0.8545 0.1188 0.5056
vn 0.8258 0.3950 -0.4025
vn 0.0608 0.0408 0.9973
vn 0.1634 -0.2103 0.9639
vn -0.0132 0.2035 0.9790
vn 0.5723 0.3740 -0.7298
vn 0.5584 0.4521 -0.6955
vn 0.5095 0.6228 -0.5938
vn -0.0501 0.9977 -0.0448
vn -0.4104 0.8510 0.3277
vn 0.0730 0.8078 0.5849
vn 0.3024 0.9524 0.0397
vn -0.2230 0.3225 0.9199
vn -0.6698 0.3882 0.6330
vn 0.5616 0.5455 -0.6221
vn 0.3405 0.8403 -0.4218
vn 0.4124 0.8111 -0.4147
vn -0.6077 -0.4771 0.6349
vn -0.3196 -0.3459 0.8822
vn -0.3668 -0.2532 0.8952
vn -0.6483 -0.3502 0.6760
vn -0.3577 -0.2604 0.8968
vn -0.6215 -0.4178 0.6627
vn -0.4278 -0.2076 0.8797
vn -0.6733 -0.2377 0.7001
vn -0.9966 0.0824 -0.0098
vn -0.8654 -0.3245 0.3819
vn -0.8543 -0.2581 0.4512
vn -0.9510 0.2391 0.1958
vn -0.8663 -0.3226 0.3813
vn -0.8396 -0.4307 0.3309
vn -0.9918 -0.1011 -0.0778
vn -0.9158 -0.3659 -0.1656
vn 0.0885 0.7252 -0.6828
vn -0.6535 0.5657 -0.5030
vn -0.6675 0.7295 -0.1494
vn -0.1334 0.9094 -0.3939
vn 0.3701 0.3585 -0.8570
vn -0.4843 -0.0468 -0.8737
vn -0.5967 0.3143 -0.7384
vn 0.2784 0.5243 -0.8048
vn 0.6462 0.4790 -0.5941
vn 0.5298 0.6285 -0.5694
vn 0.6893 0.4207 -0.5898
vn 0.3332 0.8050 -0.4908
vn 0.6707 0.4428 -0.5951
vn 0.4633 0.0828 -0.8823
vn 0.5255 0.1743 -0.8327
vn -0.0195 -0.5926 -0.8052
vn -0.2583 -0.3787 -0.8888
vn -0.7310 -0.6493 -0.2102
vn -0.5391 -0.8299 -0.1437
vn 0.7237 0.1286 -0.6780
vn 0.5101 -0.7587 -0.4053
vn 0.2617 -0.7298 -0.6316
vn 0.6226 0.1238 -0.7727
vn -0.3119 -0.9501 0.0024
vn -0.1227 -0.9724 0.1986
vn -0.6655 -0.6702 0.3285
vn -0.7723 -0.5943 0.2242
vn -0.5279 -0.7782 0.3402
vn -0.4658 -0.7301 0.5000
vn 0.8368 0.1834 -0.5158
vn 0.8467 -0.5179 0.1218
vn 0.7037 -0.6947 -0.1489
vn 0.7983 0.1335 -0.5873
vn 0.0509 -0.9139 0.4027
vn 0.1794 -0.7489 0.6379
vn -0.3105 -0.7529 0.5803
vn -0.3070 -0.6162 0.7253
vn -0.2045 -0.5003 0.8413
vn 0.2326 -0.5175 0.8234
vn 0.9079 -0.2505 0.3361
vn 0.8865 0.1068 -0.4502
vn 0.5761 0.4026 -0.7114
vn 0.8395 -0.1944 0.5074
vn 0.9617 -0.1939 -0.1939
vn 0.8395 0.5074 -0.1944
vn 0.7176 0.4925 0.4925
vn 0.8835 0.3313 0.3313
vn 0.8727 -0.3654 0.3240
vn 0.9375 0.3480 -0.0000
vn 0.9333 -0.3591 -0.0000
vn 0.9617 -0.1939 0.1939
vn 0.8395 -0.1944 -0.5074
vn 0.7176 0.4925 -0.4925
vn 0.8395 0.5074 0.1944
vn 0.8835 0.3313 -0.3313
vn 0.8727 -0.3654 -0.3240
vn 0.5757 -0.2052 0.7915
vn 0.9643 -0.2044 0.1683
vn 0.8447 0.5204 0.1252
vn 0.4672 0.5012 0.7284
vn 0.6724 0.3093 0.6724
vn 0.6569 -0.3700 0.6569
vn 0.5588 0.0496 0.8278
vn 0.9885 0.1068 0.1069
vn 0.5588 0.8278 0.0496
vn 0.2405 0.6863 0.6863
vn 0.5774 0.5774 0.5773
vn 0.6724 0.6724 0.3093
vn 0.8447 0.1252 0.5204
vn 0.9643 0.1682 -0.2044
vn 0.5757 0.7915 -0.2052
vn 0.4672 0.7284 0.5012
vn 0.7071 0.7071 -0.0000
vn 0.9643 0.1682 0.2044
vn 0.8447 0.1252 -0.5204
vn 0.4672 0.7284 -0.5012
vn 0.5757 0.7915 0.2052
vn 0.6724 0.6724 -0.3093
vn 0.9885 0.1068 -0.1069
vn 0.5588 0.0496 -0.8278
vn 0.2405 0.6863 -0.6863
vn 0.5588 0.8278 -0.0496
vn 0.5773 0.5774 -0.5773
vn 0.6724 0.3093 -0.6724
vn 0.9643 -0.2044 -0.1683
vn 0.5757 -0.2052 -0.7915
vn 0.4672 0.5012 -0.7284
vn 0.8447 0.5204 -0.1252
vn 0.6569 -0.3700 -0.6569
vn 0.5074 -0.1944 -0.8395
vn -0.1939 -0.1939 -0.9617
vn -0.1944 0.5074 -0.8395
vn 0.4925 0.4925 -0.7176
vn 0.3313 0.3313 -0.8835
vn 0.3240 -0.3654 -0.8727
vn -0.0000 0.3480 -0.9375
vn -0.0000 -0.3591 -0.9333
vn 0.1939 -0.1939 -0.9617
vn -0.5074 -0.1944 -0.8395
vn -0.4925 0.4925 -0.7176
vn 0.1944 0.5074 -0.8395
vn -0.3313 0.3313 -0.8835
vn -0.3240 -0.3654 -0.8727
vn 0.7915 -0.2052 -0.5757
vn 0.1683 -0.2044 -0.9643
vn 0.1252 0.5204 -0.8447
vn 0.7284 0.5012 -0.4672
vn 0.8278 0.0496 -0.5588
vn 0.1069 0.1068 -0.9885
vn 0.0496 0.8278 -0.5588
vn 0.6863 0.6863 -0.2405
vn 0.3093 0.6724 -0.6724
vn 0.5204 0.1252 -0.8447
vn -0.2044 0.1682 -0.9643
vn -0.2052 0.7915 -0.5757
vn 0.5012 0.7284 -0.4672
vn -0.0000 0.7071 -0.7071
vn 0.2044 0.1682 -0.9643
vn -0.5204 0.1252 -0.8447
vn -0.5012 0.7284 -0.4672
vn 0.2052 0.7915 -0.5757
vn -0.3093 0.6724 -0.6724
vn -0.1069 0.1068 -0.9885
vn -0.8278 0.0496 -0.5588
vn -0.6863 0.6863 -0.2405
vn -0.0496 0.8278 -0.5588
vn -0.5774 0.5774 -0.5774
vn -0.6724 0.3093 -0.6724
vn -0.1683 -0.2044 -0.9643
vn -0.7915 -0.2052 -0.5757
vn -0.7284 0.5012 -0.4672
vn -0.1252 0.5204 -0.8447
vn -0.6569 -0.3700 -0.6569
vn -0.8395 -0.1944 -0.5074
vn -0.9617 -0.1939 0.1939
vn -0.8395 0.5074 0.1944
vn -0.7176 0.4925 -0.4925
vn -0.8835 0.3313 -0.3313
vn -0.8727 -0.3654 -0.3240
vn -0.9375 0.3480 -0.0000
vn -0.9333 -0.3591 -0.0000
vn -0.9617 -0.1939 -0.1939
vn -0.8395 -0.1944 0.5074
vn -0.7176 0.4925 0.4925
vn -0.8395 0.5074 -0.1944
vn -0.8835 0.3312 0.3313
vn -0.8727 -0.3654 0.3240
vn -0.5757 -0.2052 -0.7915
vn -0.9643 -0.2044 -0.1683
vn -0.8447 0.5204 -0.1252
vn -0.4672 0.5012 -0.7284
vn -0.5588 0.0496 -0.8278
vn -0.9885 0.1068 -0.1069
vn -0.5588 0.8278 -0.0496
vn -0.2405 0.6863 -0.6863
vn -0.6724 0.6724 -0.3093
vn -0.8447 0.1252 -0.5204
vn -0.9643 0.1682 0.2044
vn -0.5757 0.7915 0.2052
vn -0.4672 0.7284 -0.5012
vn -0.7071 0.7071 -0.0000
vn -0.9643 0.1682 -0.2044
vn -0.8447 0.1252 0.5204
vn -0.4672 0.7284 0.5012
vn -0.5757 0.7915 -0.2052
vn -0.6724 0.6724 0.3093
vn -0.9885 0.1068 0.1069
vn -0.5588 0.0496 0.8278
vn -0.2405 0.6863 0.6863
vn -0.5588 0.8278 0.0496
vn -0.5774 0.5774 0.5773
vn -0.6724 0.3093 0.6724
vn -0.9643 -0.2044 0.1683
vn -0.5757 -0.2052 0.7915
vn -0.4672 0.5011 0.7284
vn -0.8447 0.5204 0.1252
vn -0.6569 -0.3700 0.6569
vn -0.5074 -0.1944 0.8395
vn 0.1939 -0.1939 0.9617
vn 0.1944 0.5074 0.8395
vn -0.4925 0.4925 0.7176
vn -0.3313 0.3313 0.8835
vn -0.3240 -0.3654 0.8727
vn -0.0000 0.3480 0.9375
vn -0.0000 -0.3591 0.9333
vn -0.1939 -0.1939 0.9617
vn 0.5074 -0.1944 0.8395
vn 0.4925 0.4925 0.7176
vn -0.1944 0.5074 0.8395
vn 0.3313 0.3312 0.8835
vn 0.3240 -0.3654 0.8727
vn -0.7915 -0.2052 0.5757
vn -0.1683 -0.2044 0.9643
vn -0.1252 0.5204 0.8447
vn -0.7284 0.5011 0.4672
vn -0.8278 0.0496 0.5588
vn -0.1069 0.1068 0.9885
vn -0.0496 0.8278 0.5588
vn -0.6863 0.6863 0.2405
vn -0.3093 0.6724 0.6724
vn -0.5204 0.1252 0.8447
vn 0.2044 0.1682 0.9643
vn 0.2052 0.7915 0.5757
vn -0.5012 0.7284 0.4672
vn -0.0000 0.7071 0.7071
vn -0.2044 0.1683 0.9643
vn 0.5204 0.1252 0.8447
vn 0.5012 0.7284 0.4672
vn -0.2052 0.7915 0.5757
vn 0.3093 0.6724 0.6724
vn 0.1069 0.1068 0.9885
vn 0.8278 0.0496 0.5588
vn 0.6863 0.6863 0.2405
vn 0.0496 0.8278 0.5588
vn 0.1683 -0.2044 0.9643
vn 0.7915 -0.2052 0.5757
vn 0.7284 0.5011 0.4672
vn 0.1252 0.5204 0.8447
vn -0.4925 0.7176 -0.4925
vn -0.5074 0.8395 0.1944
vn 0.1939 0.9617 0.1939
vn 0.1944 0.8395 -0.5074
vn -0.0000 0.9375 -0.3480
vn -0.3313 0.8835 -0.3313
vn -0.0000 1.0000 -0.0000
vn -0.3480 0.9375 -0.0000
vn -0.1944 0.8395 -0.5074
vn -0.1939 0.9617 0.1939
vn 0.5074 0.8395 0.1944
vn 0.4925 0.7176 -0.4925
vn 0.3313 0.8835 -0.3313
vn 0.3480 0.9375 -0.0000
vn -0.5074 0.8395 -0.1944
vn -0.4925 0.7176 0.4925
vn 0.1944 0.8395 0.5074
vn 0.1939 0.9617 -0.1939
vn -0.0000 0.9375 0.3480
vn -0.3313 0.8835 0.3313
vn -0.1939 0.9617 -0.1939
vn -0.1944 0.8395 0.5074
vn 0.4925 0.7176 0.4925
vn 0.5074 0.8395 -0.1944
vn 0.3313 0.8835 0.3313
vn -0.6863 0.2405 -0.6863
vn -0.8278 0.5588 -0.0496
vn -0.1069 0.9885 -0.1069
vn -0.0496 0.5588 -0.8278
vn -0.5012 0.4672 -0.7284
vn -0.5204 0.8447 -0.1252
vn 0.2044 0.9643 -0.1683
vn 0.2052 0.5757 -0.7915
vn -0.2052 0.5757 -0.7915
vn -0.2044 0.9643 -0.1683
vn 0.5204 0.8447 -0.1252
vn 0.5012 0.4672 -0.7284
vn 0.0496 0.5588 -0.8278
vn 0.1069 0.9885 -0.1069
vn 0.8278 0.5588 -0.0496
vn 0.6863 0.2405 -0.6863
vn 0.1252 0.8447 -0.5204
vn 0.1683 0.9643 0.2044
vn 0.7915 0.5757 0.2052
vn 0.7284 0.4672 -0.5012
vn 0.1683 0.9643 -0.2044
vn 0.1252 0.8447 0.5204
vn 0.7284 0.4672 0.5012
vn 0.7915 0.5757 -0.2052
vn 0.1069 0.9885 0.1069
vn 0.0496 0.5588 0.8278
vn 0.6863 0.2405 0.6863
vn 0.8278 0.5588 0.0496
vn -0.2044 0.9643 0.1683
vn -0.2052 0.5757 0.7915
vn 0.5012 0.4672 0.7284
vn 0.5204 0.8447 0.1252
vn -0.5204 0.8447 0.1252
vn -0.5012 0.4672 0.7284
vn 0.2052 0.5757 0.7915
vn 0.2044 0.9643 0.1683
vn -0.8278 0.5588 0.0496
vn -0.6863 0.2405 0.6863
vn -0.0496 0.5588 0.8278
vn -0.1069 0.9885 0.1069
vn -0.7915 0.5757 -0.2052
vn -0.7284 0.4672 0.5012
vn -0.1252 0.8447 0.5204
vn -0.1683 0.9643 -0.2044
vn -0.7284 0.4672 -0.5012
vn -0.7915 0.5757 0.2052
vn -0.1683 0.9643 0.2044
vn -0.1252 0.8447 -0.5204
vn -0.0000 -0.9063 -0.4226
vn -0.2988 -0.9063 -0.2988
vn -0.3929 -0.8315 -0.3929
vn -0.0000 -0.8315 -0.5556
vn -0.0000 -1.0000 -0.0000
vn -0.4226 -0.9063 -0.0000
vn -0.5556 -0.8315 -0.0000
vn -0.2988 -0.9063 0.2988
vn -0.3929 -0.8315 0.3929
vn -0.0000 -0.9063 0.4226
vn -0.0000 -0.8315 0.5556
vn 0.2988 -0.9063 0.2988
vn 0.3929 -0.8315 0.3929
vn 0.4226 -0.9063 -0.0000
vn 0.5556 -0.8315 -0.0000
vn 0.2988 -0.9063 -0.2988
vn 0.3929 -0.8315 -0.3929
vn 0.5700 0.3786 0.7293
vn 0.5923 0.3980 0.7005
vn 0.5525 0.6013 0.5772
vn 0.5648 0.5458 0.6189
vn -0.6483 -0.3502 -0.6761
vn -0.9158 -0.3659 0.1655
vn -0.6535 0.5656 0.5029
vn 0.6604 0.4172 0.6244
vn 0.5164 0.6016 0.6095
vn 0.6904 0.4167 0.5913
vn 0.4466 0.2380 0.8625
vn 0.6714 0.4693 0.5736
vn 0.5251 0.1746 0.8329
vn 0.7233 0.1284 0.6785
vn 0.6290 0.1217 0.7678
vn 0.8375 0.1851 0.5141
vn 0.7950 0.1313 0.5922
vn 0.8523 0.2580 0.4550
vn 0.5555 0.4229 0.7159
vn -0.5923 0.3980 0.7005
vn -0.5525 0.6013 0.5772
vn -0.5700 0.3786 0.7293
vn -0.5648 0.5458 0.6189
vn 0.1334 0.9094 0.3939
vn -0.6904 0.4167 0.5913
vn -0.6604 0.4172 0.6244
vn -0.5164 0.6016 0.6095
vn -0.6714 0.4693 0.5736
vn -0.4466 0.2380 0.8625
vn -0.5251 0.1746 0.8330
vn -0.7233 0.1284 0.6785
vn -0.6290 0.1218 0.7678
vn -0.8375 0.1851 0.5141
vn -0.7950 0.1313 0.5922
vn -0.8523 0.2580 0.4550
vn -0.5555 0.4229 0.7159
vn 0.5923 0.3980 -0.7005
vn 0.5525 0.6013 -0.5772
vn 0.5700 0.3786 -0.7293
vn 0.5648 0.5458 -0.6189
vn -0.9158 -0.3659 -0.1655
vn 0.6904 0.4167 -0.5913
vn 0.6604 0.4172 -0.6244
vn 0.5164 0.6016 -0.6095
vn 0.6714 0.4693 -0.5736
vn 0.4466 0.2380 -0.8625
vn 0.5250 0.1746 -0.8330
vn 0.7233 0.1284 -0.6785
vn 0.6290 0.1218 -0.7678
vn 0.8375 0.1851 -0.5141
vn 0.7950 0.1313 -0.5922
vn 0.8523 0.2580 -0.4550
vn 0.5555 0.4229 -0.7159
vn -0.5700 0.3786 -0.7293
vn -0.5923 0.3980 -0.7005
vn -0.5525 0.6013 -0.5772
vn -0.5648 0.5458 -0.6189
vn -0.6604 0.4172 -0.6244
vn -0.5164 0.6016 -0.6095
vn -0.6904 0.4167 -0.5913
vn -0.4466 0.2380 -0.8625
vn -0.6714 0.4693 -0.5736
vn -0.5251 0.1746 -0.8330
vn -0.7233 0.1284 -0.6785
vn -0.6290 0.1216 -0.7678
vn -0.8375 0.1851 -0.5141
vn -0.7950 0.1313 -0.5922
vn -0.8523 0.2580 -0.4551
vn -0.5555 0.4229 -0.7159
vn -0.8835 0.3313 0.3313
vn -0.8835 0.3312 -0.3313
vn -0.5774 0.5774 -0.5773
vn 0.5774 0.5774 -0.5774
vn 0.8835 0.3312 0.3313
vn 0.4672 0.5011 0.7284
vn 0.3313 0.3313 0.8835
vn -0.3313 0.3312 0.8835
vn -0.2044 0.1682 0.9643
vn 0.2044 0.1683 0.9643
vn 0.9158 -0.3659 -0.1655
vn 0.1335 0.9094 -0.3939
vn 0.6535 0.5657 -0.5029
vn -0.5251 0.1746 -0.8329
vn -0.6290 0.1217 -0.7678
vn -0.7950 0.1312 -0.5922
vn -0.8523 0.2580 -0.4550
vn -0.6535 0.5657 -0.5029
vn 0.5251 0.1746 -0.8330
vn -0.7723 -0.5943 0.2243
vn -0.5250 0.1746 0.8330
vn -0.1335 0.9094 0.3939
vn 0.5251 0.1746 0.8330
vn 0.6290 0.1216 0.7678
vn 0.8523 0.2580 0.4551
vn 0.9885 0.1069 -0.1069
vn 0.5774 0.5774 -0.5773
vn 0.9885 0.1069 0.1069
vn -0.3312 0.3312 0.8835
vn 0.7284 0.5012 0.4672
vn 0.1069 0.1069 0.9885
vn -0.1069 0.1069 0.9885
vn -0.5774 0.5774 0.5774
vn -0.7284 0.5012 0.4672
vn -0.4672 0.5012 0.7284
vn -0.9885 0.1069 0.1069
vn -0.9643 0.1683 0.2044
vn -0.9885 0.1069 -0.1069
vn 0.3313 0.3312 -0.8835
vn -0.1069 0.1069 -0.9885
vn -0.2044 0.1683 -0.9643
vn 0.1069 0.1069 -0.9885
vn -0.6535 0.5656 -0.5029
vn 0.5255 0.1743 -0.8328
vn 0.7238 0.1285 -0.6780
vn 0.6226 0.1237 -0.7727
vn 0.7983 0.1336 -0.5873
vn -0.5255 0.1743 -0.8328
vn -0.7238 0.1285 -0.6780
vn -0.6226 0.1237 -0.7727
vn 0.7723 -0.5943 0.2243
vn 0.5255 0.1743 0.8327
vn 0.6226 0.1238 0.7727
vn 0.8369 0.1835 0.5158
vn 0.7983 0.1335 0.5873
vn -0.5255 0.1743 0.8327
vn -0.6226 0.1238 0.7727
vn -0.8368 0.1834 0.5158
vn -0.7983 0.1335 0.5873
vn -0.5773 0.5774 0.5773
vn 0.3312 0.3312 0.8835
vn 0.5774 0.5774 0.5774
vn 0.8835 0.3312 -0.3313
vn 0.9643 0.1683 0.2044
vn -0.3313 0.3312 -0.8835
vn 0.2044 0.1683 -0.9643
vt 0.246015 0.100493
vt 0.246226 0.099622
vt 0.247850 0.092925
vt 0.247632 0.093824
vt 0.249865 0.084620
vt 0.249550 0.085916
vt 0.248265 0.091215
vt 0.250222 0.083148
vt 0.246685 0.097731
vt 0.249510 0.086082
vt 0.247673 0.093658
vt 0.246070 0.100266
vt 0.244686 0.105971
vt 0.244925 0.104985
vt 0.245196 0.103867
vt 0.244964 0.104827
vt 0.245736 0.101644
vt 0.245547 0.102420
vt 0.246177 0.099826
vt 0.245063 0.104416
vt 0.245139 0.104103
vt 0.251697 0.077066
vt 0.250617 0.081519
vt 0.248780 0.089090
vt 0.249193 0.087391
vt 0.247234 0.095466
vt 0.247554 0.094146
vt 0.246331 0.099191
vt 0.246385 0.098969
vt 0.247177 0.095701
vt 0.247537 0.094218
vt 0.246539 0.098333
vt 0.246007 0.100526
vt 0.249171 0.087479
vt 0.251064 0.079674
vt 0.248917 0.088528
vt 0.250928 0.080237
vt 0.246439 0.098745
vt 0.246748 0.097469
vt 0.245475 0.102721
vt 0.245194 0.103877
vt 0.250173 0.083349
vt 0.250617 0.081516
vt 0.248551 0.090035
vt 0.248203 0.091472
vt 0.247992 0.092343
vt 0.246311 0.099272
vt 0.249879 0.084560
vt 0.245303 0.103426
vt 0.251328 0.078587
vt 0.251996 0.075833
vt 0.253302 0.070445
vt 0.254172 0.066861
vt 0.252633 0.073204
vt 0.252853 0.072297
vt 0.254278 0.066422
vt 0.254060 0.067320
vt 0.255053 0.063226
vt 0.254942 0.063685
vt 0.254000 0.067569
vt 0.255049 0.063245
vt 0.255117 0.062963
vt 0.253382 0.070117
vt 0.252553 0.073535
vt 0.254273 0.066445
vt 0.253989 0.067616
vt 0.252952 0.071890
vt 0.253751 0.068595
vt 0.254736 0.064535
vt 0.253828 0.068276
vt 0.254847 0.064078
vt 0.253872 0.068098
vt 0.254113 0.067104
vt 0.253099 0.071285
vt 0.252079 0.075488
vt 0.252240 0.074827
vt 0.251998 0.075825
vt 0.251459 0.078046
vt 0.250938 0.080192
vt 0.166888 0.159540
vt 0.166888 0.174849
vt 0.166888 0.174069
vt 0.166888 0.175710
vt 0.166888 0.156755
vt 0.166888 0.176728
vt 0.166888 0.159407
vt 0.166888 0.173935
vt 0.166888 0.173039
vt 0.166888 0.174540
vt 0.166888 0.177700
vt 0.166888 0.178597
vt 0.166888 0.190396
vt 0.166888 0.187045
vt 0.166888 0.186732
vt 0.166888 0.191105
vt 0.166888 0.179271
vt 0.166888 0.180051
vt 0.166888 0.192754
vt 0.166888 0.191071
vt 0.166888 0.193301
vt 0.166888 0.204152
vt 0.166888 0.206580
vt 0.166888 0.209231
vt 0.166888 0.203629
vt 0.166888 0.200461
vt 0.166888 0.207087
vt 0.166888 0.190312
vt 0.166888 0.193664
vt 0.166888 0.200835
vt 0.166888 0.195039
vt 0.166888 0.202211
vt 0.166888 0.204639
vt 0.166888 0.196723
vt 0.254772 0.064009
vt 0.254519 0.064919
vt 0.255024 0.063098
s 1
usemtl Color_Palette_01.001
f 173/10/98 252/11/99 401/12/100 249/13/101
f 249/13/101 401/12/100 285/14/102 174/15/103
f 401/12/100 253/16/104 178/17/105 285/14/102
f 252/11/99 177/18/106 253/16/104 401/12/100
f 281/19/107 402/20/108 249/13/101 174/15/103
f 402/20/108 251/21/109 173/10/98 249/13/101
f 175/22/110 284/23/111 403/24/112 250/25/113
f 250/25/113 403/24/112 252/11/99 173/10/98
f 403/24/112 254/26/114 177/18/106 252/11/99
f 284/23/111 179/27/115 254/26/114 403/24/112
f 176/28/116 286/29/117 404/30/118 251/21/109
f 173/10/98 251/21/109 404/30/118 250/25/113
f 175/22/110 250/25/113 404/30/118 286/29/117
f 181/31/119 283/32/120 405/33/121 257/34/122
f 257/34/122 405/33/121 255/35/123 180/36/124
f 405/33/121 253/16/104 177/18/106 255/35/123
f 283/32/120 178/17/105 253/16/104 405/33/121
f 180/36/124 255/35/123 406/37/125 256/38/126
f 179/27/115 256/38/126 406/37/125 254/26/114
f 177/18/106 254/26/114 406/37/125 255/35/123
f 182/39/127 258/40/128 407/41/129 259/42/130
f 179/27/115 259/42/130 407/41/129 256/38/126
f 180/36/124 256/38/126 407/41/129 258/40/128
f 181/31/119 257/34/122 408/43/131 282/44/132
f 282/44/132 408/43/131 260/45/133 183/46/134
f 408/43/131 258/40/128 182/39/127 260/45/133
f 257/34/122 180/36/124 258/40/128 408/43/131
f 184/47/135 261/48/136 409/49/137 263/50/138
f 263/50/138 409/49/137 284/23/111 175/22/110
f 409/49/137 259/42/130 179/27/115 284/23/111
f 261/48/136 182/39/127 259/42/130 409/49/137
f 185/51/139 267/52/140 410/53/141 264/54/142
f 264/54/142 410/53/141 261/48/136 184/47/135
f 410/53/141 260/45/133 182/39/127 261/48/136
f 267/52/140 183/46/134 260/45/133 410/53/141
f 411/55/143 264/54/142 184/47/135 262/56/144
f 265/57/145 185/51/139 264/54/142 411/55/143
f 184/47/135 263/50/138 412/58/146 262/56/144
f 176/28/116 262/56/144 412/58/146 286/29/117
f 175/22/110 286/29/117 412/58/146 263/50/138
f 185/51/139 265/57/145 413/59/147 266/60/148
f 186/61/149 269/62/150 414/63/151 266/60/148
f 266/60/148 414/63/151 267/52/140 185/51/139
f 414/63/151 270/64/152 183/46/134 267/52/140
f 269/62/150 188/65/153 270/64/152 414/63/151
f 187/66/154 275/67/155 415/68/156 268/69/157
f 268/69/157 415/68/156 269/62/150 186/61/149
f 415/68/156 272/70/158 188/65/153 269/62/150
f 275/67/155 189/71/159 272/70/158 415/68/156
f 188/65/153 271/72/160 416/73/161 270/64/152
f 183/46/134 270/64/152 416/73/161 282/44/132
f 181/31/119 282/44/132 416/73/161 271/72/160
f 181/31/119 271/72/160 417/74/162 274/75/163
f 189/71/159 274/75/163 417/74/162 272/70/158
f 188/65/153 272/70/158 417/74/162 271/72/160
f 191/76/164 278/77/165 418/78/166 279/79/167
f 279/79/167 418/78/166 275/67/155 187/66/154
f 418/78/166 273/80/168 189/71/159 275/67/155
f 278/77/165 190/81/169 273/80/168 418/78/166
f 181/31/119 274/75/163 419/82/170 276/83/171
f 190/81/169 276/83/171 419/82/170 273/80/168
f 189/71/159 273/80/168 419/82/170 274/75/163
f 181/31/119 276/83/171 420/84/172 283/32/120
f 178/17/105 283/32/120 420/84/172 277/85/173
f 190/81/169 277/85/173 420/84/172 276/83/171
f 174/15/103 285/14/102 421/86/174 280/87/175
f 280/87/175 421/86/174 278/77/165 191/76/164
f 421/86/174 277/85/173 190/81/169 278/77/165
f 285/14/102 178/17/105 277/85/173 421/86/174
f 174/15/103 280/87/175 422/88/176 281/19/107
f 192/10/177 287/13/178 423/12/179 290/11/180
f 290/11/180 423/12/179 291/16/181 196/18/182
f 423/12/179 323/14/183 197/17/184 291/16/181
f 287/13/178 193/15/185 323/14/183 423/12/179
f 424/20/186 287/13/178 192/10/177 289/21/187
f 319/19/188 193/15/185 287/13/178 424/20/186
f 194/22/189 288/25/190 425/24/191 322/23/192
f 322/23/192 425/24/191 292/26/193 198/27/194
f 425/24/191 290/11/180 196/18/182 292/26/193
f 288/25/190 192/10/177 290/11/180 425/24/191
f 195/28/195 289/21/187 426/30/196 324/29/197
f 194/22/189 324/29/197 426/30/196 288/25/190
f 192/10/177 288/25/190 426/30/196 289/21/187
f 200/31/198 295/34/199 427/33/200 321/32/201
f 321/32/201 427/33/200 291/16/181 197/17/184
f 427/33/200 293/35/202 196/18/182 291/16/181
f 295/34/199 199/36/203 293/35/202 427/33/200
f 199/36/203 294/38/204 428/37/205 293/35/202
f 196/18/182 293/35/202 428/37/205 292/26/193
f 198/27/194 292/26/193 428/37/205 294/38/204
f 201/39/206 297/42/207 429/41/208 296/40/209
f 199/36/203 296/40/209 429/41/208 294/38/204
f 198/27/194 294/38/204 429/41/208 297/42/207
f 200/31/198 320/44/210 430/43/211 295/34/199
f 295/34/199 430/43/211 296/40/209 199/36/203
f 430/43/211 298/45/212 201/39/206 296/40/209
f 320/44/210 202/46/213 298/45/212 430/43/211
f 203/47/214 301/50/215 431/49/216 299/48/217
f 299/48/217 431/49/216 297/42/207 201/39/206
f 431/49/216 322/23/192 198/27/194 297/42/207
f 301/50/215 194/22/189 322/23/192 431/49/216
f 204/51/218 302/54/219 432/53/220 305/52/221
f 305/52/221 432/53/220 298/45/212 202/46/213
f 432/53/220 299/48/217 201/39/206 298/45/212
f 302/54/219 203/47/214 299/48/217 432/53/220
f 303/57/222 433/55/223 302/54/219 204/51/218
f 433/55/223 300/56/224 203/47/214 302/54/219
f 203/47/214 300/56/224 434/58/225 301/50/215
f 194/22/189 301/50/215 434/58/225 324/29/197
f 195/28/195 324/29/197 434/58/225 300/56/224
f 204/51/218 304/60/226 435/59/227 303/57/222
f 205/61/228 304/60/226 436/63/229 307/62/230
f 307/62/230 436/63/229 308/64/231 207/65/232
f 436/63/229 305/52/221 202/46/213 308/64/231
f 304/60/226 204/51/218 305/52/221 436/63/229
f 206/66/233 306/69/234 437/68/235 313/67/236
f 313/67/236 437/68/235 310/70/237 208/71/238
f 437/68/235 307/62/230 207/65/232 310/70/237
f 306/69/234 205/61/228 307/62/230 437/68/235
f 207/65/232 308/64/231 438/73/239 309/72/240
f 200/31/198 309/72/240 438/73/239 320/44/210
f 202/46/213 320/44/210 438/73/239 308/64/231
f 200/31/198 312/75/241 439/74/242 309/72/240
f 207/65/232 309/72/240 439/74/242 310/70/237
f 208/71/238 310/70/237 439/74/242 312/75/241
f 210/76/243 317/79/244 440/78/245 316/77/246
f 316/77/246 440/78/245 311/80/247 209/81/248
f 440/78/245 313/67/236 208/71/238 311/80/247
f 317/79/244 206/66/233 313/67/236 440/78/245
f 200/31/198 314/83/249 441/82/250 312/75/241
f 208/71/238 312/75/241 441/82/250 311/80/247
f 209/81/248 311/80/247 441/82/250 314/83/249
f 200/31/198 321/32/201 442/84/251 314/83/249
f 209/81/248 314/83/249 442/84/251 315/85/252
f 197/17/184 315/85/252 442/84/251 321/32/201
f 193/15/185 318/87/253 443/86/254 323/14/183
f 323/14/183 443/86/254 315/85/252 197/17/184
f 443/86/254 316/77/246 209/81/248 315/85/252
f 318/87/253 210/76/243 316/77/246 443/86/254
f 193/15/185 319/19/188 444/88/255 318/87/253
f 211/10/256 325/13/257 445/12/258 328/11/259
f 328/11/259 445/12/258 329/16/260 215/18/261
f 445/12/258 361/14/262 216/17/263 329/16/260
f 325/13/257 212/15/264 361/14/262 445/12/258
f 446/20/265 325/13/257 211/10/256 327/21/266
f 357/19/267 212/15/264 325/13/257 446/20/265
f 213/22/268 326/25/269 447/24/270 360/23/271
f 360/23/271 447/24/270 330/26/272 217/27/273
f 447/24/270 328/11/259 215/18/261 330/26/272
f 326/25/269 211/10/256 328/11/259 447/24/270
f 214/28/274 327/21/266 448/30/275 362/29/276
f 213/22/268 362/29/276 448/30/275 326/25/269
f 211/10/256 326/25/269 448/30/275 327/21/266
f 219/31/277 333/34/278 449/33/279 359/32/280
f 359/32/280 449/33/279 329/16/260 216/17/263
f 449/33/279 331/35/281 215/18/261 329/16/260
f 333/34/278 218/36/282 331/35/281 449/33/279
f 218/36/282 332/38/283 450/37/284 331/35/281
f 215/18/261 331/35/281 450/37/284 330/26/272
f 217/27/273 330/26/272 450/37/284 332/38/283
f 220/39/285 335/42/286 451/41/287 334/40/288
f 218/36/282 334/40/288 451/41/287 332/38/283
f 217/27/273 332/38/283 451/41/287 335/42/286
f 219/31/277 358/44/289 452/43/290 333/34/278
f 333/34/278 452/43/290 334/40/288 218/36/282
f 452/43/290 336/45/291 220/39/285 334/40/288
f 358/44/289 221/46/292 336/45/291 452/43/290
f 222/47/293 339/50/294 453/49/295 337/48/296
f 337/48/296 453/49/295 335/42/286 220/39/285
f 453/49/295 360/23/271 217/27/273 335/42/286
f 339/50/294 213/22/268 360/23/271 453/49/295
f 223/51/297 340/54/298 454/53/299 343/52/300
f 343/52/300 454/53/299 336/45/291 221/46/292
f 454/53/299 337/48/296 220/39/285 336/45/291
f 340/54/298 222/47/293 337/48/296 454/53/299
f 341/57/301 455/55/302 340/54/298 223/51/297
f 455/55/302 338/56/303 222/47/293 340/54/298
f 222/47/293 338/56/303 456/58/304 339/50/294
f 213/22/268 339/50/294 456/58/304 362/29/276
f 214/28/274 362/29/276 456/58/304 338/56/303
f 223/51/297 342/60/305 457/59/306 341/57/301
f 224/61/307 342/60/305 458/63/308 345/62/309
f 345/62/309 458/63/308 346/64/310 226/65/311
f 458/63/308 343/52/300 221/46/292 346/64/310
f 342/60/305 223/51/297 343/52/300 458/63/308
f 225/66/312 344/69/313 459/68/314 351/67/315
f 351/67/315 459/68/314 348/70/316 227/71/317
f 459/68/314 345/62/309 226/65/311 348/70/316
f 344/69/313 224/61/307 345/62/309 459/68/314
f 226/65/311 346/64/310 460/73/318 347/72/319
f 219/31/277 347/72/319 460/73/318 358/44/289
f 221/46/292 358/44/289 460/73/318 346/64/310
f 219/31/277 350/75/320 461/74/321 347/72/319
f 226/65/311 347/72/319 461/74/321 348/70/316
f 227/71/317 348/70/316 461/74/321 350/75/320
f 229/76/322 355/79/323 462/78/324 354/77/325
f 354/77/325 462/78/324 349/80/326 228/81/327
f 462/78/324 351/67/315 227/71/317 349/80/326
f 355/79/323 225/66/312 351/67/315 462/78/324
f 219/31/277 352/83/328 463/82/329 350/75/320
f 227/71/317 350/75/320 463/82/329 349/80/326
f 228/81/327 349/80/326 463/82/329 352/83/328
f 219/31/277 359/32/280 464/84/330 352/83/328
f 228/81/327 352/83/328 464/84/330 353/85/331
f 216/17/263 353/85/331 464/84/330 359/32/280
f 212/15/264 356/87/332 465/86/333 361/14/262
f 361/14/262 465/86/333 353/85/331 216/17/263
f 465/86/333 354/77/325 228/81/327 353/85/331
f 356/87/332 229/76/322 354/77/325 465/86/333
f 212/15/264 357/19/267 466/88/334 356/87/332
f 230/10/335 366/11/336 467/12/337 363/13/338
f 363/13/338 467/12/337 399/14/339 231/15/340
f 467/12/337 367/16/341 235/17/342 399/14/339
f 366/11/336 234/18/343 367/16/341 467/12/337
f 395/19/344 468/20/345 363/13/338 231/15/340
f 468/20/345 365/21/346 230/10/335 363/13/338
f 232/22/347 398/23/348 469/24/349 364/25/350
f 364/25/350 469/24/349 366/11/336 230/10/335
f 469/24/349 368/26/351 234/18/343 366/11/336
f 398/23/348 236/27/352 368/26/351 469/24/349
f 233/28/353 400/29/354 470/30/355 365/21/346
f 230/10/335 365/21/346 470/30/355 364/25/350
f 232/22/347 364/25/350 470/30/355 400/29/354
f 238/31/356 397/32/357 471/33/358 371/34/359
f 371/34/359 471/33/358 369/35/360 237/36/361
f 471/33/358 367/16/341 234/18/343 369/35/360
f 397/32/357 235/17/342 367/16/341 471/33/358
f 237/36/361 369/35/360 472/37/362 370/38/363
f 236/27/352 370/38/363 472/37/362 368/26/351
f 234/18/343 368/26/351 472/37/362 369/35/360
f 239/39/364 372/40/365 473/41/366 373/42/367
f 236/27/352 373/42/367 473/41/366 370/38/363
f 237/36/361 370/38/363 473/41/366 372/40/365
f 238/31/356 371/34/359 474/43/368 396/44/369
f 396/44/369 474/43/368 374/45/370 240/46/371
f 474/43/368 372/40/365 239/39/364 374/45/370
f 371/34/359 237/36/361 372/40/365 474/43/368
f 241/47/372 375/48/373 475/49/374 377/50/375
f 377/50/375 475/49/374 398/23/348 232/22/347
f 475/49/374 373/42/367 236/27/352 398/23/348
f 375/48/373 239/39/364 373/42/367 475/49/374
f 242/51/376 381/52/377 476/53/378 378/54/379
f 378/54/379 476/53/378 375/48/373 241/47/372
f 476/53/378 374/45/370 239/39/364 375/48/373
f 381/52/377 240/46/371 374/45/370 476/53/378
f 477/55/380 378/54/379 241/47/372 376/56/381
f 379/57/382 242/51/376 378/54/379 477/55/380
f 241/47/372 377/50/375 478/58/383 376/56/381
f 233/28/353 376/56/381 478/58/383 400/29/354
f 232/22/347 400/29/354 478/58/383 377/50/375
f 242/51/376 379/57/382 479/59/384 380/60/385
f 243/61/386 383/62/387 480/63/388 380/60/385
f 380/60/385 480/63/388 381/52/377 242/51/376
f 480/63/388 384/64/389 240/46/371 381/52/377
f 383/62/387 245/65/390 384/64/389 480/63/388
f 244/66/391 389/67/392 481/68/393 382/69/394
f 382/69/394 481/68/393 383/62/387 243/61/386
f 481/68/393 386/70/395 245/65/390 383/62/387
f 389/67/392 246/71/396 386/70/395 481/68/393
f 245/65/390 385/72/397 482/73/398 384/64/389
f 240/46/371 384/64/389 482/73/398 396/44/369
f 238/31/356 396/44/369 482/73/398 385/72/397
f 238/31/356 385/72/397 483/74/399 388/75/400
f 246/71/396 388/75/400 483/74/399 386/70/395
f 245/65/390 386/70/395 483/74/399 385/72/397
f 248/76/401 392/77/402 484/78/403 393/79/404
f 393/79/404 484/78/403 389/67/392 244/66/391
f 484/78/403 387/80/405 246/71/396 389/67/392
f 392/77/402 247/81/406 387/80/405 484/78/403
f 238/31/356 388/75/400 485/82/407 390/83/408
f 247/81/406 390/83/408 485/82/407 387/80/405
f 246/71/396 387/80/405 485/82/407 388/75/400
f 238/31/356 390/83/408 486/84/409 397/32/357
f 235/17/342 397/32/357 486/84/409 391/85/410
f 247/81/406 391/85/410 486/84/409 390/83/408
f 231/15/340 399/14/339 487/86/411 394/87/412
f 394/87/412 487/86/411 392/77/402 248/76/401
f 487/86/411 391/85/410 247/81/406 392/77/402
f 399/14/339 235/17/342 391/85/410 487/86/411
f 231/15/340 394/87/412 488/88/413 395/19/344
f 546/89/414 549/89/415 548/90/416 547/91/417
f 514/92/418 513/93/419 546/89/414 547/91/417
f 516/94/420 514/92/418 547/91/417 548/90/416
f 515/93/421 516/94/420 548/90/416 549/89/415
f 513/93/419 515/93/421 549/89/415 546/89/414
f 550/89/422 553/89/423 552/91/424 551/90/425
f 516/94/420 515/93/421 550/89/422 551/90/425
f 518/92/426 516/94/420 551/90/425 552/91/424
f 517/93/427 518/92/426 552/91/424 553/89/423
f 515/93/421 517/93/427 553/89/423 550/89/422
f 554/95/428 557/95/429 556/96/430 555/97/431
f 494/98/432 493/93/433 554/95/428 555/97/431
f 514/92/418 494/98/432 555/97/431 556/96/430
f 513/93/419 514/92/418 556/96/430 557/95/429
f 493/93/433 513/93/419 557/95/429 554/95/428
f 558/99/434 561/100/435 560/101/436 559/102/437
f 489/103/438 494/98/432 558/99/434 559/102/437
f 495/104/439 489/103/438 559/102/437 560/101/436
f 514/92/418 495/104/439 560/101/436 561/100/435
f 494/98/432 514/92/418 561/100/435 558/99/434
f 562/105/440 565/106/441 564/107/442 563/108/443
f 495/104/439 514/92/418 562/105/440 563/108/443
f 496/109/444 495/104/439 563/108/443 564/107/442
f 516/94/420 496/109/444 564/107/442 565/106/441
f 514/92/418 516/94/420 565/106/441 562/105/440
f 566/106/445 569/105/446 568/108/447 567/107/448
f 496/109/444 516/94/420 566/106/445 567/107/448
f 497/104/449 496/109/444 567/107/448 568/108/447
f 518/92/426 497/104/449 568/108/447 569/105/446
f 516/94/420 518/92/426 569/105/446 566/106/445
f 570/100/450 573/99/451 572/102/452 571/101/453
f 497/104/449 518/92/426 570/100/450 571/101/453
f 490/103/454 497/104/449 571/101/453 572/102/452
f 498/98/455 490/103/454 572/102/452 573/99/451
f 518/92/426 498/98/455 573/99/451 570/100/450
f 574/95/456 577/95/457 576/97/458 575/96/459
f 518/92/426 517/93/427 574/95/456 575/96/459
f 498/98/455 518/92/426 575/96/459 576/97/458
f 499/93/460 498/98/455 576/97/458 577/95/457
f 517/93/427 499/93/460 577/95/457 574/95/456
f 578/89/461 581/89/462 580/90/463 579/91/464
f 520/92/465 519/93/466 578/89/461 579/91/464
f 522/94/467 520/92/465 579/91/464 580/90/463
f 521/93/468 522/94/467 580/90/463 581/89/462
f 519/93/466 521/93/468 581/89/462 578/89/461
f 582/89/469 585/89/470 584/91/471 583/90/472
f 522/94/467 521/93/468 582/89/469 583/90/472
f 524/92/473 522/94/467 583/90/472 584/91/471
f 523/93/474 524/92/473 584/91/471 585/89/470
f 521/93/468 523/93/474 585/89/470 582/89/469
f 586/95/475 589/95/476 588/96/477 587/97/478
f 498/98/455 499/93/460 586/95/475 587/97/478
f 520/92/465 498/98/455 587/97/478 588/96/477
f 519/93/466 520/92/465 588/96/477 589/95/476
f 499/93/460 519/93/466 589/95/476 586/95/475
f 590/99/479 593/100/480 592/101/481 591/102/482
f 490/103/454 498/98/455 590/99/479 591/102/482
f 500/104/483 490/103/454 591/102/482 592/101/481
f 520/92/465 500/104/483 592/101/481 593/100/480
f 498/98/455 520/92/465 593/100/480 590/99/479
f 594/105/484 597/106/485 596/107/486 595/108/487
f 500/104/483 520/92/465 594/105/484 595/108/487
f 501/109/488 500/104/483 595/108/487 596/107/486
f 522/94/467 501/109/488 596/107/486 597/106/485
f 520/92/465 522/94/467 597/106/485 594/105/484
f 598/106/489 601/105/490 600/108/491 599/107/492
f 501/109/488 522/94/467 598/106/489 599/107/492
f 502/104/493 501/109/488 599/107/492 600/108/491
f 524/92/473 502/104/493 600/108/491 601/105/490
f 522/94/467 524/92/473 601/105/490 598/106/489
f 602/100/494 605/99/495 604/102/496 603/101/497
f 502/104/493 524/92/473 602/100/494 603/101/497
f 492/103/498 502/104/493 603/101/497 604/102/496
f 503/98/499 492/103/498 604/102/496 605/99/495
f 524/92/473 503/98/499 605/99/495 602/100/494
f 606/95/500 609/95/501 608/97/502 607/96/503
f 524/92/473 523/93/474 606/95/500 607/96/503
f 503/98/499 524/92/473 607/96/503 608/97/502
f 504/93/504 503/98/499 608/97/502 609/95/501
f 523/93/474 504/93/504 609/95/501 606/95/500
f 610/89/505 613/89/506 612/90/507 611/91/508
f 526/92/509 525/93/510 610/89/505 611/91/508
f 528/94/511 526/92/509 611/91/508 612/90/507
f 527/93/512 528/94/511 612/90/507 613/89/506
f 525/93/510 527/93/512 613/89/506 610/89/505
f 614/89/513 617/89/514 616/91/515 615/90/516
f 528/94/511 527/93/512 614/89/513 615/90/516
f 530/92/517 528/94/511 615/90/516 616/91/515
f 529/93/518 530/92/517 616/91/515 617/89/514
f 527/93/512 529/93/518 617/89/514 614/89/513
f 618/95/519 621/95/520 620/96/521 619/97/522
f 503/98/499 504/93/504 618/95/519 619/97/522
f 526/92/509 503/98/499 619/97/522 620/96/521
f 525/93/510 526/92/509 620/96/521 621/95/520
f 504/93/504 525/93/510 621/95/520 618/95/519
f 622/99/523 625/100/524 624/101/525 623/102/526
f 492/103/498 503/98/499 622/99/523 623/102/526
f 505/104/527 492/103/498 623/102/526 624/101/525
f 526/92/509 505/104/527 624/101/525 625/100/524
f 503/98/499 526/92/509 625/100/524 622/99/523
f 626/105/528 629/106/529 628/107/530 627/108/531
f 505/104/527 526/92/509 626/105/528 627/108/531
f 506/109/532 505/104/527 627/108/531 628/107/530
f 528/94/511 506/109/532 628/107/530 629/106/529
f 526/92/509 528/94/511 629/106/529 626/105/528
f 630/106/533 633/105/534 632/108/535 631/107/536
f 506/109/532 528/94/511 630/106/533 631/107/536
f 507/104/537 506/109/532 631/107/536 632/108/535
f 530/92/517 507/104/537 632/108/535 633/105/534
f 528/94/511 530/92/517 633/105/534 630/106/533
f 634/100/538 637/99/539 636/102/540 635/101/541
f 507/104/537 530/92/517 634/100/538 635/101/541
f 491/103/542 507/104/537 635/101/541 636/102/540
f 508/98/543 491/103/542 636/102/540 637/99/539
f 530/92/517 508/98/543 637/99/539 634/100/538
f 638/95/544 641/95/545 640/97/546 639/96/547
f 530/92/517 529/93/518 638/95/544 639/96/547
f 508/98/543 530/92/517 639/96/547 640/97/546
f 509/93/548 508/98/543 640/97/546 641/95/545
f 529/93/518 509/93/548 641/95/545 638/95/544
f 642/89/549 645/89/550 644/90/551 643/91/552
f 532/92/553 531/93/554 642/89/549 643/91/552
f 534/94/555 532/92/553 643/91/552 644/90/551
f 533/93/556 534/94/555 644/90/551 645/89/550
f 531/93/554 533/93/556 645/89/550 642/89/549
f 646/89/557 649/89/558 648/91/559 647/90/560
f 534/94/555 533/93/556 646/89/557 647/90/560
f 536/92/561 534/94/555 647/90/560 648/91/559
f 535/93/562 536/92/561 648/91/559 649/89/558
f 533/93/556 535/93/562 649/89/558 646/89/557
f 650/95/563 653/95/564 652/96/565 651/97/566
f 508/98/543 509/93/548 650/95/563 651/97/566
f 532/92/553 508/98/543 651/97/566 652/96/565
f 531/93/554 532/92/553 652/96/565 653/95/564
f 509/93/548 531/93/554 653/95/564 650/95/563
f 654/99/567 657/100/568 656/101/569 655/102/570
f 491/103/542 508/98/543 654/99/567 655/102/570
f 510/104/571 491/103/542 655/102/570 656/101/569
f 532/92/553 510/104/571 656/101/569 657/100/568
f 508/98/543 532/92/553 657/100/568 654/99/567
f 658/105/572 661/106/573 660/107/574 659/108/575
f 510/104/571 532/92/553 658/105/572 659/108/575
f 511/109/576 510/104/571 659/108/575 660/107/574
f 534/94/555 511/109/576 660/107/574 661/106/573
f 532/92/553 534/94/555 661/106/573 658/105/572
f 662/106/577 665/105/578 664/108/579 663/107/580
f 511/109/576 534/94/555 662/106/577 663/107/580
f 512/104/581 511/109/576 663/107/580 664/108/579
f 536/92/561 512/104/581 664/108/579 665/105/578
f 534/94/555 536/92/561 665/105/578 662/106/577
f 666/100/582 669/99/583 668/102/584 667/101/585
f 512/104/581 536/92/561 666/100/582 667/101/585
f 489/103/438 512/104/581 667/101/585 668/102/584
f 494/98/432 489/103/438 668/102/584 669/99/583
f 536/92/561 494/98/432 669/99/583 666/100/582
f 670/95/586 673/95/587 672/97/588 671/96/589
f 536/92/561 535/93/562 670/95/586 671/96/589
f 494/98/432 536/92/561 671/96/589 672/97/588
f 493/93/433 494/98/432 672/97/588 673/95/587
f 535/93/562 493/93/433 673/95/587 670/95/586
f 674/110/590 677/111/591 676/112/592 675/111/593
f 538/113/594 537/114/595 674/110/590 675/111/593
f 541/115/596 538/113/594 675/111/593 676/112/592
f 540/113/597 541/115/596 676/112/592 677/111/591
f 537/114/595 540/113/597 677/111/591 674/110/590
f 678/111/598 681/112/599 680/111/600 679/110/601
f 539/114/602 538/113/594 678/111/598 679/110/601
f 542/113/603 539/114/602 679/110/601 680/111/600
f 541/115/596 542/113/603 680/111/600 681/112/599
f 538/113/594 541/115/596 681/112/599 678/111/598
f 682/111/604 685/110/605 684/111/606 683/112/607
f 541/115/596 540/113/597 682/111/604 683/112/607
f 544/113/608 541/115/596 683/112/607 684/111/606
f 543/114/609 544/113/608 684/111/606 685/110/605
f 540/113/597 543/114/609 685/110/605 682/111/604
f 686/112/610 689/111/611 688/110/612 687/111/613
f 542/113/603 541/115/596 686/112/610 687/111/613
f 545/114/614 542/113/603 687/111/613 688/110/612
f 544/113/608 545/114/614 688/110/612 689/111/611
f 541/115/596 544/113/608 689/111/611 686/112/610
f 690/116/615 693/117/616 692/118/617 691/117/618
f 502/104/493 492/103/498 690/116/615 691/117/618
f 537/114/595 502/104/493 691/117/618 692/118/617
f 505/104/527 537/114/595 692/118/617 693/117/616
f 492/103/498 505/104/527 693/117/616 690/116/615
f 694/119/619 697/120/620 696/121/621 695/122/622
f 501/109/488 502/104/493 694/119/619 695/122/622
f 538/113/594 501/109/488 695/122/622 696/121/621
f 537/114/595 538/113/594 696/121/621 697/120/620
f 502/104/493 537/114/595 697/120/620 694/119/619
f 698/122/623 701/121/624 700/120/625 699/119/626
f 500/104/483 501/109/488 698/122/623 699/119/626
f 539/114/602 500/104/483 699/119/626 700/120/625
f 538/113/594 539/114/602 700/120/625 701/121/624
f 501/109/488 538/113/594 701/121/624 698/122/623
f 702/117/627 705/118/628 704/117/629 703/116/630
f 490/103/454 500/104/483 702/117/627 703/116/630
f 497/104/449 490/103/454 703/116/630 704/117/629
f 539/114/602 497/104/449 704/117/629 705/118/628
f 500/104/483 539/114/602 705/118/628 702/117/627
f 706/120/631 709/121/632 708/122/633 707/119/634
f 497/104/449 539/114/602 706/120/631 707/119/634
f 496/109/444 497/104/449 707/119/634 708/122/633
f 542/113/603 496/109/444 708/122/633 709/121/632
f 539/114/602 542/113/603 709/121/632 706/120/631
f 710/121/635 713/120/636 712/119/637 711/122/638
f 496/109/444 542/113/603 710/121/635 711/122/638
f 495/104/439 496/109/444 711/122/638 712/119/637
f 545/114/614 495/104/439 712/119/637 713/120/636
f 542/113/603 545/114/614 713/120/636 710/121/635
f 714/118/639 717/117/640 716/116/641 715/117/642
f 495/104/439 545/114/614 714/118/639 715/117/642
f 489/103/438 495/104/439 715/117/642 716/116/641
f 512/104/581 489/103/438 716/116/641 717/117/640
f 545/114/614 512/104/581 717/117/640 714/118/639
f 718/121/643 721/122/644 720/119/645 719/120/646
f 545/114/614 544/113/608 718/121/643 719/120/646
f 512/104/581 545/114/614 719/120/646 720/119/645
f 511/109/576 512/104/581 720/119/645 721/122/644
f 544/113/608 511/109/576 721/122/644 718/121/643
f 722/120/647 725/119/648 724/122/649 723/121/650
f 544/113/608 543/114/609 722/120/647 723/121/650
f 511/109/576 544/113/608 723/121/650 724/122/649
f 510/104/571 511/109/576 724/122/649 725/119/648
f 543/114/609 510/104/571 725/119/648 722/120/647
f 726/117/651 729/116/652 728/117/653 727/118/654
f 543/114/609 507/104/537 726/117/651 727/118/654
f 510/104/571 543/114/609 727/118/654 728/117/653
f 491/103/542 510/104/571 728/117/653 729/116/652
f 507/104/537 491/103/542 729/116/652 726/117/651
f 730/122/655 733/119/656 732/120/657 731/121/658
f 540/113/597 506/109/532 730/122/655 731/121/658
f 543/114/609 540/113/597 731/121/658 732/120/657
f 507/104/537 543/114/609 732/120/657 733/119/656
f 506/109/532 507/104/537 733/119/656 730/122/655
f 734/119/659 737/122/660 736/121/661 735/120/662
f 537/114/595 505/104/527 734/119/659 735/120/662
f 540/113/597 537/114/595 735/120/662 736/121/661
f 506/109/532 540/113/597 736/121/661 737/122/660
f 505/104/527 506/109/532 737/122/660 734/119/659
f 754/123/663 739/123/664 738/124/665 753/124/666
f 752/125/667 739/123/664 754/123/663
f 739/123/664 741/123/668 740/124/669 738/124/665
f 752/125/667 741/123/668 739/123/664
f 752/125/667 743/123/670 741/123/668
f 741/123/668 743/123/670 742/124/671 740/124/669
f 743/123/670 745/123/672 744/124/673 742/124/671
f 752/125/667 745/123/672 743/123/670
f 745/123/672 747/123/674 746/124/675 744/124/673
f 752/125/667 747/123/674 745/123/672
f 752/125/667 749/123/676 747/123/674
f 747/123/674 749/123/676 748/124/677 746/124/675
f 752/125/667 751/123/678 749/123/676
f 749/123/676 751/123/678 750/124/679 748/124/677
f 751/123/678 754/123/663 753/124/666 750/124/679
f 752/125/667 754/123/663 751/123/678
f 755/10/177 831/13/178 983/12/179 834/11/180
f 831/13/178 756/15/185 867/14/183 983/12/179
f 983/12/179 867/14/183 760/17/184 835/16/181
f 834/11/180 983/12/179 835/16/181 759/18/182
f 863/19/680 756/15/185 831/13/178 984/20/681
f 984/20/681 831/13/178 755/10/177 833/21/682
f 757/22/189 832/25/190 985/24/191 866/23/192
f 832/25/190 755/10/177 834/11/180 985/24/191
f 985/24/191 834/11/180 759/18/182 836/26/193
f 866/23/192 985/24/191 836/26/193 761/27/194
f 758/28/683 833/21/682 986/30/196 868/29/197
f 755/10/177 832/25/190 986/30/196 833/21/682
f 757/22/189 868/29/197 986/30/196 832/25/190
f 763/31/198 839/34/684 987/33/200 865/32/201
f 839/34/684 762/36/203 837/35/202 987/33/200
f 987/33/200 837/35/202 759/18/182 835/16/181
f 865/32/201 987/33/200 835/16/181 760/17/184
f 762/36/203 838/38/204 988/37/205 837/35/202
f 761/27/194 836/26/193 988/37/205 838/38/204
f 759/18/182 837/35/202 988/37/205 836/26/193
f 764/39/206 841/42/207 989/41/208 840/40/209
f 761/27/194 838/38/204 989/41/208 841/42/207
f 762/36/203 840/40/209 989/41/208 838/38/204
f 763/31/198 864/44/210 990/43/211 839/34/684
f 864/44/210 765/46/685 842/45/212 990/43/211
f 990/43/211 842/45/212 764/39/206 840/40/209
f 839/34/684 990/43/211 840/40/209 762/36/203
f 766/47/214 845/50/215 991/49/216 843/48/686
f 845/50/215 757/22/189 866/23/192 991/49/216
f 991/49/216 866/23/192 761/27/194 841/42/207
f 843/48/686 991/49/216 841/42/207 764/39/206
f 767/51/218 846/54/219 992/53/220 849/52/221
f 846/54/219 766/47/214 843/48/686 992/53/220
f 992/53/220 843/48/686 764/39/206 842/45/212
f 849/52/221 992/53/220 842/45/212 765/46/685
f 993/55/687 844/56/688 766/47/214 846/54/219
f 847/57/689 993/55/687 846/54/219 767/51/218
f 766/47/214 844/56/688 994/58/225 845/50/215
f 758/28/683 868/29/197 994/58/225 844/56/688
f 757/22/189 845/50/215 994/58/225 868/29/197
f 767/51/218 848/60/690 995/59/691 847/57/689
f 768/61/692 848/60/690 996/63/229 851/62/230
f 848/60/690 767/51/218 849/52/221 996/63/229
f 996/63/229 849/52/221 765/46/685 852/64/231
f 851/62/230 996/63/229 852/64/231 770/65/232
f 769/66/693 850/69/694 997/68/235 857/67/236
f 850/69/694 768/61/692 851/62/230 997/68/235
f 997/68/235 851/62/230 770/65/232 854/70/237
f 857/67/236 997/68/235 854/70/237 771/71/238
f 770/65/232 852/64/231 998/73/239 853/72/240
f 765/46/685 864/44/210 998/73/239 852/64/231
f 763/31/198 853/72/240 998/73/239 864/44/210
f 763/31/198 856/75/241 999/74/242 853/72/240
f 771/71/238 854/70/237 999/74/242 856/75/241
f 770/65/232 853/72/240 999/74/242 854/70/237
f 773/76/695 861/79/696 1000/78/245 860/77/246
f 861/79/696 769/66/693 857/67/236 1000/78/245
f 1000/78/245 857/67/236 771/71/238 855/80/247
f 860/77/246 1000/78/245 855/80/247 772/81/248
f 763/31/198 858/83/249 1001/82/250 856/75/241
f 772/81/248 855/80/247 1001/82/250 858/83/249
f 771/71/238 856/75/241 1001/82/250 855/80/247
f 763/31/198 865/32/201 1002/84/251 858/83/249
f 760/17/184 859/85/252 1002/84/251 865/32/201
f 772/81/248 858/83/249 1002/84/251 859/85/252
f 756/15/185 862/87/697 1003/86/254 867/14/183
f 862/87/697 773/76/695 860/77/246 1003/86/254
f 1003/86/254 860/77/246 772/81/248 859/85/252
f 867/14/183 1003/86/254 859/85/252 760/17/184
f 756/15/185 863/19/680 1004/88/698 862/87/697
f 774/10/98 872/11/99 1005/12/100 869/13/101
f 872/11/99 778/18/106 873/16/104 1005/12/100
f 1005/12/100 873/16/104 779/17/105 905/14/102
f 869/13/101 1005/12/100 905/14/102 775/15/103
f 1006/20/699 871/21/700 774/10/98 869/13/101
f 901/19/701 1006/20/699 869/13/101 775/15/103
f 776/22/110 904/23/111 1007/24/112 870/25/113
f 904/23/111 780/27/115 874/26/114 1007/24/112
f 1007/24/112 874/26/114 778/18/106 872/11/99
f 870/25/113 1007/24/112 872/11/99 774/10/98
f 777/28/702 906/29/117 1008/30/118 871/21/700
f 776/22/110 870/25/113 1008/30/118 906/29/117
f 774/10/98 871/21/700 1008/30/118 870/25/113
f 782/31/119 903/32/120 1009/33/121 877/34/122
f 903/32/120 779/17/105 873/16/104 1009/33/121
f 1009/33/121 873/16/104 778/18/106 875/35/123
f 877/34/122 1009/33/121 875/35/123 781/36/124
f 781/36/124 875/35/123 1010/37/125 876/38/126
f 778/18/106 874/26/114 1010/37/125 875/35/123
f 780/27/115 876/38/126 1010/37/125 874/26/114
f 783/39/127 878/40/128 1011/41/129 879/42/130
f 781/36/124 876/38/126 1011/41/129 878/40/128
f 780/27/115 879/42/130 1011/41/129 876/38/126
f 782/31/119 877/34/122 1012/43/131 902/44/132
f 877/34/122 781/36/124 878/40/128 1012/43/131
f 1012/43/131 878/40/128 783/39/127 880/45/133
f 902/44/132 1012/43/131 880/45/133 784/46/134
f 785/47/135 881/48/136 1013/49/137 883/50/703
f 881/48/136 783/39/127 879/42/130 1013/49/137
f 1013/49/137 879/42/130 780/27/115 904/23/111
f 883/50/703 1013/49/137 904/23/111 776/22/110
f 786/51/139 887/52/140 1014/53/141 884/54/142
f 887/52/140 784/46/134 880/45/133 1014/53/141
f 1014/53/141 880/45/133 783/39/127 881/48/136
f 884/54/142 1014/53/141 881/48/136 785/47/135
f 885/57/704 786/51/139 884/54/142 1015/55/705
f 1015/55/705 884/54/142 785/47/135 882/56/706
f 785/47/135 883/50/703 1016/58/146 882/56/706
f 776/22/110 906/29/117 1016/58/146 883/50/703
f 777/28/702 882/56/706 1016/58/146 906/29/117
f 786/51/139 885/57/704 1017/59/707 886/60/708
f 787/61/709 889/62/150 1018/63/151 886/60/708
f 889/62/150 789/65/153 890/64/152 1018/63/151
f 1018/63/151 890/64/152 784/46/134 887/52/140
f 886/60/708 1018/63/151 887/52/140 786/51/139
f 788/66/710 895/67/155 1019/68/156 888/69/711
f 895/67/155 790/71/159 892/70/158 1019/68/156
f 1019/68/156 892/70/158 789/65/153 889/62/150
f 888/69/711 1019/68/156 889/62/150 787/61/709
f 789/65/153 891/72/160 1020/73/161 890/64/152
f 782/31/119 902/44/132 1020/73/161 891/72/160
f 784/46/134 890/64/152 1020/73/161 902/44/132
f 782/31/119 891/72/160 1021/74/162 894/75/163
f 789/65/153 892/70/158 1021/74/162 891/72/160
f 790/71/159 894/75/163 1021/74/162 892/70/158
f 792/76/712 898/77/165 1022/78/166 899/79/713
f 898/77/165 791/81/169 893/80/168 1022/78/166
f 1022/78/166 893/80/168 790/71/159 895/67/155
f 899/79/713 1022/78/166 895/67/155 788/66/710
f 782/31/119 894/75/163 1023/82/170 896/83/171
f 790/71/159 893/80/168 1023/82/170 894/75/163
f 791/81/169 896/83/171 1023/82/170 893/80/168
f 782/31/119 896/83/171 1024/84/172 903/32/120
f 791/81/169 897/85/173 1024/84/172 896/83/171
f 779/17/105 903/32/120 1024/84/172 897/85/173
f 775/15/103 905/14/102 1025/86/174 900/87/714
f 905/14/102 779/17/105 897/85/173 1025/86/174
f 1025/86/174 897/85/173 791/81/169 898/77/165
f 900/87/714 1025/86/174 898/77/165 792/76/712
f 775/15/103 900/87/714 1026/88/715 901/19/701
f 793/10/335 910/11/336 1027/12/337 907/13/338
f 910/11/336 797/18/343 911/16/341 1027/12/337
f 1027/12/337 911/16/341 798/17/342 943/14/339
f 907/13/338 1027/12/337 943/14/339 794/15/340
f 1028/20/716 909/21/717 793/10/335 907/13/338
f 939/19/718 1028/20/716 907/13/338 794/15/340
f 795/22/347 942/23/348 1029/24/349 908/25/350
f 942/23/348 799/27/352 912/26/351 1029/24/349
f 1029/24/349 912/26/351 797/18/343 910/11/336
f 908/25/350 1029/24/349 910/11/336 793/10/335
f 796/28/719 944/29/354 1030/30/355 909/21/717
f 795/22/347 908/25/350 1030/30/355 944/29/354
f 793/10/335 909/21/717 1030/30/355 908/25/350
f 801/31/356 941/32/357 1031/33/358 915/34/359
f 941/32/357 798/17/342 911/16/341 1031/33/358
f 1031/33/358 911/16/341 797/18/343 913/35/360
f 915/34/359 1031/33/358 913/35/360 800/36/361
f 800/36/361 913/35/360 1032/37/362 914/38/363
f 797/18/343 912/26/351 1032/37/362 913/35/360
f 799/27/352 914/38/363 1032/37/362 912/26/351
f 802/39/364 916/40/365 1033/41/366 917/42/367
f 800/36/361 914/38/363 1033/41/366 916/40/365
f 799/27/352 917/42/367 1033/41/366 914/38/363
f 801/31/356 915/34/359 1034/43/368 940/44/369
f 915/34/359 800/36/361 916/40/365 1034/43/368
f 1034/43/368 916/40/365 802/39/364 918/45/370
f 940/44/369 1034/43/368 918/45/370 803/46/720
f 804/47/372 919/48/373 1035/49/374 921/50/375
f 919/48/373 802/39/364 917/42/367 1035/49/374
f 1035/49/374 917/42/367 799/27/352 942/23/348
f 921/50/375 1035/49/374 942/23/348 795/22/347
f 805/51/376 925/52/377 1036/53/378 922/54/379
f 925/52/377 803/46/720 918/45/370 1036/53/378
f 1036/53/378 918/45/370 802/39/364 919/48/373
f 922/54/379 1036/53/378 919/48/373 804/47/372
f 923/57/721 805/51/376 922/54/379 1037/55/722
f 1037/55/722 922/54/379 804/47/372 920/56/723
f 804/47/372 921/50/375 1038/58/383 920/56/723
f 795/22/347 944/29/354 1038/58/383 921/50/375
f 796/28/719 920/56/723 1038/58/383 944/29/354
f 805/51/376 923/57/721 1039/59/724 924/60/725
f 806/61/726 927/62/387 1040/63/388 924/60/725
f 927/62/387 808/65/390 928/64/389 1040/63/388
f 1040/63/388 928/64/389 803/46/720 925/52/377
f 924/60/725 1040/63/388 925/52/377 805/51/376
f 807/66/727 933/67/392 1041/68/393 926/69/728
f 933/67/392 809/71/396 930/70/395 1041/68/393
f 1041/68/393 930/70/395 808/65/390 927/62/387
f 926/69/728 1041/68/393 927/62/387 806/61/726
f 808/65/390 929/72/397 1042/73/398 928/64/389
f 801/31/356 940/44/369 1042/73/398 929/72/397
f 803/46/720 928/64/389 1042/73/398 940/44/369
f 801/31/356 929/72/397 1043/74/399 932/75/400
f 808/65/390 930/70/395 1043/74/399 929/72/397
f 809/71/396 932/75/400 1043/74/399 930/70/395
f 811/76/729 936/77/402 1044/78/403 937/79/730
f 936/77/402 810/81/406 931/80/405 1044/78/403
f 1044/78/403 931/80/405 809/71/396 933/67/392
f 937/79/730 1044/78/403 933/67/392 807/66/727
f 801/31/356 932/75/400 1045/82/407 934/83/408
f 809/71/396 931/80/405 1045/82/407 932/75/400
f 810/81/406 934/83/408 1045/82/407 931/80/405
f 801/31/356 934/83/408 1046/84/409 941/32/357
f 810/81/406 935/85/410 1046/84/409 934/83/408
f 798/17/342 941/32/357 1046/84/409 935/85/410
f 794/15/340 943/14/339 1047/86/411 938/87/731
f 943/14/339 798/17/342 935/85/410 1047/86/411
f 1047/86/411 935/85/410 810/81/406 936/77/402
f 938/87/731 1047/86/411 936/77/402 811/76/729
f 794/15/340 938/87/731 1048/88/732 939/19/718
f 812/10/256 945/13/257 1049/12/258 948/11/259
f 945/13/257 813/15/264 981/14/262 1049/12/258
f 1049/12/258 981/14/262 817/17/263 949/16/260
f 948/11/259 1049/12/258 949/16/260 816/18/261
f 977/19/733 813/15/264 945/13/257 1050/20/734
f 1050/20/734 945/13/257 812/10/256 947/21/735
f 814/22/268 946/25/269 1051/24/270 980/23/271
f 946/25/269 812/10/256 948/11/259 1051/24/270
f 1051/24/270 948/11/259 816/18/261 950/26/272
f 980/23/271 1051/24/270 950/26/272 818/27/273
f 815/28/736 947/21/735 1052/30/275 982/29/276
f 812/10/256 946/25/269 1052/30/275 947/21/735
f 814/22/268 982/29/276 1052/30/275 946/25/269
f 820/31/277 953/34/278 1053/33/279 979/32/280
f 953/34/278 819/36/282 951/35/281 1053/33/279
f 1053/33/279 951/35/281 816/18/261 949/16/260
f 979/32/280 1053/33/279 949/16/260 817/17/263
f 819/36/282 952/38/283 1054/37/284 951/35/281
f 818/27/273 950/26/272 1054/37/284 952/38/283
f 816/18/261 951/35/281 1054/37/284 950/26/272
f 821/39/285 955/42/286 1055/41/287 954/40/288
f 818/27/273 952/38/283 1055/41/287 955/42/286
f 819/36/282 954/40/288 1055/41/287 952/38/283
f 820/31/277 978/44/289 1056/43/290 953/34/278
f 978/44/289 822/46/292 956/45/291 1056/43/290
f 1056/43/290 956/45/291 821/39/285 954/40/288
f 953/34/278 1056/43/290 954/40/288 819/36/282
f 823/47/293 959/50/294 1057/49/295 957/48/296
f 959/50/294 814/22/268 980/23/271 1057/49/295
f 1057/49/295 980/23/271 818/27/273 955/42/286
f 957/48/296 1057/49/295 955/42/286 821/39/285
f 824/51/297 960/54/298 1058/53/299 963/52/300
f 960/54/298 823/47/293 957/48/296 1058/53/299
f 1058/53/299 957/48/296 821/39/285 956/45/291
f 963/52/300 1058/53/299 956/45/291 822/46/292
f 1059/55/737 958/56/738 823/47/293 960/54/298
f 961/57/739 1059/55/737 960/54/298 824/51/297
f 823/47/293 958/56/738 1060/58/304 959/50/294
f 815/28/736 982/29/276 1060/58/304 958/56/738
f 814/22/268 959/50/294 1060/58/304 982/29/276
f 824/51/297 962/60/740 1061/59/741 961/57/739
f 825/61/742 962/60/740 1062/63/308 965/62/309
f 962/60/740 824/51/297 963/52/300 1062/63/308
f 1062/63/308 963/52/300 822/46/292 966/64/310
f 965/62/309 1062/63/308 966/64/310 827/65/311
f 826/66/743 964/69/744 1063/68/314 971/67/315
f 964/69/744 825/61/742 965/62/309 1063/68/314
f 1063/68/314 965/62/309 827/65/311 968/70/316
f 971/67/315 1063/68/314 968/70/316 828/71/317
f 827/65/311 966/64/310 1064/73/318 967/72/319
f 822/46/292 978/44/289 1064/73/318 966/64/310
f 820/31/277 967/72/319 1064/73/318 978/44/289
f 820/31/277 970/75/320 1065/74/321 967/72/319
f 828/71/317 968/70/316 1065/74/321 970/75/320
f 827/65/311 967/72/319 1065/74/321 968/70/316
f 830/76/745 975/79/746 1066/78/324 974/77/325
f 975/79/746 826/66/743 971/67/315 1066/78/324
f 1066/78/324 971/67/315 828/71/317 969/80/326
f 974/77/325 1066/78/324 969/80/326 829/81/327
f 820/31/277 972/83/328 1067/82/329 970/75/320
f 829/81/327 969/80/326 1067/82/329 972/83/328
f 828/71/317 970/75/320 1067/82/329 969/80/326
f 820/31/277 979/32/280 1068/84/330 972/83/328
f 817/17/263 973/85/331 1068/84/330 979/32/280
f 829/81/327 972/83/328 1068/84/330 973/85/331
f 813/15/264 976/87/747 1069/86/333 981/14/262
f 976/87/747 830/76/745 974/77/325 1069/86/333
f 1069/86/333 974/77/325 829/81/327 973/85/331
f 981/14/262 1069/86/333 973/85/331 817/17/263
f 813/15/264 977/19/733 1070/88/748 976/87/747
f 1128/89/514 1129/91/515 1130/90/516 1131/89/513
f 1096/92/749 1129/91/515 1128/89/514 1095/93/518
f 1098/94/511 1130/90/516 1129/91/515 1096/92/749
f 1097/93/512 1131/89/513 1130/90/516 1098/94/511
f 1095/93/518 1128/89/514 1131/89/513 1097/93/512
f 1132/89/506 1133/90/507 1134/91/508 1135/89/505
f 1098/94/511 1133/90/507 1132/89/506 1097/93/512
f 1100/92/750 1134/91/508 1133/90/507 1098/94/511
f 1099/93/510 1135/89/505 1134/91/508 1100/92/750
f 1097/93/512 1132/89/506 1135/89/505 1099/93/510
f 1136/95/545 1137/97/546 1138/96/547 1139/95/544
f 1076/98/543 1137/97/546 1136/95/545 1075/93/548
f 1096/92/749 1138/96/547 1137/97/546 1076/98/543
f 1095/93/518 1139/95/544 1138/96/547 1096/92/749
f 1075/93/548 1136/95/545 1139/95/544 1095/93/518
f 1140/99/539 1141/102/540 1142/101/541 1143/100/538
f 1071/103/542 1141/102/540 1140/99/539 1076/98/543
f 1077/104/537 1142/101/541 1141/102/540 1071/103/542
f 1096/92/749 1143/100/538 1142/101/541 1077/104/537
f 1076/98/543 1140/99/539 1143/100/538 1096/92/749
f 1144/105/534 1145/108/535 1146/107/536 1147/106/533
f 1077/104/537 1145/108/535 1144/105/534 1096/92/749
f 1078/109/532 1146/107/536 1145/108/535 1077/104/537
f 1098/94/511 1147/106/533 1146/107/536 1078/109/532
f 1096/92/749 1144/105/534 1147/106/533 1098/94/511
f 1148/106/529 1149/107/530 1150/108/531 1151/105/528
f 1078/109/532 1149/107/530 1148/106/529 1098/94/511
f 1079/104/527 1150/108/531 1149/107/530 1078/109/532
f 1100/92/750 1151/105/528 1150/108/531 1079/104/527
f 1098/94/511 1148/106/529 1151/105/528 1100/92/750
f 1152/100/524 1153/101/525 1154/102/526 1155/99/523
f 1079/104/527 1153/101/525 1152/100/524 1100/92/750
f 1072/103/751 1154/102/526 1153/101/525 1079/104/527
f 1080/98/499 1155/99/523 1154/102/526 1072/103/751
f 1100/92/750 1152/100/524 1155/99/523 1080/98/499
f 1156/95/520 1157/96/521 1158/97/522 1159/95/519
f 1100/92/750 1157/96/521 1156/95/520 1099/93/510
f 1080/98/499 1158/97/522 1157/96/521 1100/92/750
f 1081/93/504 1159/95/519 1158/97/522 1080/98/499
f 1099/93/510 1156/95/520 1159/95/519 1081/93/504
f 1160/89/470 1161/91/471 1162/90/472 1163/89/469
f 1102/92/473 1161/91/471 1160/89/470 1101/93/474
f 1104/94/467 1162/90/472 1161/91/471 1102/92/473
f 1103/93/468 1163/89/469 1162/90/472 1104/94/467
f 1101/93/474 1160/89/470 1163/89/469 1103/93/468
f 1164/89/462 1165/90/463 1166/91/464 1167/89/461
f 1104/94/467 1165/90/463 1164/89/462 1103/93/468
f 1106/92/465 1166/91/464 1165/90/463 1104/94/467
f 1105/93/466 1167/89/461 1166/91/464 1106/92/465
f 1103/93/468 1164/89/462 1167/89/461 1105/93/466
f 1168/95/501 1169/97/502 1170/96/503 1171/95/500
f 1080/98/499 1169/97/502 1168/95/501 1081/93/504
f 1102/92/473 1170/96/503 1169/97/502 1080/98/499
f 1101/93/474 1171/95/500 1170/96/503 1102/92/473
f 1081/93/504 1168/95/501 1171/95/500 1101/93/474
f 1172/99/495 1173/102/496 1174/101/497 1175/100/494
f 1072/103/751 1173/102/496 1172/99/495 1080/98/499
f 1082/104/493 1174/101/497 1173/102/496 1072/103/751
f 1102/92/473 1175/100/494 1174/101/497 1082/104/493
f 1080/98/499 1172/99/495 1175/100/494 1102/92/473
f 1176/105/490 1177/108/491 1178/107/492 1179/106/489
f 1082/104/493 1177/108/491 1176/105/490 1102/92/473
f 1083/109/488 1178/107/492 1177/108/491 1082/104/493
f 1104/94/467 1179/106/489 1178/107/492 1083/109/488
f 1102/92/473 1176/105/490 1179/106/489 1104/94/467
f 1180/106/485 1181/107/486 1182/108/487 1183/105/484
f 1083/109/488 1181/107/486 1180/106/485 1104/94/467
f 1084/104/483 1182/108/487 1181/107/486 1083/109/488
f 1106/92/465 1183/105/484 1182/108/487 1084/104/483
f 1104/94/467 1180/106/485 1183/105/484 1106/92/465
f 1184/100/480 1185/101/481 1186/102/482 1187/99/479
f 1084/104/483 1185/101/481 1184/100/480 1106/92/465
f 1074/103/752 1186/102/482 1185/101/481 1084/104/483
f 1085/98/455 1187/99/479 1186/102/482 1074/103/752
f 1106/92/465 1184/100/480 1187/99/479 1085/98/455
f 1188/95/476 1189/96/477 1190/97/478 1191/95/475
f 1106/92/465 1189/96/477 1188/95/476 1105/93/466
f 1085/98/455 1190/97/478 1189/96/477 1106/92/465
f 1086/93/460 1191/95/475 1190/97/478 1085/98/455
f 1105/93/466 1188/95/476 1191/95/475 1086/93/460
f 1192/89/423 1193/91/424 1194/90/425 1195/89/422
f 1108/92/426 1193/91/424 1192/89/423 1107/93/427
f 1110/94/420 1194/90/425 1193/91/424 1108/92/426
f 1109/93/421 1195/89/422 1194/90/425 1110/94/420
f 1107/93/427 1192/89/423 1195/89/422 1109/93/421
f 1196/89/415 1197/90/416 1198/91/417 1199/89/414
f 1110/94/420 1197/90/416 1196/89/415 1109/93/421
f 1112/92/753 1198/91/417 1197/90/416 1110/94/420
f 1111/93/419 1199/89/414 1198/91/417 1112/92/753
f 1109/93/421 1196/89/415 1199/89/414 1111/93/419
f 1200/95/457 1201/97/458 1202/96/459 1203/95/456
f 1085/98/455 1201/97/458 1200/95/457 1086/93/460
f 1108/92/426 1202/96/459 1201/97/458 1085/98/455
f 1107/93/427 1203/95/456 1202/96/459 1108/92/426
f 1086/93/460 1200/95/457 1203/95/456 1107/93/427
f 1204/99/451 1205/102/452 1206/101/453 1207/100/450
f 1074/103/752 1205/102/452 1204/99/451 1085/98/455
f 1087/104/449 1206/101/453 1205/102/452 1074/103/752
f 1108/92/426 1207/100/450 1206/101/453 1087/104/449
f 1085/98/455 1204/99/451 1207/100/450 1108/92/426
f 1208/105/446 1209/108/447 1210/107/448 1211/106/445
f 1087/104/449 1209/108/447 1208/105/446 1108/92/426
f 1088/109/444 1210/107/448 1209/108/447 1087/104/449
f 1110/94/420 1211/106/445 1210/107/448 1088/109/444
f 1108/92/426 1208/105/446 1211/106/445 1110/94/420
f 1212/106/441 1213/107/442 1214/108/443 1215/105/440
f 1088/109/444 1213/107/442 1212/106/441 1110/94/420
f 1089/104/439 1214/108/443 1213/107/442 1088/109/444
f 1112/92/753 1215/105/440 1214/108/443 1089/104/439
f 1110/94/420 1212/106/441 1215/105/440 1112/92/753
f 1216/100/435 1217/101/436 1218/102/437 1219/99/434
f 1089/104/439 1217/101/436 1216/100/435 1112/92/753
f 1073/103/438 1218/102/437 1217/101/436 1089/104/439
f 1090/98/432 1219/99/434 1218/102/437 1073/103/438
f 1112/92/753 1216/100/435 1219/99/434 1090/98/432
f 1220/95/429 1221/96/430 1222/97/754 1223/95/428
f 1112/92/753 1221/96/430 1220/95/429 1111/93/419
f 1090/98/432 1222/97/754 1221/96/430 1112/92/753
f 1091/93/433 1223/95/428 1222/97/754 1090/98/432
f 1111/93/419 1220/95/429 1223/95/428 1091/93/433
f 1224/89/558 1225/91/559 1226/90/560 1227/89/557
f 1114/92/755 1225/91/559 1224/89/558 1113/93/562
f 1116/94/555 1226/90/560 1225/91/559 1114/92/755
f 1115/93/556 1227/89/557 1226/90/560 1116/94/555
f 1113/93/562 1224/89/558 1227/89/557 1115/93/556
f 1228/89/550 1229/90/551 1230/91/552 1231/89/549
f 1116/94/555 1229/90/551 1228/89/550 1115/93/556
f 1118/92/756 1230/91/552 1229/90/551 1116/94/555
f 1117/93/554 1231/89/549 1230/91/552 1118/92/756
f 1115/93/556 1228/89/550 1231/89/549 1117/93/554
f 1232/95/587 1233/97/588 1234/96/589 1235/95/586
f 1090/98/432 1233/97/588 1232/95/587 1091/93/433
f 1114/92/755 1234/96/589 1233/97/588 1090/98/432
f 1113/93/562 1235/95/586 1234/96/589 1114/92/755
f 1091/93/433 1232/95/587 1235/95/586 1113/93/562
f 1236/99/583 1237/102/584 1238/101/585 1239/100/582
f 1073/103/438 1237/102/584 1236/99/583 1090/98/432
f 1092/104/581 1238/101/585 1237/102/584 1073/103/438
f 1114/92/755 1239/100/582 1238/101/585 1092/104/581
f 1090/98/432 1236/99/583 1239/100/582 1114/92/755
f 1240/105/578 1241/108/579 1242/107/580 1243/106/757
f 1092/104/581 1241/108/579 1240/105/578 1114/92/755
f 1093/109/576 1242/107/580 1241/108/579 1092/104/581
f 1116/94/555 1243/106/757 1242/107/580 1093/109/576
f 1114/92/755 1240/105/578 1243/106/757 1116/94/555
f 1244/106/758 1245/107/574 1246/108/575 1247/105/572
f 1093/109/576 1245/107/574 1244/106/758 1116/94/555
f 1094/104/571 1246/108/575 1245/107/574 1093/109/576
f 1118/92/756 1247/105/572 1246/108/575 1094/104/571
f 1116/94/555 1244/106/758 1247/105/572 1118/92/756
f 1248/100/568 1249/101/569 1250/102/570 1251/99/567
f 1094/104/571 1249/101/569 1248/100/568 1118/92/756
f 1071/103/542 1250/102/570 1249/101/569 1094/104/571
f 1076/98/543 1251/99/567 1250/102/570 1071/103/542
f 1118/92/756 1248/100/568 1251/99/567 1076/98/543
f 1252/95/564 1253/96/565 1254/97/566 1255/95/563
f 1118/92/756 1253/96/565 1252/95/564 1117/93/554
f 1076/98/543 1254/97/566 1253/96/565 1118/92/756
f 1075/93/548 1255/95/563 1254/97/566 1076/98/543
f 1117/93/554 1252/95/564 1255/95/563 1075/93/548
f 1256/110/601 1257/111/598 1258/112/599 1259/111/600
f 1120/113/594 1257/111/598 1256/110/601 1119/114/602
f 1123/115/596 1258/112/599 1257/111/598 1120/113/594
f 1122/113/603 1259/111/600 1258/112/599 1123/115/596
f 1119/114/602 1256/110/601 1259/111/600 1122/113/603
f 1260/111/593 1261/110/590 1262/111/591 1263/112/592
f 1121/114/595 1261/110/590 1260/111/593 1120/113/594
f 1124/113/597 1262/111/591 1261/110/590 1121/114/595
f 1123/115/596 1263/112/592 1262/111/591 1124/113/597
f 1120/113/594 1260/111/593 1263/112/592 1123/115/596
f 1264/111/613 1265/112/610 1266/111/611 1267/110/612
f 1123/115/596 1265/112/610 1264/111/613 1122/113/603
f 1126/113/608 1266/111/611 1265/112/610 1123/115/596
f 1125/114/614 1267/110/612 1266/111/611 1126/113/608
f 1122/113/603 1264/111/613 1267/110/612 1125/114/614
f 1268/112/607 1269/111/604 1270/110/605 1271/111/606
f 1124/113/597 1269/111/604 1268/112/607 1123/115/596
f 1127/114/609 1270/110/605 1269/111/604 1124/113/597
f 1126/113/608 1271/111/606 1270/110/605 1127/114/609
f 1123/115/596 1268/112/607 1271/111/606 1126/113/608
f 1272/116/630 1273/117/627 1274/118/628 1275/117/629
f 1084/104/483 1273/117/627 1272/116/630 1074/103/752
f 1119/114/602 1274/118/628 1273/117/627 1084/104/483
f 1087/104/449 1275/117/629 1274/118/628 1119/114/602
f 1074/103/752 1272/116/630 1275/117/629 1087/104/449
f 1276/119/626 1277/122/623 1278/121/624 1279/120/625
f 1083/109/488 1277/122/623 1276/119/626 1084/104/483
f 1120/113/594 1278/121/624 1277/122/623 1083/109/488
f 1119/114/602 1279/120/625 1278/121/624 1120/113/594
f 1084/104/483 1276/119/626 1279/120/625 1119/114/602
f 1280/122/622 1281/119/619 1282/120/620 1283/121/621
f 1082/104/493 1281/119/619 1280/122/622 1083/109/488
f 1121/114/595 1282/120/620 1281/119/619 1082/104/493
f 1120/113/594 1283/121/621 1282/120/620 1121/114/595
f 1083/109/488 1280/122/622 1283/121/621 1120/113/594
f 1284/117/618 1285/116/615 1286/117/616 1287/118/617
f 1072/103/751 1285/116/615 1284/117/618 1082/104/493
f 1079/104/527 1286/117/616 1285/116/615 1072/103/751
f 1121/114/595 1287/118/617 1286/117/616 1079/104/527
f 1082/104/493 1284/117/618 1287/118/617 1121/114/595
f 1288/120/662 1289/119/659 1290/122/660 1291/121/661
f 1079/104/527 1289/119/659 1288/120/662 1121/114/595
f 1078/109/532 1290/122/660 1289/119/659 1079/104/527
f 1124/113/597 1291/121/661 1290/122/660 1078/109/532
f 1121/114/595 1288/120/662 1291/121/661 1124/113/597
f 1292/121/658 1293/122/655 1294/119/656 1295/120/657
f 1078/109/532 1293/122/655 1292/121/658 1124/113/597
f 1077/104/537 1294/119/656 1293/122/655 1078/109/532
f 1127/114/609 1295/120/657 1294/119/656 1077/104/537
f 1124/113/597 1292/121/658 1295/120/657 1127/114/609
f 1296/118/654 1297/117/651 1298/116/652 1299/117/653
f 1077/104/537 1297/117/651 1296/118/654 1127/114/609
f 1071/103/542 1298/116/652 1297/117/651 1077/104/537
f 1094/104/571 1299/117/653 1298/116/652 1071/103/542
f 1127/114/609 1296/118/654 1299/117/653 1094/104/571
f 1300/121/650 1301/120/647 1302/119/648 1303/122/649
f 1127/114/609 1301/120/647 1300/121/650 1126/113/608
f 1094/104/571 1302/119/648 1301/120/647 1127/114/609
f 1093/109/576 1303/122/649 1302/119/648 1094/104/571
f 1126/113/608 1300/121/650 1303/122/649 1093/109/576
f 1304/120/646 1305/121/643 1306/122/644 1307/119/645
f 1126/113/608 1305/121/643 1304/120/646 1125/114/614
f 1093/109/576 1306/122/644 1305/121/643 1126/113/608
f 1092/104/581 1307/119/645 1306/122/644 1093/109/576
f 1125/114/614 1304/120/646 1307/119/645 1092/104/581
f 1308/117/642 1309/118/639 1310/117/640 1311/116/641
f 1125/114/614 1309/118/639 1308/117/642 1089/104/439
f 1092/104/581 1310/117/640 1309/118/639 1125/114/614
f 1073/103/438 1311/116/641 1310/117/640 1092/104/581
f 1089/104/439 1308/117/642 1311/116/641 1073/103/438
f 1312/122/638 1313/121/635 1314/120/636 1315/119/637
f 1122/113/603 1313/121/635 1312/122/638 1088/109/444
f 1125/114/614 1314/120/636 1313/121/635 1122/113/603
f 1089/104/439 1315/119/637 1314/120/636 1125/114/614
f 1088/109/444 1312/122/638 1315/119/637 1089/104/439
f 1316/119/634 1317/120/631 1318/121/632 1319/122/633
f 1119/114/602 1317/120/631 1316/119/634 1087/104/449
f 1122/113/603 1318/121/632 1317/120/631 1119/114/602
f 1088/109/444 1319/122/633 1318/121/632 1122/113/603
f 1087/104/449 1316/119/634 1319/122/633 1088/109/444
f 1336/123/663 1335/124/666 1320/124/679 1321/123/678
f 1334/125/667 1336/123/663 1321/123/678
f 1321/123/678 1320/124/679 1322/124/677 1323/123/676
f 1334/125/667 1321/123/678 1323/123/676
f 1334/125/667 1323/123/676 1325/123/674
f 1323/123/676 1322/124/677 1324/124/675 1325/123/674
f 1325/123/674 1324/124/675 1326/124/673 1327/123/672
f 1334/125/667 1325/123/674 1327/123/672
f 1327/123/672 1326/124/673 1328/124/671 1329/123/670
f 1334/125/667 1327/123/672 1329/123/670
f 1334/125/667 1329/123/670 1331/123/668
f 1329/123/670 1328/124/671 1330/124/669 1331/123/668
f 1334/125/667 1331/123/668 1333/123/664
f 1331/123/668 1330/124/669 1332/124/665 1333/123/664
f 1333/123/664 1332/124/665 1335/124/666 1336/123/663
f 1334/125/667 1333/123/664 1336/123/663
f 1337/10/256 1413/13/257 1565/12/258 1416/11/259
f 1413/13/257 1338/15/264 1449/14/262 1565/12/258
f 1565/12/258 1449/14/262 1342/17/263 1417/16/260
f 1416/11/259 1565/12/258 1417/16/260 1341/18/261
f 1445/19/733 1338/15/264 1413/13/257 1566/20/734
f 1566/20/734 1413/13/257 1337/10/256 1415/21/735
f 1339/22/268 1414/25/269 1567/24/270 1448/23/271
f 1414/25/269 1337/10/256 1416/11/259 1567/24/270
f 1567/24/270 1416/11/259 1341/18/261 1418/26/272
f 1448/23/271 1567/24/270 1418/26/272 1343/27/273
f 1340/28/736 1415/21/735 1568/30/275 1450/29/276
f 1337/10/256 1414/25/269 1568/30/275 1415/21/735
f 1339/22/268 1450/29/276 1568/30/275 1414/25/269
f 1345/31/277 1421/34/278 1569/33/279 1447/32/280
f 1421/34/278 1344/36/282 1419/35/281 1569/33/279
f 1569/33/279 1419/35/281 1341/18/261 1417/16/260
f 1447/32/280 1569/33/279 1417/16/260 1342/17/263
f 1344/36/282 1420/38/283 1570/37/284 1419/35/281
f 1343/27/273 1418/26/272 1570/37/284 1420/38/283
f 1341/18/261 1419/35/281 1570/37/284 1418/26/272
f 1346/39/285 1423/42/286 1571/41/287 1422/40/288
f 1343/27/273 1420/38/283 1571/41/287 1423/42/286
f 1344/36/282 1422/40/288 1571/41/287 1420/38/283
f 1345/31/277 1446/44/289 1572/43/290 1421/34/278
f 1446/44/289 1347/46/759 1424/45/291 1572/43/290
f 1572/43/290 1424/45/291 1346/39/285 1422/40/288
f 1421/34/278 1572/43/290 1422/40/288 1344/36/282
f 1348/47/293 1427/50/760 1573/49/295 1425/48/761
f 1427/50/760 1339/22/268 1448/23/271 1573/49/295
f 1573/49/295 1448/23/271 1343/27/273 1423/42/286
f 1425/48/761 1573/49/295 1423/42/286 1346/39/285
f 1349/51/297 1428/54/298 1574/53/299 1431/52/300
f 1428/54/298 1348/47/293 1425/48/761 1574/53/299
f 1574/53/299 1425/48/761 1346/39/285 1424/45/291
f 1431/52/300 1574/53/299 1424/45/291 1347/46/759
f 1575/55/737 1426/56/738 1348/47/293 1428/54/298
f 1429/57/739 1575/55/737 1428/54/298 1349/51/297
f 1348/47/293 1426/56/738 1576/58/304 1427/50/760
f 1340/28/736 1450/29/276 1576/58/304 1426/56/738
f 1339/22/268 1427/50/760 1576/58/304 1450/29/276
f 1349/51/297 1430/60/740 1577/59/741 1429/57/739
f 1350/61/762 1430/60/740 1578/63/308 1433/62/309
f 1430/60/740 1349/51/297 1431/52/300 1578/63/308
f 1578/63/308 1431/52/300 1347/46/759 1434/64/310
f 1433/62/309 1578/63/308 1434/64/310 1352/65/311
f 1351/66/743 1432/69/763 1579/68/314 1439/67/315
f 1432/69/763 1350/61/762 1433/62/309 1579/68/314
f 1579/68/314 1433/62/309 1352/65/311 1436/70/316
f 1439/67/315 1579/68/314 1436/70/316 1353/71/317
f 1352/65/311 1434/64/310 1580/73/318 1435/72/319
f 1347/46/759 1446/44/289 1580/73/318 1434/64/310
f 1345/31/277 1435/72/319 1580/73/318 1446/44/289
f 1345/31/277 1438/75/320 1581/74/321 1435/72/319
f 1353/71/317 1436/70/316 1581/74/321 1438/75/320
f 1352/65/311 1435/72/319 1581/74/321 1436/70/316
f 1355/76/745 1443/79/764 1582/78/324 1442/77/325
f 1443/79/764 1351/66/743 1439/67/315 1582/78/324
f 1582/78/324 1439/67/315 1353/71/317 1437/80/326
f 1442/77/325 1582/78/324 1437/80/326 1354/81/327
f 1345/31/277 1440/83/328 1583/82/329 1438/75/320
f 1354/81/327 1437/80/326 1583/82/329 1440/83/328
f 1353/71/317 1438/75/320 1583/82/329 1437/80/326
f 1345/31/277 1447/32/280 1584/84/330 1440/83/328
f 1342/17/263 1441/85/331 1584/84/330 1447/32/280
f 1354/81/327 1440/83/328 1584/84/330 1441/85/331
f 1338/15/264 1444/87/765 1585/86/333 1449/14/262
f 1444/87/765 1355/76/745 1442/77/325 1585/86/333
f 1585/86/333 1442/77/325 1354/81/327 1441/85/331
f 1449/14/262 1585/86/333 1441/85/331 1342/17/263
f 1338/15/264 1445/19/733 1586/88/748 1444/87/765
f 1356/10/335 1454/11/336 1587/12/337 1451/13/338
f 1454/11/336 1360/18/343 1455/16/341 1587/12/337
f 1587/12/337 1455/16/341 1361/17/342 1487/14/339
f 1451/13/338 1587/12/337 1487/14/339 1357/15/340
f 1588/20/716 1453/21/717 1356/10/335 1451/13/338
f 1483/19/718 1588/20/716 1451/13/338 1357/15/340
f 1358/22/347 1486/23/348 1589/24/349 1452/25/350
f 1486/23/348 1362/27/352 1456/26/351 1589/24/349
f 1589/24/349 1456/26/351 1360/18/343 1454/11/336
f 1452/25/350 1589/24/349 1454/11/336 1356/10/335
f 1359/28/719 1488/29/354 1590/30/355 1453/21/717
f 1358/22/347 1452/25/350 1590/30/355 1488/29/354
f 1356/10/335 1453/21/717 1590/30/355 1452/25/350
f 1364/31/356 1485/32/357 1591/33/358 1459/34/359
f 1485/32/357 1361/17/342 1455/16/341 1591/33/358
f 1591/33/358 1455/16/341 1360/18/343 1457/35/360
f 1459/34/359 1591/33/358 1457/35/360 1363/36/361
f 1363/36/361 1457/35/360 1592/37/362 1458/38/363
f 1360/18/343 1456/26/351 1592/37/362 1457/35/360
f 1362/27/352 1458/38/363 1592/37/362 1456/26/351
f 1365/39/364 1460/40/365 1593/41/366 1461/42/367
f 1363/36/361 1458/38/363 1593/41/366 1460/40/365
f 1362/27/352 1461/42/367 1593/41/366 1458/38/363
f 1364/31/356 1459/34/359 1594/43/368 1484/44/369
f 1459/34/359 1363/36/361 1460/40/365 1594/43/368
f 1594/43/368 1460/40/365 1365/39/364 1462/45/370
f 1484/44/369 1594/43/368 1462/45/370 1366/46/371
f 1367/47/372 1463/48/766 1595/49/374 1465/50/375
f 1463/48/766 1365/39/364 1461/42/367 1595/49/374
f 1595/49/374 1461/42/367 1362/27/352 1486/23/348
f 1465/50/375 1595/49/374 1486/23/348 1358/22/347
f 1368/51/376 1469/52/377 1596/53/378 1466/54/379
f 1469/52/377 1366/46/371 1462/45/370 1596/53/378
f 1596/53/378 1462/45/370 1365/39/364 1463/48/766
f 1466/54/379 1596/53/378 1463/48/766 1367/47/372
f 1467/57/721 1368/51/376 1466/54/379 1597/55/722
f 1597/55/722 1466/54/379 1367/47/372 1464/56/723
f 1367/47/372 1465/50/375 1598/58/383 1464/56/723
f 1358/22/347 1488/29/354 1598/58/383 1465/50/375
f 1359/28/719 1464/56/723 1598/58/383 1488/29/354
f 1368/51/376 1467/57/721 1599/59/724 1468/60/725
f 1369/61/767 1471/62/387 1600/63/388 1468/60/725
f 1471/62/387 1371/65/390 1472/64/389 1600/63/388
f 1600/63/388 1472/64/389 1366/46/371 1469/52/377
f 1468/60/725 1600/63/388 1469/52/377 1368/51/376
f 1370/66/727 1477/67/392 1601/68/393 1470/69/728
f 1477/67/392 1372/71/396 1474/70/395 1601/68/393
f 1601/68/393 1474/70/395 1371/65/390 1471/62/387
f 1470/69/728 1601/68/393 1471/62/387 1369/61/767
f 1371/65/390 1473/72/397 1602/73/768 1472/64/389
f 1364/31/356 1484/44/369 1602/73/768 1473/72/397
f 1366/46/371 1472/64/389 1602/73/768 1484/44/369
f 1364/31/356 1473/72/397 1603/74/399 1476/75/400
f 1371/65/390 1474/70/395 1603/74/399 1473/72/397
f 1372/71/396 1476/75/400 1603/74/399 1474/70/395
f 1374/76/729 1480/77/402 1604/78/403 1481/79/730
f 1480/77/402 1373/81/406 1475/80/405 1604/78/403
f 1604/78/403 1475/80/405 1372/71/396 1477/67/392
f 1481/79/730 1604/78/403 1477/67/392 1370/66/727
f 1364/31/356 1476/75/400 1605/82/407 1478/83/408
f 1372/71/396 1475/80/405 1605/82/407 1476/75/400
f 1373/81/406 1478/83/408 1605/82/407 1475/80/405
f 1364/31/356 1478/83/408 1606/84/409 1485/32/357
f 1373/81/406 1479/85/410 1606/84/409 1478/83/408
f 1361/17/342 1485/32/357 1606/84/409 1479/85/410
f 1357/15/340 1487/14/339 1607/86/411 1482/87/731
f 1487/14/339 1361/17/342 1479/85/410 1607/86/411
f 1607/86/411 1479/85/410 1373/81/406 1480/77/402
f 1482/87/731 1607/86/411 1480/77/402 1374/76/729
f 1357/15/340 1482/87/731 1608/88/732 1483/19/718
f 1375/10/98 1492/11/99 1609/12/100 1489/13/101
f 1492/11/99 1379/18/106 1493/16/104 1609/12/100
f 1609/12/100 1493/16/104 1380/17/105 1525/14/102
f 1489/13/101 1609/12/100 1525/14/102 1376/15/103
f 1610/20/699 1491/21/700 1375/10/98 1489/13/101
f 1521/19/701 1610/20/699 1489/13/101 1376/15/103
f 1377/22/110 1524/23/111 1611/24/112 1490/25/113
f 1524/23/111 1381/27/115 1494/26/114 1611/24/112
f 1611/24/112 1494/26/114 1379/18/106 1492/11/99
f 1490/25/113 1611/24/112 1492/11/99 1375/10/98
f 1378/28/702 1526/29/117 1612/30/118 1491/21/700
f 1377/22/110 1490/25/113 1612/30/118 1526/29/117
f 1375/10/98 1491/21/700 1612/30/118 1490/25/113
f 1383/31/119 1523/32/120 1613/33/121 1497/34/122
f 1523/32/120 1380/17/105 1493/16/104 1613/33/121
f 1613/33/121 1493/16/104 1379/18/106 1495/35/123
f 1497/34/122 1613/33/121 1495/35/123 1382/36/124
f 1382/36/124 1495/35/123 1614/37/125 1496/38/126
f 1379/18/106 1494/26/114 1614/37/125 1495/35/123
f 1381/27/115 1496/38/126 1614/37/125 1494/26/114
f 1384/39/127 1498/40/128 1615/41/129 1499/42/130
f 1382/36/124 1496/38/126 1615/41/129 1498/40/128
f 1381/27/115 1499/42/130 1615/41/129 1496/38/126
f 1383/31/119 1497/34/122 1616/43/131 1522/44/132
f 1497/34/122 1382/36/124 1498/40/128 1616/43/131
f 1616/43/131 1498/40/128 1384/39/127 1500/45/133
f 1522/44/132 1616/43/131 1500/45/133 1385/46/134
f 1386/47/135 1501/48/136 1617/49/137 1503/50/703
f 1501/48/136 1384/39/127 1499/42/130 1617/49/137
f 1617/49/137 1499/42/130 1381/27/115 1524/23/111
f 1503/50/703 1617/49/137 1524/23/111 1377/22/110
f 1387/51/139 1507/52/140 1618/53/141 1504/54/142
f 1507/52/140 1385/46/134 1500/45/133 1618/53/141
f 1618/53/141 1500/45/133 1384/39/127 1501/48/136
f 1504/54/142 1618/53/141 1501/48/136 1386/47/135
f 1505/57/704 1387/51/139 1504/54/142 1619/55/705
f 1619/55/705 1504/54/142 1386/47/135 1502/56/706
f 1386/47/135 1503/50/703 1620/58/146 1502/56/706
f 1377/22/110 1526/29/117 1620/58/146 1503/50/703
f 1378/28/702 1502/56/706 1620/58/146 1526/29/117
f 1387/51/139 1505/57/704 1621/59/707 1506/60/708
f 1388/61/769 1509/62/150 1622/63/151 1506/60/708
f 1509/62/150 1390/65/153 1510/64/152 1622/63/151
f 1622/63/151 1510/64/152 1385/46/134 1507/52/140
f 1506/60/708 1622/63/151 1507/52/140 1387/51/139
f 1389/66/710 1515/67/155 1623/68/156 1508/69/711
f 1515/67/155 1391/71/159 1512/70/158 1623/68/156
f 1623/68/156 1512/70/158 1390/65/153 1509/62/150
f 1508/69/711 1623/68/156 1509/62/150 1388/61/769
f 1390/65/153 1511/72/160 1624/73/161 1510/64/152
f 1383/31/119 1522/44/132 1624/73/161 1511/72/160
f 1385/46/134 1510/64/152 1624/73/161 1522/44/132
f 1383/31/119 1511/72/160 1625/74/162 1514/75/163
f 1390/65/153 1512/70/158 1625/74/162 1511/72/160
f 1391/71/159 1514/75/163 1625/74/162 1512/70/158
f 1393/76/712 1518/77/165 1626/78/166 1519/79/713
f 1518/77/165 1392/81/169 1513/80/168 1626/78/166
f 1626/78/166 1513/80/168 1391/71/159 1515/67/155
f 1519/79/713 1626/78/166 1515/67/155 1389/66/710
f 1383/31/119 1514/75/163 1627/82/170 1516/83/171
f 1391/71/159 1513/80/168 1627/82/170 1514/75/163
f 1392/81/169 1516/83/171 1627/82/170 1513/80/168
f 1383/31/119 1516/83/171 1628/84/172 1523/32/120
f 1392/81/169 1517/85/173 1628/84/172 1516/83/171
f 1380/17/105 1523/32/120 1628/84/172 1517/85/173
f 1376/15/103 1525/14/102 1629/86/174 1520/87/714
f 1525/14/102 1380/17/105 1517/85/173 1629/86/174
f 1629/86/174 1517/85/173 1392/81/169 1518/77/165
f 1520/87/714 1629/86/174 1518/77/165 1393/76/712
f 1376/15/103 1520/87/714 1630/88/715 1521/19/701
f 1394/10/177 1527/13/178 1631/12/179 1530/11/180
f 1527/13/178 1395/15/185 1563/14/183 1631/12/179
f 1631/12/179 1563/14/183 1399/17/184 1531/16/181
f 1530/11/180 1631/12/179 1531/16/181 1398/18/182
f 1559/19/680 1395/15/185 1527/13/178 1632/20/681
f 1632/20/681 1527/13/178 1394/10/177 1529/21/682
f 1396/22/189 1528/25/190 1633/24/191 1562/23/192
f 1528/25/190 1394/10/177 1530/11/180 1633/24/191
f 1633/24/191 1530/11/180 1398/18/182 1532/26/193
f 1562/23/192 1633/24/191 1532/26/193 1400/27/194
f 1397/28/683 1529/21/682 1634/30/196 1564/29/197
f 1394/10/177 1528/25/190 1634/30/196 1529/21/682
f 1396/22/189 1564/29/197 1634/30/196 1528/25/190
f 1402/31/198 1535/34/199 1635/33/200 1561/32/201
f 1535/34/199 1401/36/203 1533/35/202 1635/33/200
f 1635/33/200 1533/35/202 1398/18/182 1531/16/181
f 1561/32/201 1635/33/200 1531/16/181 1399/17/184
f 1401/36/203 1534/38/204 1636/37/205 1533/35/202
f 1400/27/194 1532/26/193 1636/37/205 1534/38/204
f 1398/18/182 1533/35/202 1636/37/205 1532/26/193
f 1403/39/206 1537/42/207 1637/41/208 1536/40/209
f 1400/27/194 1534/38/204 1637/41/208 1537/42/207
f 1401/36/203 1536/40/209 1637/41/208 1534/38/204
f 1402/31/198 1560/44/210 1638/43/211 1535/34/199
f 1560/44/210 1404/46/213 1538/45/212 1638/43/211
f 1638/43/211 1538/45/212 1403/39/206 1536/40/209
f 1535/34/199 1638/43/211 1536/40/209 1401/36/203
f 1405/47/214 1541/50/770 1639/49/216 1539/48/217
f 1541/50/770 1396/22/189 1562/23/192 1639/49/216
f 1639/49/216 1562/23/192 1400/27/194 1537/42/207
f 1539/48/217 1639/49/216 1537/42/207 1403/39/206
f 1406/51/218 1542/54/219 1640/53/220 1545/52/221
f 1542/54/219 1405/47/214 1539/48/217 1640/53/220
f 1640/53/220 1539/48/217 1403/39/206 1538/45/212
f 1545/52/221 1640/53/220 1538/45/212 1404/46/213
f 1641/55/687 1540/56/688 1405/47/214 1542/54/219
f 1543/57/689 1641/55/687 1542/54/219 1406/51/218
f 1405/47/214 1540/56/688 1642/58/225 1541/50/770
f 1397/28/683 1564/29/197 1642/58/225 1540/56/688
f 1396/22/189 1541/50/770 1642/58/225 1564/29/197
f 1406/51/218 1544/60/690 1643/59/691 1543/57/689
f 1407/61/771 1544/60/690 1644/63/229 1547/62/230
f 1544/60/690 1406/51/218 1545/52/221 1644/63/229
f 1644/63/229 1545/52/221 1404/46/213 1548/64/231
f 1547/62/230 1644/63/229 1548/64/231 1409/65/232
f 1408/66/693 1546/69/772 1645/68/235 1553/67/236
f 1546/69/772 1407/61/771 1547/62/230 1645/68/235
f 1645/68/235 1547/62/230 1409/65/232 1550/70/237
f 1553/67/236 1645/68/235 1550/70/237 1410/71/238
f 1409/65/232 1548/64/231 1646/73/239 1549/72/240
f 1404/46/213 1560/44/210 1646/73/239 1548/64/231
f 1402/31/198 1549/72/240 1646/73/239 1560/44/210
f 1402/31/198 1552/75/241 1647/74/242 1549/72/240
f 1410/71/238 1550/70/237 1647/74/242 1552/75/241
f 1409/65/232 1549/72/240 1647/74/242 1550/70/237
f 1412/76/695 1557/79/696 1648/78/245 1556/77/246
f 1557/79/696 1408/66/693 1553/67/236 1648/78/245
f 1648/78/245 1553/67/236 1410/71/238 1551/80/247
f 1556/77/246 1648/78/245 1551/80/247 1411/81/248
f 1402/31/198 1554/83/249 1649/82/250 1552/75/241
f 1411/81/248 1551/80/247 1649/82/250 1554/83/249
f 1410/71/238 1552/75/241 1649/82/250 1551/80/247
f 1402/31/198 1561/32/201 1650/84/251 1554/83/249
f 1399/17/184 1555/85/252 1650/84/251 1561/32/201
f 1411/81/248 1554/83/249 1650/84/251 1555/85/252
f 1395/15/185 1558/87/773 1651/86/254 1563/14/183
f 1558/87/773 1412/76/695 1556/77/246 1651/86/254
f 1651/86/254 1556/77/246 1411/81/248 1555/85/252
f 1563/14/183 1651/86/254 1555/85/252 1399/17/184
f 1395/15/185 1559/19/680 1652/88/698 1558/87/773
f 1710/89/423 1711/91/424 1712/90/425 1713/89/422
f 1678/92/426 1711/91/424 1710/89/423 1677/93/427
f 1680/94/420 1712/90/425 1711/91/424 1678/92/426
f 1679/93/421 1713/89/422 1712/90/425 1680/94/420
f 1677/93/427 1710/89/423 1713/89/422 1679/93/421
f 1714/89/415 1715/90/416 1716/91/417 1717/89/414
f 1680/94/420 1715/90/416 1714/89/415 1679/93/421
f 1682/92/418 1716/91/417 1715/90/416 1680/94/420
f 1681/93/419 1717/89/414 1716/91/417 1682/92/418
f 1679/93/421 1714/89/415 1717/89/414 1681/93/419
f 1718/95/457 1719/97/458 1720/96/459 1721/95/456
f 1658/98/455 1719/97/458 1718/95/457 1657/93/460
f 1678/92/426 1720/96/459 1719/97/458 1658/98/455
f 1677/93/427 1721/95/456 1720/96/459 1678/92/426
f 1657/93/460 1718/95/457 1721/95/456 1677/93/427
f 1722/99/451 1723/102/452 1724/101/453 1725/100/774
f 1653/103/775 1723/102/452 1722/99/451 1658/98/455
f 1659/104/449 1724/101/453 1723/102/452 1653/103/775
f 1678/92/426 1725/100/774 1724/101/453 1659/104/449
f 1658/98/455 1722/99/451 1725/100/774 1678/92/426
f 1726/105/446 1727/108/447 1728/107/448 1729/106/445
f 1659/104/449 1727/108/447 1726/105/446 1678/92/426
f 1660/109/444 1728/107/448 1727/108/447 1659/104/449
f 1680/94/420 1729/106/445 1728/107/448 1660/109/444
f 1678/92/426 1726/105/446 1729/106/445 1680/94/420
f 1730/106/441 1731/107/442 1732/108/443 1733/105/440
f 1660/109/444 1731/107/442 1730/106/441 1680/94/420
f 1661/104/439 1732/108/443 1731/107/442 1660/109/444
f 1682/92/418 1733/105/440 1732/108/443 1661/104/439
f 1680/94/420 1730/106/441 1733/105/440 1682/92/418
f 1734/100/776 1735/101/436 1736/102/437 1737/99/434
f 1661/104/439 1735/101/436 1734/100/776 1682/92/418
f 1654/103/438 1736/102/437 1735/101/436 1661/104/439
f 1662/98/432 1737/99/434 1736/102/437 1654/103/438
f 1682/92/418 1734/100/776 1737/99/434 1662/98/432
f 1738/95/429 1739/96/430 1740/97/431 1741/95/428
f 1682/92/418 1739/96/430 1738/95/429 1681/93/419
f 1662/98/432 1740/97/431 1739/96/430 1682/92/418
f 1663/93/433 1741/95/428 1740/97/431 1662/98/432
f 1681/93/419 1738/95/429 1741/95/428 1663/93/433
f 1742/89/558 1743/91/559 1744/90/560 1745/89/557
f 1684/92/755 1743/91/559 1742/89/558 1683/93/562
f 1686/94/555 1744/90/560 1743/91/559 1684/92/755
f 1685/93/556 1745/89/557 1744/90/560 1686/94/555
f 1683/93/562 1742/89/558 1745/89/557 1685/93/556
f 1746/89/550 1747/90/551 1748/91/552 1749/89/549
f 1686/94/555 1747/90/551 1746/89/550 1685/93/556
f 1688/92/777 1748/91/552 1747/90/551 1686/94/555
f 1687/93/554 1749/89/549 1748/91/552 1688/92/777
f 1685/93/556 1746/89/550 1749/89/549 1687/93/554
f 1750/95/587 1751/97/778 1752/96/589 1753/95/586
f 1662/98/432 1751/97/778 1750/95/587 1663/93/433
f 1684/92/755 1752/96/589 1751/97/778 1662/98/432
f 1683/93/562 1753/95/586 1752/96/589 1684/92/755
f 1663/93/433 1750/95/587 1753/95/586 1683/93/562
f 1754/99/583 1755/102/584 1756/101/585 1757/100/779
f 1654/103/438 1755/102/584 1754/99/583 1662/98/432
f 1664/104/581 1756/101/585 1755/102/584 1654/103/438
f 1684/92/755 1757/100/779 1756/101/585 1664/104/581
f 1662/98/432 1754/99/583 1757/100/779 1684/92/755
f 1758/105/578 1759/108/579 1760/107/580 1761/106/757
f 1664/104/581 1759/108/579 1758/105/578 1684/92/755
f 1665/109/576 1760/107/580 1759/108/579 1664/104/581
f 1686/94/555 1761/106/757 1760/107/580 1665/109/576
f 1684/92/755 1758/105/578 1761/106/757 1686/94/555
f 1762/106/758 1763/107/574 1764/108/575 1765/105/572
f 1665/109/576 1763/107/574 1762/106/758 1686/94/555
f 1666/104/571 1764/108/575 1763/107/574 1665/109/576
f 1688/92/777 1765/105/572 1764/108/575 1666/104/571
f 1686/94/555 1762/106/758 1765/105/572 1688/92/777
f 1766/100/780 1767/101/569 1768/102/570 1769/99/567
f 1666/104/571 1767/101/569 1766/100/780 1688/92/777
f 1656/103/781 1768/102/570 1767/101/569 1666/104/571
f 1667/98/543 1769/99/567 1768/102/570 1656/103/781
f 1688/92/777 1766/100/780 1769/99/567 1667/98/543
f 1770/95/564 1771/96/565 1772/97/782 1773/95/563
f 1688/92/777 1771/96/565 1770/95/564 1687/93/554
f 1667/98/543 1772/97/782 1771/96/565 1688/92/777
f 1668/93/548 1773/95/563 1772/97/782 1667/98/543
f 1687/93/554 1770/95/564 1773/95/563 1668/93/548
f 1774/89/514 1775/91/515 1776/90/516 1777/89/513
f 1690/92/749 1775/91/515 1774/89/514 1689/93/518
f 1692/94/511 1776/90/516 1775/91/515 1690/92/749
f 1691/93/512 1777/89/513 1776/90/516 1692/94/511
f 1689/93/518 1774/89/514 1777/89/513 1691/93/512
f 1778/89/506 1779/90/507 1780/91/508 1781/89/505
f 1692/94/511 1779/90/507 1778/89/506 1691/93/512
f 1694/92/750 1780/91/508 1779/90/507 1692/94/511
f 1693/93/510 1781/89/505 1780/91/508 1694/92/750
f 1691/93/512 1778/89/506 1781/89/505 1693/93/510
f 1782/95/545 1783/97/783 1784/96/547 1785/95/544
f 1667/98/543 1783/97/783 1782/95/545 1668/93/548
f 1690/92/749 1784/96/547 1783/97/783 1667/98/543
f 1689/93/518 1785/95/544 1784/96/547 1690/92/749
f 1668/93/548 1782/95/545 1785/95/544 1689/93/518
f 1786/99/539 1787/102/540 1788/101/541 1789/100/784
f 1656/103/781 1787/102/540 1786/99/539 1667/98/543
f 1669/104/537 1788/101/541 1787/102/540 1656/103/781
f 1690/92/749 1789/100/784 1788/101/541 1669/104/537
f 1667/98/543 1786/99/539 1789/100/784 1690/92/749
f 1790/105/534 1791/108/535 1792/107/536 1793/106/533
f 1669/104/537 1791/108/535 1790/105/534 1690/92/749
f 1670/109/532 1792/107/536 1791/108/535 1669/104/537
f 1692/94/511 1793/106/533 1792/107/536 1670/109/532
f 1690/92/749 1790/105/534 1793/106/533 1692/94/511
f 1794/106/785 1795/107/530 1796/108/531 1797/105/528
f 1670/109/532 1795/107/530 1794/106/785 1692/94/511
f 1671/104/527 1796/108/531 1795/107/530 1670/109/532
f 1694/92/750 1797/105/528 1796/108/531 1671/104/527
f 1692/94/511 1794/106/785 1797/105/528 1694/92/750
f 1798/100/786 1799/101/525 1800/102/526 1801/99/523
f 1671/104/527 1799/101/525 1798/100/786 1694/92/750
f 1655/103/498 1800/102/526 1799/101/525 1671/104/527
f 1672/98/499 1801/99/523 1800/102/526 1655/103/498
f 1694/92/750 1798/100/786 1801/99/523 1672/98/499
f 1802/95/520 1803/96/521 1804/97/522 1805/95/519
f 1694/92/750 1803/96/521 1802/95/520 1693/93/510
f 1672/98/499 1804/97/522 1803/96/521 1694/92/750
f 1673/93/504 1805/95/519 1804/97/522 1672/98/499
f 1693/93/510 1802/95/520 1805/95/519 1673/93/504
f 1806/89/470 1807/91/471 1808/90/472 1809/89/469
f 1696/92/473 1807/91/471 1806/89/470 1695/93/474
f 1698/94/467 1808/90/472 1807/91/471 1696/92/473
f 1697/93/468 1809/89/469 1808/90/472 1698/94/467
f 1695/93/474 1806/89/470 1809/89/469 1697/93/468
f 1810/89/462 1811/90/463 1812/91/464 1813/89/461
f 1698/94/467 1811/90/463 1810/89/462 1697/93/468
f 1700/92/787 1812/91/464 1811/90/463 1698/94/467
f 1699/93/466 1813/89/461 1812/91/464 1700/92/787
f 1697/93/468 1810/89/462 1813/89/461 1699/93/466
f 1814/95/501 1815/97/502 1816/96/503 1817/95/500
f 1672/98/499 1815/97/502 1814/95/501 1673/93/504
f 1696/92/473 1816/96/503 1815/97/502 1672/98/499
f 1695/93/474 1817/95/500 1816/96/503 1696/92/473
f 1673/93/504 1814/95/501 1817/95/500 1695/93/474
f 1818/99/495 1819/102/496 1820/101/497 1821/100/788
f 1655/103/498 1819/102/496 1818/99/495 1672/98/499
f 1674/104/493 1820/101/497 1819/102/496 1655/103/498
f 1696/92/473 1821/100/788 1820/101/497 1674/104/493
f 1672/98/499 1818/99/495 1821/100/788 1696/92/473
f 1822/105/490 1823/108/491 1824/107/492 1825/106/489
f 1674/104/493 1823/108/491 1822/105/490 1696/92/473
f 1675/109/488 1824/107/492 1823/108/491 1674/104/493
f 1698/94/467 1825/106/489 1824/107/492 1675/109/488
f 1696/92/473 1822/105/490 1825/106/489 1698/94/467
f 1826/106/789 1827/107/486 1828/108/487 1829/105/484
f 1675/109/488 1827/107/486 1826/106/789 1698/94/467
f 1676/104/483 1828/108/487 1827/107/486 1675/109/488
f 1700/92/787 1829/105/484 1828/108/487 1676/104/483
f 1698/94/467 1826/106/789 1829/105/484 1700/92/787
f 1830/100/790 1831/101/481 1832/102/482 1833/99/479
f 1676/104/483 1831/101/481 1830/100/790 1700/92/787
f 1653/103/775 1832/102/482 1831/101/481 1676/104/483
f 1658/98/455 1833/99/479 1832/102/482 1653/103/775
f 1700/92/787 1830/100/790 1833/99/479 1658/98/455
f 1834/95/476 1835/96/477 1836/97/478 1837/95/475
f 1700/92/787 1835/96/477 1834/95/476 1699/93/466
f 1658/98/455 1836/97/478 1835/96/477 1700/92/787
f 1657/93/460 1837/95/475 1836/97/478 1658/98/455
f 1699/93/466 1834/95/476 1837/95/475 1657/93/460
f 1838/110/605 1839/111/606 1840/112/607 1841/111/604
f 1702/113/608 1839/111/606 1838/110/605 1701/114/609
f 1705/115/596 1840/112/607 1839/111/606 1702/113/608
f 1704/113/597 1841/111/604 1840/112/607 1705/115/596
f 1701/114/609 1838/110/605 1841/111/604 1704/113/597
f 1842/111/611 1843/110/612 1844/111/613 1845/112/610
f 1703/114/614 1843/110/612 1842/111/611 1702/113/608
f 1706/113/603 1844/111/613 1843/110/612 1703/114/614
f 1705/115/596 1845/112/610 1844/111/613 1706/113/603
f 1702/113/608 1842/111/611 1845/112/610 1705/115/596
f 1846/111/591 1847/112/592 1848/111/593 1849/110/590
f 1705/115/596 1847/112/592 1846/111/591 1704/113/597
f 1708/113/594 1848/111/593 1847/112/592 1705/115/596
f 1707/114/595 1849/110/590 1848/111/593 1708/113/594
f 1704/113/597 1846/111/591 1849/110/590 1707/114/595
f 1850/112/599 1851/111/600 1852/110/601 1853/111/598
f 1706/113/603 1851/111/600 1850/112/599 1705/115/596
f 1709/114/602 1852/110/601 1851/111/600 1706/113/603
f 1708/113/594 1853/111/598 1852/110/601 1709/114/602
f 1705/115/596 1850/112/599 1853/111/598 1708/113/594
f 1854/116/652 1855/117/653 1856/118/654 1857/117/651
f 1666/104/571 1855/117/653 1854/116/652 1656/103/781
f 1701/114/609 1856/118/654 1855/117/653 1666/104/571
f 1669/104/537 1857/117/651 1856/118/654 1701/114/609
f 1656/103/781 1854/116/652 1857/117/651 1669/104/537
f 1858/119/648 1859/122/649 1860/121/650 1861/120/647
f 1665/109/576 1859/122/649 1858/119/648 1666/104/571
f 1702/113/608 1860/121/650 1859/122/649 1665/109/576
f 1701/114/609 1861/120/647 1860/121/650 1702/113/608
f 1666/104/571 1858/119/648 1861/120/647 1701/114/609
f 1862/122/644 1863/119/645 1864/120/646 1865/121/643
f 1664/104/581 1863/119/645 1862/122/644 1665/109/576
f 1703/114/614 1864/120/646 1863/119/645 1664/104/581
f 1702/113/608 1865/121/643 1864/120/646 1703/114/614
f 1665/109/576 1862/122/644 1865/121/643 1702/113/608
f 1866/117/640 1867/116/641 1868/117/642 1869/118/639
f 1654/103/438 1867/116/641 1866/117/640 1664/104/581
f 1661/104/439 1868/117/642 1867/116/641 1654/103/438
f 1703/114/614 1869/118/639 1868/117/642 1661/104/439
f 1664/104/581 1866/117/640 1869/118/639 1703/114/614
f 1870/120/636 1871/119/637 1872/122/638 1873/121/635
f 1661/104/439 1871/119/637 1870/120/636 1703/114/614
f 1660/109/444 1872/122/638 1871/119/637 1661/104/439
f 1706/113/603 1873/121/635 1872/122/638 1660/109/444
f 1703/114/614 1870/120/636 1873/121/635 1706/113/603
f 1874/121/632 1875/122/633 1876/119/634 1877/120/631
f 1660/109/444 1875/122/633 1874/121/632 1706/113/603
f 1659/104/449 1876/119/634 1875/122/633 1660/109/444
f 1709/114/602 1877/120/631 1876/119/634 1659/104/449
f 1706/113/603 1874/121/632 1877/120/631 1709/114/602
f 1878/118/628 1879/117/629 1880/116/630 1881/117/627
f 1659/104/449 1879/117/629 1878/118/628 1709/114/602
f 1653/103/775 1880/116/630 1879/117/629 1659/104/449
f 1676/104/483 1881/117/627 1880/116/630 1653/103/775
f 1709/114/602 1878/118/628 1881/117/627 1676/104/483
f 1882/121/624 1883/120/625 1884/119/626 1885/122/623
f 1709/114/602 1883/120/625 1882/121/624 1708/113/594
f 1676/104/483 1884/119/626 1883/120/625 1709/114/602
f 1675/109/488 1885/122/623 1884/119/626 1676/104/483
f 1708/113/594 1882/121/624 1885/122/623 1675/109/488
f 1886/120/620 1887/121/621 1888/122/622 1889/119/619
f 1708/113/594 1887/121/621 1886/120/620 1707/114/595
f 1675/109/488 1888/122/622 1887/121/621 1708/113/594
f 1674/104/493 1889/119/619 1888/122/622 1675/109/488
f 1707/114/595 1886/120/620 1889/119/619 1674/104/493
f 1890/117/616 1891/118/617 1892/117/618 1893/116/615
f 1707/114/595 1891/118/617 1890/117/616 1671/104/527
f 1674/104/493 1892/117/618 1891/118/617 1707/114/595
f 1655/103/498 1893/116/615 1892/117/618 1674/104/493
f 1671/104/527 1890/117/616 1893/116/615 1655/103/498
f 1894/122/660 1895/121/661 1896/120/662 1897/119/659
f 1704/113/597 1895/121/661 1894/122/660 1670/109/532
f 1707/114/595 1896/120/662 1895/121/661 1704/113/597
f 1671/104/527 1897/119/659 1896/120/662 1707/114/595
f 1670/109/532 1894/122/660 1897/119/659 1671/104/527
f 1898/119/656 1899/120/657 1900/121/658 1901/122/655
f 1701/114/609 1899/120/657 1898/119/656 1669/104/537
f 1704/113/597 1900/121/658 1899/120/657 1701/114/609
f 1670/109/532 1901/122/655 1900/121/658 1704/113/597
f 1669/104/537 1898/119/656 1901/122/655 1670/109/532
f 1918/123/672 1917/124/673 1902/124/671 1903/123/670
f 1916/125/667 1918/123/672 1903/123/670
f 1903/123/670 1902/124/671 1904/124/669 1905/123/668
f 1916/125/667 1903/123/670 1905/123/668
f 1916/125/667 1905/123/668 1907/123/664
f 1905/123/668 1904/124/669 1906/124/665 1907/123/664
f 1907/123/664 1906/124/665 1908/124/666 1909/123/663
f 1916/125/667 1907/123/664 1909/123/663
f 1909/123/663 1908/124/666 1910/124/679 1911/123/678
f 1916/125/667 1909/123/663 1911/123/678
f 1916/125/667 1911/123/678 1913/123/676
f 1911/123/678 1910/124/679 1912/124/677 1913/123/676
f 1916/125/667 1913/123/676 1915/123/674
f 1913/123/676 1912/124/677 1914/124/675 1915/123/674
f 1915/123/674 1914/124/675 1917/124/673 1918/123/672
f 1916/125/667 1915/123/674 1918/123/672
f 1919/10/335 1998/11/336 2147/12/337 1995/13/338
f 1995/13/338 2147/12/337 2031/14/339 1920/15/340
f 2147/12/337 1999/16/341 1924/17/342 2031/14/339
f 1998/11/336 1923/18/343 1999/16/341 2147/12/337
f 2027/19/344 2148/20/345 1995/13/338 1920/15/340
f 2148/20/345 1997/21/346 1919/10/335 1995/13/338
f 1921/22/347 2030/23/348 2149/24/349 1996/25/350
f 1996/25/350 2149/24/349 1998/11/336 1919/10/335
f 2149/24/349 2000/26/351 1923/18/343 1998/11/336
f 2030/23/348 1925/27/352 2000/26/351 2149/24/349
f 1922/28/353 2032/29/354 2150/30/355 1997/21/346
f 1919/10/335 1997/21/346 2150/30/355 1996/25/350
f 1921/22/347 1996/25/350 2150/30/355 2032/29/354
f 1927/31/356 2029/32/357 2151/33/358 2003/34/359
f 2003/34/359 2151/33/358 2001/35/360 1926/36/361
f 2151/33/358 1999/16/341 1923/18/343 2001/35/360
f 2029/32/357 1924/17/342 1999/16/341 2151/33/358
f 1926/36/361 2001/35/360 2152/37/362 2002/38/363
f 1925/27/352 2002/38/363 2152/37/362 2000/26/351
f 1923/18/343 2000/26/351 2152/37/362 2001/35/360
f 1928/39/364 2004/40/365 2153/41/366 2005/42/367
f 1925/27/352 2005/42/367 2153/41/366 2002/38/363
f 1926/36/361 2002/38/363 2153/41/366 2004/40/365
f 1927/31/356 2003/34/359 2154/43/368 2028/44/369
f 2028/44/369 2154/43/368 2006/45/370 1929/46/720
f 2154/43/368 2004/40/365 1928/39/364 2006/45/370
f 2003/34/359 1926/36/361 2004/40/365 2154/43/368
f 1930/47/372 2007/48/791 2155/49/374 2009/50/375
f 2009/50/375 2155/49/374 2030/23/348 1921/22/347
f 2155/49/374 2005/42/367 1925/27/352 2030/23/348
f 2007/48/791 1928/39/364 2005/42/367 2155/49/374
f 1931/51/376 2013/52/377 2156/53/378 2010/54/379
f 2010/54/379 2156/53/378 2007/48/791 1930/47/372
f 2156/53/378 2006/45/370 1928/39/364 2007/48/791
f 2013/52/377 1929/46/720 2006/45/370 2156/53/378
f 2157/55/380 2010/54/379 1930/47/372 2008/56/381
f 2011/57/382 1931/51/376 2010/54/379 2157/55/380
f 1930/47/372 2009/50/375 2158/58/383 2008/56/381
f 1922/28/353 2008/56/381 2158/58/383 2032/29/354
f 1921/22/347 2032/29/354 2158/58/383 2009/50/375
f 1931/51/376 2011/57/382 2159/59/384 2012/60/385
f 1932/61/792 2015/62/387 2160/63/388 2012/60/385
f 2012/60/385 2160/63/388 2013/52/377 1931/51/376
f 2160/63/388 2016/64/389 1929/46/720 2013/52/377
f 2015/62/387 1934/65/390 2016/64/389 2160/63/388
f 1933/66/793 2021/67/392 2161/68/393 2014/69/794
f 2014/69/794 2161/68/393 2015/62/387 1932/61/792
f 2161/68/393 2018/70/395 1934/65/390 2015/62/387
f 2021/67/392 1935/71/396 2018/70/395 2161/68/393
f 1934/65/390 2017/72/397 2162/73/398 2016/64/389
f 1929/46/720 2016/64/389 2162/73/398 2028/44/369
f 1927/31/356 2028/44/369 2162/73/398 2017/72/397
f 1927/31/356 2017/72/397 2163/74/399 2020/75/400
f 1935/71/396 2020/75/400 2163/74/399 2018/70/395
f 1934/65/390 2018/70/395 2163/74/399 2017/72/397
f 1937/76/401 2024/77/402 2164/78/403 2025/79/795
f 2025/79/795 2164/78/403 2021/67/392 1933/66/793
f 2164/78/403 2019/80/405 1935/71/396 2021/67/392
f 2024/77/402 1936/81/406 2019/80/405 2164/78/403
f 1927/31/356 2020/75/400 2165/82/407 2022/83/408
f 1936/81/406 2022/83/408 2165/82/407 2019/80/405
f 1935/71/396 2019/80/405 2165/82/407 2020/75/400
f 1927/31/356 2022/83/408 2166/84/409 2029/32/357
f 1924/17/342 2029/32/357 2166/84/409 2023/85/410
f 1936/81/406 2023/85/410 2166/84/409 2022/83/408
f 1920/15/340 2031/14/339 2167/86/411 2026/87/412
f 2026/87/412 2167/86/411 2024/77/402 1937/76/401
f 2167/86/411 2023/85/410 1936/81/406 2024/77/402
f 2031/14/339 1924/17/342 2023/85/410 2167/86/411
f 1920/15/340 2026/87/412 2168/88/413 2027/19/344
f 1938/10/256 2033/13/257 2169/12/258 2036/11/259
f 2036/11/259 2169/12/258 2037/16/260 1942/18/261
f 2169/12/258 2069/14/262 1943/17/263 2037/16/260
f 2033/13/257 1939/15/264 2069/14/262 2169/12/258
f 2170/20/265 2033/13/257 1938/10/256 2035/21/266
f 2065/19/267 1939/15/264 2033/13/257 2170/20/265
f 1940/22/268 2034/25/269 2171/24/270 2068/23/271
f 2068/23/271 2171/24/270 2038/26/272 1944/27/273
f 2171/24/270 2036/11/259 1942/18/261 2038/26/272
f 2034/25/269 1938/10/256 2036/11/259 2171/24/270
f 1941/28/274 2035/21/266 2172/30/275 2070/29/276
f 1940/22/268 2070/29/276 2172/30/275 2034/25/269
f 1938/10/256 2034/25/269 2172/30/275 2035/21/266
f 1946/31/277 2041/34/278 2173/33/279 2067/32/280
f 2067/32/280 2173/33/279 2037/16/260 1943/17/263
f 2173/33/279 2039/35/281 1942/18/261 2037/16/260
f 2041/34/278 1945/36/282 2039/35/281 2173/33/279
f 1945/36/282 2040/38/283 2174/37/284 2039/35/281
f 1942/18/261 2039/35/281 2174/37/284 2038/26/272
f 1944/27/273 2038/26/272 2174/37/284 2040/38/283
f 1947/39/285 2043/42/286 2175/41/287 2042/40/288
f 1945/36/282 2042/40/288 2175/41/287 2040/38/283
f 1944/27/273 2040/38/283 2175/41/287 2043/42/286
f 1946/31/277 2066/44/289 2176/43/290 2041/34/278
f 2041/34/278 2176/43/290 2042/40/288 1945/36/282
f 2176/43/290 2044/45/291 1947/39/285 2042/40/288
f 2066/44/289 1948/46/292 2044/45/291 2176/43/290
f 1949/47/293 2047/50/294 2177/49/295 2045/48/761
f 2045/48/761 2177/49/295 2043/42/286 1947/39/285
f 2177/49/295 2068/23/271 1944/27/273 2043/42/286
f 2047/50/294 1940/22/268 2068/23/271 2177/49/295
f 1950/51/297 2048/54/298 2178/53/299 2051/52/300
f 2051/52/300 2178/53/299 2044/45/291 1948/46/292
f 2178/53/299 2045/48/761 1947/39/285 2044/45/291
f 2048/54/298 1949/47/293 2045/48/761 2178/53/299
f 2049/57/301 2179/55/302 2048/54/298 1950/51/297
f 2179/55/302 2046/56/303 1949/47/293 2048/54/298
f 1949/47/293 2046/56/303 2180/58/304 2047/50/294
f 1940/22/268 2047/50/294 2180/58/304 2070/29/276
f 1941/28/274 2070/29/276 2180/58/304 2046/56/303
f 1950/51/297 2050/60/305 2181/59/306 2049/57/301
f 1951/61/796 2050/60/305 2182/63/308 2053/62/309
f 2053/62/309 2182/63/308 2054/64/310 1953/65/311
f 2182/63/308 2051/52/300 1948/46/292 2054/64/310
f 2050/60/305 1950/51/297 2051/52/300 2182/63/308
f 1952/66/797 2052/69/798 2183/68/314 2059/67/315
f 2059/67/315 2183/68/314 2056/70/316 1954/71/317
f 2183/68/314 2053/62/309 1953/65/311 2056/70/316
f 2052/69/798 1951/61/796 2053/62/309 2183/68/314
f 1953/65/311 2054/64/310 2184/73/799 2055/72/319
f 1946/31/277 2055/72/319 2184/73/799 2066/44/289
f 1948/46/292 2066/44/289 2184/73/799 2054/64/310
f 1946/31/277 2058/75/320 2185/74/321 2055/72/319
f 1953/65/311 2055/72/319 2185/74/321 2056/70/316
f 1954/71/317 2056/70/316 2185/74/321 2058/75/320
f 1956/76/322 2063/79/323 2186/78/324 2062/77/325
f 2062/77/325 2186/78/324 2057/80/326 1955/81/327
f 2186/78/324 2059/67/315 1954/71/317 2057/80/326
f 2063/79/323 1952/66/797 2059/67/315 2186/78/324
f 1946/31/277 2060/83/328 2187/82/329 2058/75/320
f 1954/71/317 2058/75/320 2187/82/329 2057/80/326
f 1955/81/327 2057/80/326 2187/82/329 2060/83/328
f 1946/31/277 2067/32/280 2188/84/330 2060/83/328
f 1955/81/327 2060/83/328 2188/84/330 2061/85/331
f 1943/17/263 2061/85/331 2188/84/330 2067/32/280
f 1939/15/264 2064/87/332 2189/86/333 2069/14/262
f 2069/14/262 2189/86/333 2061/85/331 1943/17/263
f 2189/86/333 2062/77/325 1955/81/327 2061/85/331
f 2064/87/332 1956/76/322 2062/77/325 2189/86/333
f 1939/15/264 2065/19/267 2190/88/334 2064/87/332
f 1957/10/177 2071/13/178 2191/12/179 2074/11/180
f 2074/11/180 2191/12/179 2075/16/181 1961/18/182
f 2191/12/179 2107/14/183 1962/17/184 2075/16/181
f 2071/13/178 1958/15/185 2107/14/183 2191/12/179
f 2192/20/186 2071/13/178 1957/10/177 2073/21/187
f 2103/19/188 1958/15/185 2071/13/178 2192/20/186
f 1959/22/189 2072/25/190 2193/24/191 2106/23/192
f 2106/23/192 2193/24/191 2076/26/193 1963/27/194
f 2193/24/191 2074/11/180 1961/18/182 2076/26/193
f 2072/25/190 1957/10/177 2074/11/180 2193/24/191
f 1960/28/195 2073/21/187 2194/30/196 2108/29/197
f 1959/22/189 2108/29/197 2194/30/196 2072/25/190
f 1957/10/177 2072/25/190 2194/30/196 2073/21/187
f 1965/31/198 2079/34/199 2195/33/200 2105/32/201
f 2105/32/201 2195/33/200 2075/16/181 1962/17/184
f 2195/33/200 2077/35/202 1961/18/182 2075/16/181
f 2079/34/199 1964/36/203 2077/35/202 2195/33/200
f 1964/36/203 2078/38/204 2196/37/205 2077/35/202
f 1961/18/182 2077/35/202 2196/37/205 2076/26/193
f 1963/27/194 2076/26/193 2196/37/205 2078/38/204
f 1966/39/206 2081/42/207 2197/41/208 2080/40/209
f 1964/36/203 2080/40/209 2197/41/208 2078/38/204
f 1963/27/194 2078/38/204 2197/41/208 2081/42/207
f 1965/31/198 2104/44/210 2198/43/211 2079/34/199
f 2079/34/199 2198/43/211 2080/40/209 1964/36/203
f 2198/43/211 2082/45/212 1966/39/206 2080/40/209
f 2104/44/210 1967/46/685 2082/45/212 2198/43/211
f 1968/47/214 2085/50/215 2199/49/216 2083/48/217
f 2083/48/217 2199/49/216 2081/42/207 1966/39/206
f 2199/49/216 2106/23/192 1963/27/194 2081/42/207
f 2085/50/215 1959/22/189 2106/23/192 2199/49/216
f 1969/51/218 2086/54/219 2200/53/220 2089/52/221
f 2089/52/221 2200/53/220 2082/45/212 1967/46/685
f 2200/53/220 2083/48/217 1966/39/206 2082/45/212
f 2086/54/219 1968/47/214 2083/48/217 2200/53/220
f 2087/57/222 2201/55/223 2086/54/219 1969/51/218
f 2201/55/223 2084/56/224 1968/47/214 2086/54/219
f 1968/47/214 2084/56/224 2202/58/225 2085/50/215
f 1959/22/189 2085/50/215 2202/58/225 2108/29/197
f 1960/28/195 2108/29/197 2202/58/225 2084/56/224
f 1969/51/218 2088/60/226 2203/59/227 2087/57/222
f 1970/61/800 2088/60/226 2204/63/229 2091/62/230
f 2091/62/230 2204/63/229 2092/64/231 1972/65/232
f 2204/63/229 2089/52/221 1967/46/685 2092/64/231
f 2088/60/226 1969/51/218 2089/52/221 2204/63/229
f 1971/66/233 2090/69/801 2205/68/235 2097/67/236
f 2097/67/236 2205/68/235 2094/70/237 1973/71/238
f 2205/68/235 2091/62/230 1972/65/232 2094/70/237
f 2090/69/801 1970/61/800 2091/62/230 2205/68/235
f 1972/65/232 2092/64/231 2206/73/239 2093/72/240
f 1965/31/198 2093/72/240 2206/73/239 2104/44/210
f 1967/46/685 2104/44/210 2206/73/239 2092/64/231
f 1965/31/198 2096/75/241 2207/74/242 2093/72/240
f 1972/65/232 2093/72/240 2207/74/242 2094/70/237
f 1973/71/238 2094/70/237 2207/74/242 2096/75/241
f 1975/76/802 2101/79/803 2208/78/245 2100/77/246
f 2100/77/246 2208/78/245 2095/80/247 1974/81/248
f 2208/78/245 2097/67/236 1973/71/238 2095/80/247
f 2101/79/803 1971/66/233 2097/67/236 2208/78/245
f 1965/31/198 2098/83/249 2209/82/250 2096/75/241
f 1973/71/238 2096/75/241 2209/82/250 2095/80/247
f 1974/81/248 2095/80/247 2209/82/250 2098/83/249
f 1965/31/198 2105/32/201 2210/84/251 2098/83/249
f 1974/81/248 2098/83/249 2210/84/251 2099/85/252
f 1962/17/184 2099/85/252 2210/84/251 2105/32/201
f 1958/15/185 2102/87/253 2211/86/254 2107/14/183
f 2107/14/183 2211/86/254 2099/85/252 1962/17/184
f 2211/86/254 2100/77/246 1974/81/248 2099/85/252
f 2102/87/253 1975/76/802 2100/77/246 2211/86/254
f 1958/15/185 2103/19/188 2212/88/255 2102/87/253
f 1976/10/98 2112/11/99 2213/12/100 2109/13/101
f 2109/13/101 2213/12/100 2145/14/102 1977/15/103
f 2213/12/100 2113/16/104 1981/17/105 2145/14/102
f 2112/11/99 1980/18/106 2113/16/104 2213/12/100
f 2141/19/107 2214/20/108 2109/13/101 1977/15/103
f 2214/20/108 2111/21/109 1976/10/98 2109/13/101
f 1978/22/110 2144/23/111 2215/24/112 2110/25/113
f 2110/25/113 2215/24/112 2112/11/99 1976/10/98
f 2215/24/112 2114/26/114 1980/18/106 2112/11/99
f 2144/23/111 1982/27/115 2114/26/114 2215/24/112
f 1979/28/116 2146/29/117 2216/30/118 2111/21/109
f 1976/10/98 2111/21/109 2216/30/118 2110/25/113
f 1978/22/110 2110/25/113 2216/30/118 2146/29/117
f 1984/31/119 2143/32/120 2217/33/121 2117/34/122
f 2117/34/122 2217/33/121 2115/35/123 1983/36/124
f 2217/33/121 2113/16/104 1980/18/106 2115/35/123
f 2143/32/120 1981/17/105 2113/16/104 2217/33/121
f 1983/36/124 2115/35/123 2218/37/125 2116/38/126
f 1982/27/115 2116/38/126 2218/37/125 2114/26/114
f 1980/18/106 2114/26/114 2218/37/125 2115/35/123
f 1985/39/127 2118/40/128 2219/41/129 2119/42/130
f 1982/27/115 2119/42/130 2219/41/129 2116/38/126
f 1983/36/124 2116/38/126 2219/41/129 2118/40/128
f 1984/31/119 2117/34/122 2220/43/131 2142/44/132
f 2142/44/132 2220/43/131 2120/45/133 1986/46/134
f 2220/43/131 2118/40/128 1985/39/127 2120/45/133
f 2117/34/122 1983/36/124 2118/40/128 2220/43/131
f 1987/47/135 2121/48/136 2221/49/137 2123/50/138
f 2123/50/138 2221/49/137 2144/23/111 1978/22/110
f 2221/49/137 2119/42/130 1982/27/115 2144/23/111
f 2121/48/136 1985/39/127 2119/42/130 2221/49/137
f 1988/51/139 2127/52/140 2222/53/141 2124/54/142
f 2124/54/142 2222/53/141 2121/48/136 1987/47/135
f 2222/53/141 2120/45/133 1985/39/127 2121/48/136
f 2127/52/140 1986/46/134 2120/45/133 2222/53/141
f 2223/55/143 2124/54/142 1987/47/135 2122/56/144
f 2125/57/145 1988/51/139 2124/54/142 2223/55/143
f 1987/47/135 2123/50/138 2224/58/146 2122/56/144
f 1979/28/116 2122/56/144 2224/58/146 2146/29/117
f 1978/22/110 2146/29/117 2224/58/146 2123/50/138
f 1988/51/139 2125/57/145 2225/59/147 2126/60/148
f 1989/61/804 2129/62/150 2226/63/151 2126/60/148
f 2126/60/148 2226/63/151 2127/52/140 1988/51/139
f 2226/63/151 2130/64/152 1986/46/134 2127/52/140
f 2129/62/150 1991/65/153 2130/64/152 2226/63/151
f 1990/66/154 2135/67/155 2227/68/156 2128/69/805
f 2128/69/805 2227/68/156 2129/62/150 1989/61/804
f 2227/68/156 2132/70/158 1991/65/153 2129/62/150
f 2135/67/155 1992/71/159 2132/70/158 2227/68/156
f 1991/65/153 2131/72/160 2228/73/161 2130/64/152
f 1986/46/134 2130/64/152 2228/73/161 2142/44/132
f 1984/31/119 2142/44/132 2228/73/161 2131/72/160
f 1984/31/119 2131/72/160 2229/74/162 2134/75/163
f 1992/71/159 2134/75/163 2229/74/162 2132/70/158
f 1991/65/153 2132/70/158 2229/74/162 2131/72/160
f 1994/76/806 2138/77/165 2230/78/166 2139/79/807
f 2139/79/807 2230/78/166 2135/67/155 1990/66/154
f 2230/78/166 2133/80/168 1992/71/159 2135/67/155
f 2138/77/165 1993/81/169 2133/80/168 2230/78/166
f 1984/31/119 2134/75/163 2231/82/170 2136/83/171
f 1993/81/169 2136/83/171 2231/82/170 2133/80/168
f 1992/71/159 2133/80/168 2231/82/170 2134/75/163
f 1984/31/119 2136/83/171 2232/84/172 2143/32/120
f 1981/17/105 2143/32/120 2232/84/172 2137/85/173
f 1993/81/169 2137/85/173 2232/84/172 2136/83/171
f 1977/15/103 2145/14/102 2233/86/174 2140/87/175
f 2140/87/175 2233/86/174 2138/77/165 1994/76/806
f 2233/86/174 2137/85/173 1993/81/169 2138/77/165
f 2145/14/102 1981/17/105 2137/85/173 2233/86/174
f 1977/15/103 2140/87/175 2234/88/176 2141/19/107
f 2292/89/505 2295/89/506 2294/90/507 2293/91/508
f 2260/92/509 2259/93/510 2292/89/505 2293/91/508
f 2262/94/511 2260/92/509 2293/91/508 2294/90/507
f 2261/93/512 2262/94/511 2294/90/507 2295/89/506
f 2259/93/510 2261/93/512 2295/89/506 2292/89/505
f 2296/89/513 2299/89/514 2298/91/515 2297/90/516
f 2262/94/511 2261/93/512 2296/89/513 2297/90/516
f 2264/92/749 2262/94/511 2297/90/516 2298/91/515
f 2263/93/518 2264/92/749 2298/91/515 2299/89/514
f 2261/93/512 2263/93/518 2299/89/514 2296/89/513
f 2300/95/519 2303/95/520 2302/96/521 2301/97/522
f 2240/98/499 2239/93/504 2300/95/519 2301/97/522
f 2260/92/509 2240/98/499 2301/97/522 2302/96/521
f 2259/93/510 2260/92/509 2302/96/521 2303/95/520
f 2239/93/504 2259/93/510 2303/95/520 2300/95/519
f 2304/99/523 2307/100/786 2306/101/525 2305/102/526
f 2235/103/751 2240/98/499 2304/99/523 2305/102/526
f 2241/104/527 2235/103/751 2305/102/526 2306/101/525
f 2260/92/509 2241/104/527 2306/101/525 2307/100/786
f 2240/98/499 2260/92/509 2307/100/786 2304/99/523
f 2308/105/528 2311/106/529 2310/107/530 2309/108/531
f 2241/104/527 2260/92/509 2308/105/528 2309/108/531
f 2242/109/532 2241/104/527 2309/108/531 2310/107/530
f 2262/94/511 2242/109/532 2310/107/530 2311/106/529
f 2260/92/509 2262/94/511 2311/106/529 2308/105/528
f 2312/106/533 2315/105/534 2314/108/535 2313/107/536
f 2242/109/532 2262/94/511 2312/106/533 2313/107/536
f 2243/104/537 2242/109/532 2313/107/536 2314/108/535
f 2264/92/749 2243/104/537 2314/108/535 2315/105/534
f 2262/94/511 2264/92/749 2315/105/534 2312/106/533
f 2316/100/784 2319/99/539 2318/102/540 2317/101/541
f 2243/104/537 2264/92/749 2316/100/784 2317/101/541
f 2236/103/808 2243/104/537 2317/101/541 2318/102/540
f 2244/98/543 2236/103/808 2318/102/540 2319/99/539
f 2264/92/749 2244/98/543 2319/99/539 2316/100/784
f 2320/95/544 2323/95/545 2322/97/783 2321/96/547
f 2264/92/749 2263/93/518 2320/95/544 2321/96/547
f 2244/98/543 2264/92/749 2321/96/547 2322/97/783
f 2245/93/548 2244/98/543 2322/97/783 2323/95/545
f 2263/93/518 2245/93/548 2323/95/545 2320/95/544
f 2324/89/549 2327/89/550 2326/90/551 2325/91/552
f 2266/92/553 2265/93/554 2324/89/549 2325/91/552
f 2268/94/555 2266/92/553 2325/91/552 2326/90/551
f 2267/93/556 2268/94/555 2326/90/551 2327/89/550
f 2265/93/554 2267/93/556 2327/89/550 2324/89/549
f 2328/89/557 2331/89/558 2330/91/559 2329/90/560
f 2268/94/555 2267/93/556 2328/89/557 2329/90/560
f 2270/92/809 2268/94/555 2329/90/560 2330/91/559
f 2269/93/562 2270/92/809 2330/91/559 2331/89/558
f 2267/93/556 2269/93/562 2331/89/558 2328/89/557
f 2332/95/563 2335/95/564 2334/96/565 2333/97/782
f 2244/98/543 2245/93/548 2332/95/563 2333/97/782
f 2266/92/553 2244/98/543 2333/97/782 2334/96/565
f 2265/93/554 2266/92/553 2334/96/565 2335/95/564
f 2245/93/548 2265/93/554 2335/95/564 2332/95/563
f 2336/99/567 2339/100/780 2338/101/569 2337/102/570
f 2236/103/808 2244/98/543 2336/99/567 2337/102/570
f 2246/104/571 2236/103/808 2337/102/570 2338/101/569
f 2266/92/553 2246/104/571 2338/101/569 2339/100/780
f 2244/98/543 2266/92/553 2339/100/780 2336/99/567
f 2340/105/572 2343/106/573 2342/107/574 2341/108/575
f 2246/104/571 2266/92/553 2340/105/572 2341/108/575
f 2247/109/576 2246/104/571 2341/108/575 2342/107/574
f 2268/94/555 2247/109/576 2342/107/574 2343/106/573
f 2266/92/553 2268/94/555 2343/106/573 2340/105/572
f 2344/106/577 2347/105/578 2346/108/579 2345/107/580
f 2247/109/576 2268/94/555 2344/106/577 2345/107/580
f 2248/104/581 2247/109/576 2345/107/580 2346/108/579
f 2270/92/809 2248/104/581 2346/108/579 2347/105/578
f 2268/94/555 2270/92/809 2347/105/578 2344/106/577
f 2348/100/779 2351/99/583 2350/102/584 2349/101/585
f 2248/104/581 2270/92/809 2348/100/779 2349/101/585
f 2238/103/810 2248/104/581 2349/101/585 2350/102/584
f 2249/98/432 2238/103/810 2350/102/584 2351/99/583
f 2270/92/809 2249/98/432 2351/99/583 2348/100/779
f 2352/95/586 2355/95/587 2354/97/778 2353/96/589
f 2270/92/809 2269/93/562 2352/95/586 2353/96/589
f 2249/98/432 2270/92/809 2353/96/589 2354/97/778
f 2250/93/433 2249/98/432 2354/97/778 2355/95/587
f 2269/93/562 2250/93/433 2355/95/587 2352/95/586
f 2356/89/414 2359/89/415 2358/90/416 2357/91/417
f 2272/92/418 2271/93/419 2356/89/414 2357/91/417
f 2274/94/420 2272/92/418 2357/91/417 2358/90/416
f 2273/93/421 2274/94/420 2358/90/416 2359/89/415
f 2271/93/419 2273/93/421 2359/89/415 2356/89/414
f 2360/89/422 2363/89/423 2362/91/424 2361/90/425
f 2274/94/420 2273/93/421 2360/89/422 2361/90/425
f 2276/92/811 2274/94/420 2361/90/425 2362/91/424
f 2275/93/427 2276/92/811 2362/91/424 2363/89/423
f 2273/93/421 2275/93/427 2363/89/423 2360/89/422
f 2364/95/428 2367/95/429 2366/96/430 2365/97/431
f 2249/98/432 2250/93/433 2364/95/428 2365/97/431
f 2272/92/418 2249/98/432 2365/97/431 2366/96/430
f 2271/93/419 2272/92/418 2366/96/430 2367/95/429
f 2250/93/433 2271/93/419 2367/95/429 2364/95/428
f 2368/99/434 2371/100/776 2370/101/436 2369/102/437
f 2238/103/810 2249/98/432 2368/99/434 2369/102/437
f 2251/104/439 2238/103/810 2369/102/437 2370/101/436
f 2272/92/418 2251/104/439 2370/101/436 2371/100/776
f 2249/98/432 2272/92/418 2371/100/776 2368/99/434
f 2372/105/440 2375/106/441 2374/107/442 2373/108/443
f 2251/104/439 2272/92/418 2372/105/440 2373/108/443
f 2252/109/444 2251/104/439 2373/108/443 2374/107/442
f 2274/94/420 2252/109/444 2374/107/442 2375/106/441
f 2272/92/418 2274/94/420 2375/106/441 2372/105/440
f 2376/106/812 2379/105/446 2378/108/447 2377/107/448
f 2252/109/444 2274/94/420 2376/106/812 2377/107/448
f 2253/104/449 2252/109/444 2377/107/448 2378/108/447
f 2276/92/811 2253/104/449 2378/108/447 2379/105/446
f 2274/94/420 2276/92/811 2379/105/446 2376/106/812
f 2380/100/774 2383/99/451 2382/102/452 2381/101/453
f 2253/104/449 2276/92/811 2380/100/774 2381/101/453
f 2237/103/775 2253/104/449 2381/101/453 2382/102/452
f 2254/98/455 2237/103/775 2382/102/452 2383/99/451
f 2276/92/811 2254/98/455 2383/99/451 2380/100/774
f 2384/95/456 2387/95/457 2386/97/458 2385/96/459
f 2276/92/811 2275/93/427 2384/95/456 2385/96/459
f 2254/98/455 2276/92/811 2385/96/459 2386/97/458
f 2255/93/460 2254/98/455 2386/97/458 2387/95/457
f 2275/93/427 2255/93/460 2387/95/457 2384/95/456
f 2388/89/461 2391/89/462 2390/90/463 2389/91/464
f 2278/92/465 2277/93/466 2388/89/461 2389/91/464
f 2280/94/467 2278/92/465 2389/91/464 2390/90/463
f 2279/93/468 2280/94/467 2390/90/463 2391/89/462
f 2277/93/466 2279/93/468 2391/89/462 2388/89/461
f 2392/89/469 2395/89/470 2394/91/471 2393/90/472
f 2280/94/467 2279/93/468 2392/89/469 2393/90/472
f 2282/92/813 2280/94/467 2393/90/472 2394/91/471
f 2281/93/474 2282/92/813 2394/91/471 2395/89/470
f 2279/93/468 2281/93/474 2395/89/470 2392/89/469
f 2396/95/475 2399/95/476 2398/96/477 2397/97/478
f 2254/98/455 2255/93/460 2396/95/475 2397/97/478
f 2278/92/465 2254/98/455 2397/97/478 2398/96/477
f 2277/93/466 2278/92/465 2398/96/477 2399/95/476
f 2255/93/460 2277/93/466 2399/95/476 2396/95/475
f 2400/99/479 2403/100/790 2402/101/481 2401/102/482
f 2237/103/775 2254/98/455 2400/99/479 2401/102/482
f 2256/104/483 2237/103/775 2401/102/482 2402/101/481
f 2278/92/465 2256/104/483 2402/101/481 2403/100/790
f 2254/98/455 2278/92/465 2403/100/790 2400/99/479
f 2404/105/484 2407/106/485 2406/107/486 2405/108/487
f 2256/104/483 2278/92/465 2404/105/484 2405/108/487
f 2257/109/488 2256/104/483 2405/108/487 2406/107/486
f 2280/94/467 2257/109/488 2406/107/486 2407/106/485
f 2278/92/465 2280/94/467 2407/106/485 2404/105/484
f 2408/106/814 2411/105/490 2410/108/491 2409/107/492
f 2257/109/488 2280/94/467 2408/106/814 2409/107/492
f 2258/104/493 2257/109/488 2409/107/492 2410/108/491
f 2282/92/813 2258/104/493 2410/108/491 2411/105/490
f 2280/94/467 2282/92/813 2411/105/490 2408/106/814
f 2412/100/788 2415/99/495 2414/102/496 2413/101/497
f 2258/104/493 2282/92/813 2412/100/788 2413/101/497
f 2235/103/751 2258/104/493 2413/101/497 2414/102/496
f 2240/98/499 2235/103/751 2414/102/496 2415/99/495
f 2282/92/813 2240/98/499 2415/99/495 2412/100/788
f 2416/95/500 2419/95/501 2418/97/502 2417/96/503
f 2282/92/813 2281/93/474 2416/95/500 2417/96/503
f 2240/98/499 2282/92/813 2417/96/503 2418/97/502
f 2239/93/504 2240/98/499 2418/97/502 2419/95/501
f 2281/93/474 2239/93/504 2419/95/501 2416/95/500
f 2420/110/612 2423/111/613 2422/112/610 2421/111/611
f 2284/113/608 2283/114/614 2420/110/612 2421/111/611
f 2287/115/596 2284/113/608 2421/111/611 2422/112/610
f 2286/113/603 2287/115/596 2422/112/610 2423/111/613
f 2283/114/614 2286/113/603 2423/111/613 2420/110/612
f 2424/111/606 2427/112/607 2426/111/604 2425/110/605
f 2285/114/609 2284/113/608 2424/111/606 2425/110/605
f 2288/113/597 2285/114/609 2425/110/605 2426/111/604
f 2287/115/596 2288/113/597 2426/111/604 2427/112/607
f 2284/113/608 2287/115/596 2427/112/607 2424/111/606
f 2428/111/600 2431/110/601 2430/111/598 2429/112/599
f 2287/115/596 2286/113/603 2428/111/600 2429/112/599
f 2290/113/594 2287/115/596 2429/112/599 2430/111/598
f 2289/114/602 2290/113/594 2430/111/598 2431/110/601
f 2286/113/603 2289/114/602 2431/110/601 2428/111/600
f 2432/112/592 2435/111/593 2434/110/590 2433/111/591
f 2288/113/597 2287/115/596 2432/112/592 2433/111/591
f 2291/114/595 2288/113/597 2433/111/591 2434/110/590
f 2290/113/594 2291/114/595 2434/110/590 2435/111/593
f 2287/115/596 2290/113/594 2435/111/593 2432/112/592
f 2436/116/641 2439/117/642 2438/118/639 2437/117/640
f 2248/104/581 2238/103/810 2436/116/641 2437/117/640
f 2283/114/614 2248/104/581 2437/117/640 2438/118/639
f 2251/104/439 2283/114/614 2438/118/639 2439/117/642
f 2238/103/810 2251/104/439 2439/117/642 2436/116/641
f 2440/119/645 2443/120/646 2442/121/643 2441/122/644
f 2247/109/576 2248/104/581 2440/119/645 2441/122/644
f 2284/113/608 2247/109/576 2441/122/644 2442/121/643
f 2283/114/614 2284/113/608 2442/121/643 2443/120/646
f 2248/104/581 2283/114/614 2443/120/646 2440/119/645
f 2444/122/649 2447/121/650 2446/120/647 2445/119/648
f 2246/104/571 2247/109/576 2444/122/649 2445/119/648
f 2285/114/609 2246/104/571 2445/119/648 2446/120/647
f 2284/113/608 2285/114/609 2446/120/647 2447/121/650
f 2247/109/576 2284/113/608 2447/121/650 2444/122/649
f 2448/117/653 2451/118/654 2450/117/651 2449/116/652
f 2236/103/808 2246/104/571 2448/117/653 2449/116/652
f 2243/104/537 2236/103/808 2449/116/652 2450/117/651
f 2285/114/609 2243/104/537 2450/117/651 2451/118/654
f 2246/104/571 2285/114/609 2451/118/654 2448/117/653
f 2452/120/657 2455/121/658 2454/122/655 2453/119/656
f 2243/104/537 2285/114/609 2452/120/657 2453/119/656
f 2242/109/532 2243/104/537 2453/119/656 2454/122/655
f 2288/113/597 2242/109/532 2454/122/655 2455/121/658
f 2285/114/609 2288/113/597 2455/121/658 2452/120/657
f 2456/121/661 2459/120/662 2458/119/659 2457/122/660
f 2242/109/532 2288/113/597 2456/121/661 2457/122/660
f 2241/104/527 2242/109/532 2457/122/660 2458/119/659
f 2291/114/595 2241/104/527 2458/119/659 2459/120/662
f 2288/113/597 2291/114/595 2459/120/662 2456/121/661
f 2460/118/617 2463/117/618 2462/116/615 2461/117/616
f 2241/104/527 2291/114/595 2460/118/617 2461/117/616
f 2235/103/751 2241/104/527 2461/117/616 2462/116/615
f 2258/104/493 2235/103/751 2462/116/615 2463/117/618
f 2291/114/595 2258/104/493 2463/117/618 2460/118/617
f 2464/121/621 2467/122/622 2466/119/619 2465/120/620
f 2291/114/595 2290/113/594 2464/121/621 2465/120/620
f 2258/104/493 2291/114/595 2465/120/620 2466/119/619
f 2257/109/488 2258/104/493 2466/119/619 2467/122/622
f 2290/113/594 2257/109/488 2467/122/622 2464/121/621
f 2468/120/625 2471/119/626 2470/122/623 2469/121/624
f 2290/113/594 2289/114/602 2468/120/625 2469/121/624
f 2257/109/488 2290/113/594 2469/121/624 2470/122/623
f 2256/104/483 2257/109/488 2470/122/623 2471/119/626
f 2289/114/602 2256/104/483 2471/119/626 2468/120/625
f 2472/117/629 2475/116/630 2474/117/627 2473/118/628
f 2289/114/602 2253/104/449 2472/117/629 2473/118/628
f 2256/104/483 2289/114/602 2473/118/628 2474/117/627
f 2237/103/775 2256/104/483 2474/117/627 2475/116/630
f 2253/104/449 2237/103/775 2475/116/630 2472/117/629
f 2476/122/633 2479/119/634 2478/120/631 2477/121/632
f 2286/113/603 2252/109/444 2476/122/633 2477/121/632
f 2289/114/602 2286/113/603 2477/121/632 2478/120/631
f 2253/104/449 2289/114/602 2478/120/631 2479/119/634
f 2252/109/444 2253/104/449 2479/119/634 2476/122/633
f 2480/119/637 2483/122/638 2482/121/635 2481/120/636
f 2283/114/614 2251/104/439 2480/119/637 2481/120/636
f 2286/113/603 2283/114/614 2481/120/636 2482/121/635
f 2252/109/444 2286/113/603 2482/121/635 2483/122/638
f 2251/104/439 2252/109/444 2483/122/638 2480/119/637
f 2500/123/672 2485/123/674 2484/124/675 2499/124/673
f 2498/125/667 2485/123/674 2500/123/672
f 2485/123/674 2487/123/676 2486/124/677 2484/124/675
f 2498/125/667 2487/123/676 2485/123/674
f 2498/125/667 2489/123/678 2487/123/676
f 2487/123/676 2489/123/678 2488/124/679 2486/124/677
f 2489/123/678 2491/123/663 2490/124/666 2488/124/679
f 2498/125/667 2491/123/663 2489/123/678
f 2491/123/663 2493/123/664 2492/124/665 2490/124/666
f 2498/125/667 2493/123/664 2491/123/663
f 2498/125/667 2495/123/668 2493/123/664
f 2493/123/664 2495/123/668 2494/124/669 2492/124/665
f 2498/125/667 2497/123/670 2495/123/668
f 2495/123/668 2497/123/670 2496/124/671 2494/124/669
f 2497/123/670 2500/123/672 2499/124/673 2496/124/671
f 2498/125/667 2500/123/672 2497/123/670
