# Blender 5.0.0 Release Candidate
# www.blender.org
mtllib carrot.mtl
o _3D_Tile_Farm_Field_01
v -0.900000 0.000000 0.900000
v -0.970711 0.029289 0.900000
v -0.957735 0.042265 0.957735
v -0.900000 0.029289 0.970711
v -0.900000 0.100000 1.000000
v -0.970711 0.100000 0.970711
v -0.433333 0.029289 0.970711
v -0.433333 0.100000 1.000000
v -0.433333 0.000000 0.900000
v -0.900000 -0.000000 -0.900000
v -0.333333 0.029289 0.970711
v -0.333333 0.000000 0.900000
v -0.433333 1.874608 1.000000
v -0.333333 0.100000 1.000000
v -0.233333 0.029289 0.970711
v -0.333333 1.874608 1.000000
v -0.233333 0.100000 1.000000
v -0.433333 1.900000 1.000000
v -0.333333 1.900000 1.000000
v -0.900000 1.874608 1.000000
v -0.233333 0.000000 0.900000
v -0.970711 1.874608 0.970711
v -0.900000 1.900000 1.000000
v -0.433333 1.970711 0.970711
v -0.970711 1.900000 0.970711
v -1.000000 1.874608 0.900000
v -1.000000 1.900000 0.900000
v -0.957735 1.957735 0.957735
v -0.970711 1.970711 0.900000
v -1.000000 1.900000 -0.900000
v -0.970711 1.970710 -0.900000
v -0.900000 1.970711 0.970711
v -1.000000 0.100000 0.900000
v -0.433333 2.000000 0.900000
v -0.375598 1.957735 0.957735
v -0.362622 1.970711 0.900000
v -0.900000 2.000000 0.900000
v -0.970711 0.029289 -0.900000
v -1.000000 0.100000 -0.900000
v -1.000000 1.874608 -0.900000
v -0.970711 1.899999 -0.970710
v -0.957735 1.957735 -0.957735
v -0.900000 2.000000 -0.900000
v -0.900000 1.970710 -0.970710
v -0.970711 1.874608 -0.970710
v -0.433333 2.000000 -0.900000
v -0.900000 1.900000 -1.000000
v -0.433333 1.970710 -0.970710
v -0.362622 1.970710 -0.900000
v -0.375598 1.957735 -0.957735
v -0.433333 1.900000 -1.000000
v -0.362622 1.899999 -0.970710
v -0.333333 1.900000 -0.900000
v -0.333333 1.900000 -1.000000
v -0.304044 1.899999 -0.970710
v -0.233333 1.900000 -1.000000
v -0.333333 1.900000 0.900000
v -0.304044 1.970711 0.900000
v -0.291068 1.957735 -0.957735
v -0.304044 1.970710 -0.900000
v -0.233333 2.000000 0.900000
v -0.233333 1.999999 -0.900000
v -0.233333 1.970710 -0.970710
v 0.233334 1.970710 -0.970710
v 0.233334 2.000000 -0.900000
v 0.233334 1.900000 -1.000000
v -0.233333 1.874608 -1.000000
v 0.233334 1.874608 -1.000000
v 0.333333 1.900000 -1.000000
v -0.333333 1.874608 -1.000000
v 0.333333 1.874608 -1.000000
v 0.433334 1.900000 -1.000000
v -0.433333 1.874608 -1.000000
v -0.333333 0.100000 -1.000000
v -0.233333 0.100000 -1.000000
v 0.233333 0.100000 -1.000000
v -0.433333 0.100000 -1.000000
v 0.433334 1.874608 -1.000000
v 0.333333 0.100000 -1.000000
v 0.233333 0.029289 -0.970711
v 0.900000 1.900000 -1.000000
v 0.433334 1.970710 -0.970710
v 0.900000 1.970710 -0.970710
v 0.433334 2.000000 -0.900000
v -0.900000 0.100000 -1.000000
v -0.433333 0.029289 -0.970711
v -0.333333 0.029289 -0.970711
v -0.233333 0.029289 -0.970711
v -0.900000 1.874608 -1.000000
v -0.433333 -0.000000 -0.900000
v -0.333333 -0.000000 -0.900000
v -0.900000 0.029289 -0.970711
v -0.957735 0.042265 -0.957735
v -0.970711 0.100000 -0.970711
v -0.233333 -0.000000 -0.900000
v 0.233333 -0.000000 -0.900000
v 0.233333 0.000000 0.900000
v 0.333333 0.029289 -0.970711
v 0.233333 0.029289 0.970711
v 0.333333 -0.000000 -0.900000
v 0.433333 0.100000 -1.000000
v 0.233333 0.100000 1.000000
v 0.333333 0.000000 0.900000
v 0.433333 0.029289 -0.970711
v 0.900000 1.874608 -1.000000
v 0.333333 0.029289 0.970711
v 0.433333 -0.000000 -0.900000
v 0.433333 0.000000 0.900000
v 0.900000 0.029289 -0.970711
v 0.900000 -0.000000 -0.900000
v 0.900000 0.100000 -1.000000
v 0.900000 0.000000 0.900000
v 0.957735 0.042265 -0.957735
v 0.970711 0.029289 -0.900000
v 0.970711 0.100000 -0.970711
v 0.970711 1.874608 -0.970710
v 0.970711 0.029289 0.900000
v 1.000000 0.100000 -0.900000
v 0.957735 0.042265 0.957735
v 0.900000 0.029289 0.970711
v 1.000000 0.100000 0.900000
v 0.970711 0.100000 0.970711
v 1.000000 1.874608 -0.900000
v 0.970711 1.899999 -0.970710
v 1.000000 1.900000 -0.900000
v 0.957735 1.957735 -0.957735
v 0.900000 2.000000 -0.900000
v 0.970711 1.970710 -0.900000
v 1.000000 1.874608 0.900000
v 1.000000 1.900000 0.900000
v 0.970711 1.874608 0.970711
v 0.970711 1.970711 0.900000
v 0.970711 1.900000 0.970711
v 0.957735 1.957735 0.957735
v 0.900000 2.000000 0.900000
v 0.900000 1.970711 0.970711
v 0.900000 1.900000 1.000000
v 0.900000 1.874608 1.000000
v 0.433334 2.000000 0.900000
v 0.433333 1.970711 0.970711
v 0.433334 1.900000 1.000000
v 0.375599 1.957735 0.957735
v 0.362623 1.970711 0.900000
v 0.333334 1.900000 0.900000
v 0.362623 1.900000 0.970711
v 0.362623 1.970710 -0.900000
v 0.333334 1.900000 -0.900000
v 0.375599 1.957735 -0.957735
v 0.304044 1.970711 0.900000
v 0.362623 1.899999 -0.970710
v 0.304044 1.970710 -0.900000
v 0.333333 1.900000 1.000000
v 0.304044 1.900000 0.970711
v 0.233334 1.900000 1.000000
v 0.291069 1.957735 0.957735
v 0.233334 1.970711 0.970711
v 0.233334 2.000000 0.900000
v 0.291069 1.957735 -0.957735
v 0.304044 1.899999 -0.970710
v -0.233333 1.970711 0.970711
v -0.233333 1.900000 1.000000
v -0.291068 1.957735 0.957735
v -0.304044 1.900000 0.970711
v -0.362622 1.900000 0.970711
v 0.433333 0.029289 0.970711
v 0.900000 0.100000 1.000000
v 0.333333 0.100000 1.000000
v 0.433333 0.100000 1.000000
v 0.233334 1.874608 1.000000
v 0.433334 1.874608 1.000000
v 0.333333 1.874608 1.000000
v -0.233333 1.874608 1.000000
vn -0.1794 -0.9673 0.1794
vn -0.5774 -0.5774 0.5774
vn -0.6965 -0.6965 0.1726
vn -0.1725 -0.6965 0.6965
vn -0.1794 -0.1794 0.9673
vn -0.6965 -0.1726 0.6965
vn -0.0000 -0.7071 0.7071
vn -0.0000 -0.1951 0.9808
vn -0.0000 -0.9808 0.1951
vn -0.1794 -0.9673 -0.1794
vn -0.0000 -0.0000 1.0000
vn 0.0765 0.2406 0.9676
vn -0.1951 -0.0000 0.9808
vn -0.7071 -0.0000 0.7071
vn -0.1794 0.1794 0.9673
vn 0.1725 0.6965 0.6965
vn -0.6965 0.1725 0.6965
vn -0.9808 -0.0000 0.1951
vn -0.9673 0.1794 0.1794
vn -0.5774 0.5773 0.5774
vn -0.6965 0.6965 0.1726
vn -0.9673 0.1794 -0.1794
vn -0.6965 0.6965 -0.1726
vn -0.1725 0.6965 0.6965
vn -0.9673 -0.1794 0.1794
vn 0.1794 0.9673 0.1794
vn 0.5774 0.5773 0.5774
vn 0.6965 0.6965 0.1726
vn -0.1794 0.9673 0.1794
vn -0.6965 -0.6965 -0.1726
vn -0.9673 -0.1794 -0.1794
vn -0.9808 -0.0000 -0.1951
vn -0.6965 0.1725 -0.6965
vn -0.5773 0.5774 -0.5774
vn -0.1794 0.9673 -0.1794
vn -0.1725 0.6965 -0.6965
vn -0.7071 -0.0000 -0.7071
vn 0.1794 0.9673 -0.1794
vn -0.1794 0.1794 -0.9673
vn 0.1725 0.6965 -0.6965
vn 0.6965 0.6965 -0.1726
vn 0.5773 0.5773 -0.5774
vn 0.0765 0.2406 -0.9676
vn 0.3223 0.8900 -0.3224
vn -0.0000 0.9530 -0.3029
vn -0.0000 1.0000 -0.0000
vn -0.3223 0.8901 -0.3223
vn -0.0765 0.2406 -0.9676
vn -0.0000 0.9530 0.3029
vn -0.0000 -0.0000 -1.0000
vn -0.0000 -0.1951 -0.9808
vn -0.0000 -0.7071 -0.7071
vn 0.1794 0.1794 -0.9673
vn -0.1794 -0.1794 -0.9673
vn -0.1951 -0.0000 -0.9808
vn -0.0000 -0.9808 -0.1951
vn -0.1725 -0.6965 -0.6965
vn -0.5774 -0.5774 -0.5774
vn -0.6965 -0.1726 -0.6965
vn 0.1951 -0.0000 -0.9808
vn 0.1725 -0.6965 -0.6965
vn 0.1794 -0.9673 -0.1794
vn 0.1794 -0.1794 -0.9673
vn 0.1794 -0.9673 0.1794
vn 0.5774 -0.5774 -0.5774
vn 0.6965 -0.6965 -0.1726
vn 0.6965 -0.1726 -0.6965
vn 0.7071 -0.0000 -0.7071
vn 0.6965 -0.6965 0.1726
vn 0.9673 -0.1794 -0.1794
vn 0.5774 -0.5774 0.5774
vn 0.1725 -0.6965 0.6965
vn 0.9673 -0.1794 0.1794
vn 0.6965 -0.1726 0.6965
vn 0.9808 -0.0000 -0.1951
vn 0.6965 0.1725 -0.6965
vn 0.9673 0.1794 -0.1794
vn 0.5773 0.5774 -0.5774
vn 0.9808 -0.0000 0.1951
vn 0.9673 0.1794 0.1794
vn 0.7071 -0.0000 0.7071
vn 0.6965 0.1726 0.6965
vn 0.1794 0.1794 0.9673
vn 0.1951 -0.0000 0.9808
vn -0.0765 0.2406 0.9676
vn -0.5774 0.5773 0.5773
vn -0.3223 0.8901 0.3223
vn -0.5773 0.5773 -0.5774
vn -0.3224 0.8900 -0.3224
vn 0.3223 0.8901 0.3223
vn 0.5774 0.5773 0.5773
vn 0.5774 0.5773 -0.5774
vn 0.3224 0.8900 -0.3224
vn -0.5774 0.5774 0.5774
vn -0.3224 0.8900 0.3223
vn 0.3223 0.8900 0.3224
vn 0.1794 -0.1794 0.9673
vt 0.083029 0.053703
vt 0.083038 0.053793
vt 0.083035 0.053766
vt 0.083050 0.053918
vt 0.083435 0.057764
vt 0.083439 0.057808
vt 0.083451 0.057931
vt 0.083449 0.057909
vt 0.083456 0.057982
s 1
usemtl Color_Palette_01.007
f 1/1/1 3/2/2 2/3/3
f 1/1/1 4/3/4 3/2/2
f 5/4/5 3/2/2 4/3/4
f 5/4/5 6/4/6 3/2/2
f 1/1/1 7/3/7 4/3/4
f 4/3/4 8/4/8 5/4/5
f 4/3/4 7/3/7 8/4/8
f 1/1/1 9/1/9 7/3/7
f 10/1/10 9/1/9 1/1/1
f 11/3/7 8/4/8 7/3/7
f 12/1/9 7/3/7 9/1/9
f 12/1/9 11/3/7 7/3/7
f 13/5/11 5/4/5 8/4/8
f 11/3/7 14/4/8 8/4/8
f 13/5/11 8/4/8 14/4/8
f 15/3/7 14/4/8 11/3/7
f 13/5/11 14/4/8 16/5/11
f 15/3/7 17/4/8 14/4/8
f 18/6/12 13/5/11 16/5/11
f 18/6/12 16/5/11 19/6/11
f 13/5/11 20/5/13 5/4/5
f 18/6/12 20/5/13 13/5/11
f 21/1/9 11/3/7 12/1/9
f 21/1/9 15/3/7 11/3/7
f 5/4/5 20/5/13 22/5/14
f 5/4/5 22/5/14 6/4/6
f 18/6/12 23/6/15 20/5/13
f 24/7/16 23/6/15 18/6/12
f 20/5/13 25/6/17 22/5/14
f 20/5/13 23/6/15 25/6/17
f 6/4/6 22/5/14 26/5/18
f 22/5/14 25/6/17 27/6/19
f 22/5/14 27/6/19 26/5/18
f 27/6/19 25/6/17 28/8/20
f 23/6/15 28/8/20 25/6/17
f 27/6/19 28/8/20 29/7/21
f 29/7/21 30/6/22 27/6/19
f 29/7/21 31/7/23 30/6/22
f 26/5/18 27/6/19 30/6/22
f 24/7/16 32/7/24 23/6/15
f 23/6/15 32/7/24 28/8/20
f 6/4/6 26/5/18 33/4/25
f 33/4/25 3/2/2 6/4/6
f 33/4/25 2/3/3 3/2/2
f 34/9/26 32/7/24 24/7/16
f 34/9/26 24/7/16 35/8/27
f 34/9/26 35/8/27 36/7/28
f 37/9/29 28/8/20 32/7/24
f 34/9/26 37/9/29 32/7/24
f 37/9/29 29/7/21 28/8/20
f 38/3/30 2/3/3 33/4/25
f 38/3/30 33/4/25 39/4/31
f 33/4/25 40/5/32 39/4/31
f 33/4/25 26/5/18 40/5/32
f 26/5/18 30/6/22 40/5/32
f 41/6/33 40/5/32 30/6/22
f 30/6/22 42/8/34 41/6/33
f 30/6/22 31/7/23 42/8/34
f 37/9/29 31/7/23 29/7/21
f 43/9/35 42/8/34 31/7/23
f 37/9/29 43/9/35 31/7/23
f 43/9/35 44/7/36 42/8/34
f 41/6/33 45/5/37 40/5/32
f 45/5/37 39/4/31 40/5/32
f 46/9/38 43/9/35 37/9/29
f 46/9/38 37/9/29 34/9/26
f 47/6/39 45/5/37 41/6/33
f 47/6/39 41/6/33 42/8/34
f 47/6/39 42/8/34 44/7/36
f 43/9/35 48/7/40 44/7/36
f 43/9/35 46/9/38 48/7/40
f 34/9/26 49/7/41 46/9/38
f 34/9/26 36/7/28 49/7/41
f 46/9/38 50/8/42 48/7/40
f 46/9/38 49/7/41 50/8/42
f 51/6/43 48/7/40 50/8/42
f 51/6/43 50/8/42 52/6/44
f 36/7/28 53/6/45 49/7/41
f 54/6/46 51/6/43 52/6/44
f 53/6/45 54/6/46 52/6/44
f 53/6/45 55/6/47 54/6/46
f 55/6/47 56/6/48 54/6/46
f 36/7/28 57/6/49 53/6/45
f 58/7/21 53/6/45 57/6/49
f 53/6/45 59/8/34 55/6/47
f 53/6/45 60/7/23 59/8/34
f 58/7/21 60/7/23 53/6/45
f 61/9/29 60/7/23 58/7/21
f 56/6/48 55/6/47 59/8/34
f 61/9/29 62/9/35 60/7/23
f 62/9/35 59/8/34 60/7/23
f 56/6/48 59/8/34 63/7/36
f 62/9/35 63/7/36 59/8/34
f 62/9/35 64/7/40 63/7/36
f 62/9/35 65/9/38 64/7/40
f 65/9/38 62/9/35 61/9/29
f 63/7/36 64/7/40 66/6/43
f 63/7/36 66/6/43 56/6/48
f 67/5/50 56/6/48 66/6/43
f 67/5/50 66/6/43 68/5/50
f 69/6/50 68/5/50 66/6/43
f 56/6/48 67/5/50 70/5/50
f 56/6/48 70/5/50 54/6/50
f 69/6/50 71/5/50 68/5/50
f 72/6/48 71/5/50 69/6/50
f 54/6/50 70/5/50 73/5/50
f 54/6/50 73/5/50 51/6/43
f 67/5/50 74/4/51 70/5/50
f 75/4/51 67/5/50 68/5/50
f 67/5/50 75/4/51 74/4/51
f 71/5/50 76/4/51 68/5/50
f 75/4/51 68/5/50 76/4/51
f 70/5/50 77/4/51 73/5/50
f 70/5/50 74/4/51 77/4/51
f 72/6/48 78/5/50 71/5/50
f 71/5/50 79/4/51 76/4/51
f 78/5/50 79/4/51 71/5/50
f 80/3/52 75/4/51 76/4/51
f 80/3/52 76/4/51 79/4/51
f 78/5/50 72/6/48 81/6/53
f 82/7/36 81/6/53 72/6/48
f 82/7/36 83/7/40 81/6/53
f 84/9/35 83/7/40 82/7/36
f 85/4/54 73/5/50 77/4/51
f 86/3/52 77/4/51 74/4/51
f 86/3/52 85/4/54 77/4/51
f 87/3/52 74/4/51 75/4/51
f 86/3/52 74/4/51 87/3/52
f 80/3/52 88/3/52 75/4/51
f 87/3/52 75/4/51 88/3/52
f 85/4/54 89/5/55 73/5/50
f 89/5/55 51/6/43 73/5/50
f 90/1/56 86/3/52 87/3/52
f 91/1/56 87/3/52 88/3/52
f 90/1/56 87/3/52 91/1/56
f 86/3/52 92/3/57 85/4/54
f 90/1/56 92/3/57 86/3/52
f 85/4/54 92/3/57 93/2/58
f 85/4/54 93/2/58 94/4/59
f 89/5/55 85/4/54 94/4/59
f 90/1/56 10/1/10 92/3/57
f 91/1/56 9/1/9 90/1/56
f 10/1/10 90/1/56 9/1/9
f 91/1/56 12/1/9 9/1/9
f 95/1/56 12/1/9 91/1/56
f 91/1/56 88/3/52 95/1/56
f 95/1/56 21/1/9 12/1/9
f 96/1/56 95/1/56 88/3/52
f 96/1/56 88/3/52 80/3/52
f 95/1/56 97/1/9 21/1/9
f 95/1/56 96/1/56 97/1/9
f 96/1/56 80/3/52 98/3/52
f 80/3/52 79/4/51 98/3/52
f 21/1/9 97/1/9 99/3/7
f 21/1/9 99/3/7 15/3/7
f 100/1/56 97/1/9 96/1/56
f 96/1/56 98/3/52 100/1/56
f 98/3/52 79/4/51 101/4/51
f 78/5/50 101/4/51 79/4/51
f 15/3/7 99/3/7 102/4/8
f 15/3/7 102/4/8 17/4/8
f 103/1/9 99/3/7 97/1/9
f 100/1/56 103/1/9 97/1/9
f 100/1/56 98/3/52 104/3/52
f 98/3/52 101/4/51 104/3/52
f 101/4/51 78/5/50 105/5/60
f 78/5/50 81/6/53 105/5/60
f 106/3/7 102/4/8 99/3/7
f 103/1/9 106/3/7 99/3/7
f 107/1/56 103/1/9 100/1/56
f 100/1/56 104/3/52 107/1/56
f 108/1/9 106/3/7 103/1/9
f 107/1/56 108/1/9 103/1/9
f 109/3/61 104/3/52 101/4/51
f 110/1/62 107/1/56 104/3/52
f 110/1/62 104/3/52 109/3/61
f 109/3/61 101/4/51 111/4/63
f 101/4/51 105/5/60 111/4/63
f 107/1/56 112/1/64 108/1/9
f 107/1/56 110/1/62 112/1/64
f 110/1/62 109/3/61 113/2/65
f 111/4/63 113/2/65 109/3/61
f 110/1/62 113/2/65 114/3/66
f 112/1/64 110/1/62 114/3/66
f 111/4/63 115/4/67 113/2/65
f 116/5/68 111/4/63 105/5/60
f 116/5/68 115/4/67 111/4/63
f 112/1/64 114/3/66 117/3/69
f 117/3/69 114/3/66 118/4/70
f 112/1/64 117/3/69 119/2/71
f 112/1/64 119/2/71 120/3/72
f 121/4/73 119/2/71 117/3/69
f 117/3/69 118/4/70 121/4/73
f 121/4/73 122/4/74 119/2/71
f 123/5/75 118/4/70 115/4/67
f 123/5/75 121/4/73 118/4/70
f 123/5/75 115/4/67 116/5/68
f 124/6/76 116/5/68 105/5/60
f 124/6/76 105/5/60 81/6/53
f 125/6/77 123/5/75 116/5/68
f 125/6/77 116/5/68 124/6/76
f 81/6/53 126/8/78 124/6/76
f 81/6/53 83/7/40 126/8/78
f 127/9/38 126/8/78 83/7/40
f 127/9/38 128/7/41 126/8/78
f 84/9/35 127/9/38 83/7/40
f 123/5/75 129/5/79 121/4/73
f 125/6/77 129/5/79 123/5/75
f 128/7/41 130/6/80 125/6/77
f 125/6/77 130/6/80 129/5/79
f 131/5/81 121/4/73 129/5/79
f 131/5/81 122/4/74 121/4/73
f 127/9/38 132/7/28 128/7/41
f 128/7/41 132/7/28 130/6/80
f 133/6/82 129/5/79 130/6/80
f 133/6/82 131/5/81 129/5/79
f 130/6/80 132/7/28 134/8/27
f 130/6/80 134/8/27 133/6/82
f 135/9/26 134/8/27 132/7/28
f 127/9/38 135/9/26 132/7/28
f 135/9/26 136/7/16 134/8/27
f 137/6/83 131/5/81 133/6/82
f 137/6/83 133/6/82 134/8/27
f 137/6/83 134/8/27 136/7/16
f 138/5/84 122/4/74 131/5/81
f 137/6/83 138/5/84 131/5/81
f 127/9/38 139/9/29 135/9/26
f 127/9/38 84/9/35 139/9/29
f 135/9/26 140/7/24 136/7/16
f 135/9/26 139/9/29 140/7/24
f 136/7/16 140/7/24 141/6/85
f 136/7/16 141/6/85 137/6/83
f 139/9/29 142/8/86 140/7/24
f 139/9/29 143/7/21 142/8/86
f 144/6/49 142/8/86 143/7/21
f 144/6/49 145/6/87 142/8/86
f 139/9/29 84/9/35 146/7/23
f 139/9/29 146/7/23 143/7/21
f 143/7/21 146/7/23 147/6/45
f 143/7/21 147/6/45 144/6/49
f 147/6/45 146/7/23 148/8/88
f 149/7/28 144/6/49 147/6/45
f 147/6/45 148/8/88 150/6/89
f 149/7/28 147/6/45 151/7/41
f 145/6/87 144/6/49 152/6/46
f 144/6/49 153/6/90 152/6/46
f 141/6/85 145/6/87 152/6/46
f 153/6/90 154/6/12 152/6/46
f 154/6/12 153/6/90 155/8/91
f 154/6/12 155/8/91 156/7/16
f 157/9/26 149/7/28 151/7/41
f 157/9/26 155/8/91 149/7/28
f 157/9/26 156/7/16 155/8/91
f 157/9/26 151/7/41 65/9/38
f 65/9/38 151/7/41 158/8/92
f 65/9/38 158/8/92 64/7/40
f 66/6/43 64/7/40 158/8/92
f 66/6/43 158/8/92 159/6/93
f 65/9/38 61/9/29 157/9/26
f 66/6/43 159/6/93 69/6/46
f 159/6/93 147/6/45 69/6/46
f 147/6/45 150/6/89 69/6/46
f 150/6/89 72/6/48 69/6/46
f 72/6/48 150/6/89 148/8/88
f 72/6/48 148/8/88 82/7/36
f 84/9/35 82/7/36 148/8/88
f 84/9/35 148/8/88 146/7/23
f 157/9/26 61/9/29 160/7/24
f 157/9/26 160/7/24 156/7/16
f 156/7/16 160/7/24 161/6/85
f 161/6/85 160/7/24 162/8/94
f 156/7/16 161/6/85 154/6/12
f 161/6/85 162/8/94 163/6/95
f 61/9/29 162/8/94 160/7/24
f 61/9/29 58/7/21 162/8/94
f 57/6/49 162/8/94 58/7/21
f 57/6/49 163/6/95 162/8/94
f 163/6/95 57/6/49 19/6/46
f 161/6/85 163/6/95 19/6/46
f 57/6/49 164/6/96 19/6/46
f 164/6/96 18/6/12 19/6/46
f 18/6/12 164/6/96 35/8/27
f 18/6/12 35/8/27 24/7/16
f 57/6/49 35/8/27 164/6/96
f 57/6/49 36/7/28 35/8/27
f 10/1/10 93/2/58 92/3/57
f 10/1/10 38/3/30 93/2/58
f 39/4/31 93/2/58 38/3/30
f 39/4/31 94/4/59 93/2/58
f 45/5/37 94/4/59 39/4/31
f 89/5/55 94/4/59 45/5/37
f 47/6/39 89/5/55 45/5/37
f 89/5/55 47/6/39 51/6/43
f 44/7/36 51/6/43 47/6/39
f 44/7/36 48/7/40 51/6/43
f 10/1/10 2/3/3 38/3/30
f 10/1/10 1/1/1 2/3/3
f 118/4/70 114/3/66 113/2/65
f 118/4/70 113/2/65 115/4/67
f 125/6/77 126/8/78 128/7/41
f 125/6/77 124/6/76 126/8/78
f 108/1/9 112/1/64 120/3/72
f 108/1/9 120/3/72 165/3/7
f 108/1/9 165/3/7 106/3/7
f 165/3/7 120/3/72 166/4/97
f 166/4/97 120/3/72 119/2/71
f 166/4/97 119/2/71 122/4/74
f 138/5/84 166/4/97 122/4/74
f 165/3/7 167/4/8 106/3/7
f 106/3/7 167/4/8 102/4/8
f 165/3/7 166/4/97 168/4/8
f 138/5/84 168/4/8 166/4/97
f 165/3/7 168/4/8 167/4/8
f 169/5/11 102/4/8 167/4/8
f 169/5/11 17/4/8 102/4/8
f 138/5/84 170/5/11 168/4/8
f 137/6/83 170/5/11 138/5/84
f 137/6/83 141/6/85 170/5/11
f 152/6/11 170/5/11 141/6/85
f 171/5/11 167/4/8 168/4/8
f 171/5/11 168/4/8 170/5/11
f 152/6/11 171/5/11 170/5/11
f 169/5/11 167/4/8 171/5/11
f 154/6/12 171/5/11 152/6/11
f 154/6/12 169/5/11 171/5/11
f 154/6/12 172/5/11 169/5/11
f 169/5/11 172/5/11 17/4/8
f 154/6/12 161/6/85 172/5/11
f 19/6/11 172/5/11 161/6/85
f 19/6/11 16/5/11 172/5/11
f 16/5/11 17/4/8 172/5/11
f 16/5/11 14/4/8 17/4/8
f 53/6/45 50/8/42 49/7/41
f 53/6/45 52/6/44 50/8/42
f 141/6/85 140/7/24 142/8/86
f 141/6/85 142/8/86 145/6/87
f 147/6/45 158/8/92 151/7/41
f 147/6/45 159/6/93 158/8/92
f 144/6/49 155/8/91 153/6/90
f 144/6/49 149/7/28 155/8/91
o Farm_Crop_Carrot_Step_03
v -0.554110 2.623903 0.449657
v -0.549921 2.655101 0.450136
v -0.572305 2.636108 0.492999
v -0.516927 2.607426 0.442087
v -0.508832 2.636380 0.439099
v -0.480670 2.592305 0.461098
v -0.470281 2.620534 0.458255
v -0.470320 2.593014 0.501944
v -0.458954 2.621892 0.502114
v -0.481987 2.601157 0.539409
v -0.474354 2.632461 0.544323
v -0.523783 2.620703 0.553875
v -0.514571 2.652356 0.554687
v -0.560950 2.635809 0.536022
v -0.552202 2.667753 0.535950
v -0.540648 2.704551 0.535561
v -0.563828 2.667230 0.492471
v -0.554005 2.701515 0.489553
v -0.541487 2.686336 0.446140
v -0.539640 2.752099 0.478254
v -0.524910 2.759063 0.527626
v -0.528433 2.732544 0.433112
v -0.521105 2.807650 0.462686
v -0.502847 2.820212 0.515230
v -0.497227 2.865195 0.430270
v -0.512216 2.782689 0.416608
v -0.489554 2.834349 0.383937
v -0.469554 2.753082 0.403605
v -0.446922 2.800555 0.372511
v -0.421200 2.734364 0.423717
v -0.486163 2.707821 0.421044
v -0.499408 2.665371 0.434511
v -0.441778 2.690934 0.440674
v -0.426391 2.699889 0.488758
v -0.458051 2.649653 0.454463
v -0.445427 2.654051 0.499532
v -0.459553 2.667564 0.543468
v -0.500501 2.689192 0.554345
v -0.438743 2.718270 0.535040
v -0.414323 2.773275 0.521975
v -0.480853 2.742829 0.546976
v -0.455635 2.802156 0.533750
v -0.425281 2.863844 0.502536
v -0.383393 2.830157 0.491380
v -0.476623 2.883231 0.483639
v -0.393792 2.921473 0.465225
v -0.446101 2.943932 0.444586
v -0.352751 2.883166 0.458297
v -0.357122 2.955824 0.419427
v -0.319204 2.911321 0.418185
v -0.406062 2.982030 0.394877
v -0.318163 2.978752 0.360124
v -0.291281 2.935870 0.373807
v -0.313464 2.960377 0.301502
v -0.364848 3.004343 0.346456
v -0.371684 2.989403 0.296666
v -0.382714 2.948871 0.259133
v -0.431949 2.958907 0.344104
v -0.469265 2.922252 0.391654
v -0.430856 2.916911 0.301588
v -0.464973 2.885903 0.347082
v -0.392394 2.870717 0.300276
v -0.422685 2.844628 0.338743
v -0.342806 2.844603 0.325293
v -0.339594 2.914889 0.259526
v -0.309036 2.879968 0.286952
v -0.286942 2.910226 0.329806
v -0.317830 2.868175 0.376426
v -0.347084 2.843779 0.412866
v -0.375526 2.798919 0.444662
v -0.370774 2.820628 0.360594
v -0.396146 2.779887 0.392491
v -0.403767 2.748366 0.474441
v -0.522770 2.597838 0.473083
v -0.527897 2.659248 0.477768
v -0.542758 2.587998 0.515346
v -0.474247 2.607204 0.466643
v -0.477902 2.669159 0.472754
v -0.434409 2.608966 0.490416
v -0.435762 2.670889 0.498565
v -0.427379 2.601659 0.537627
v -0.429534 2.662968 0.547619
v -0.449860 2.589527 0.581035
v -0.451449 2.650162 0.592226
v -0.497354 2.581673 0.585067
v -0.501389 2.641283 0.597111
v -0.536848 2.579920 0.559346
v -0.542910 2.639007 0.571713
v -0.551536 2.683399 0.585572
v -0.550006 2.648031 0.523673
v -0.559074 2.693894 0.534344
v -0.536249 2.707459 0.485501
v -0.575981 2.755339 0.552012
v -0.568425 2.744754 0.609144
v -0.551461 2.770871 0.499087
v -0.598953 2.820439 0.565505
v -0.592927 2.812691 0.629498
v -0.636704 2.896423 0.566636
v -0.571640 2.837185 0.509397
v -0.609016 2.919248 0.510090
v -0.511245 2.855884 0.506136
v -0.547443 2.943202 0.509206
v -0.456805 2.865396 0.538326
v -0.494902 2.785315 0.494633
v -0.483950 2.719152 0.480831
v -0.444516 2.789025 0.523759
v -0.438701 2.779705 0.581656
v -0.438685 2.721080 0.507771
v -0.432399 2.711830 0.560436
v -0.455038 2.697232 0.607203
v -0.507186 2.686598 0.611912
v -0.463515 2.763925 0.632690
v -0.479739 2.841107 0.655795
v -0.519836 2.750725 0.636898
v -0.540568 2.823828 0.659427
v -0.577949 2.903135 0.667288
v -0.515858 2.926395 0.666204
v -0.632261 2.886846 0.633406
v -0.617775 2.992185 0.660831
v -0.556858 3.001290 0.666825
v -0.620340 3.042124 0.604598
v -0.666245 2.962568 0.633004
v -0.672763 2.993675 0.579551
v -0.648987 3.007309 0.521096
v -0.597475 3.044072 0.531941
v -0.537857 3.045017 0.554784
v -0.546175 3.038124 0.618532
v -0.492048 2.958948 0.543851
v -0.487941 2.948518 0.609880
v -0.452631 2.857755 0.600582
v -0.473786 2.594120 0.533343
v -0.470624 2.627275 0.531647
v -0.469473 2.587158 0.494760
v -0.508912 2.602758 0.556705
v -0.506492 2.636219 0.553693
v -0.552186 2.606854 0.551139
v -0.551098 2.640481 0.547473
v -0.573995 2.603046 0.512535
v -0.572657 2.636304 0.507923
v -0.567839 2.594356 0.470753
v -0.567671 2.627240 0.466035
v -0.533245 2.586483 0.450338
v -0.531413 2.618519 0.443615
v -0.489559 2.581868 0.457604
v -0.486440 2.613543 0.450192
v -0.480750 2.656521 0.439286
v -0.465037 2.619409 0.489778
v -0.458490 2.663156 0.481153
v -0.464015 2.672247 0.525799
v -0.439186 2.765653 0.456821
v -0.463933 2.759378 0.408598
v -0.444332 2.776307 0.508620
v -0.423377 2.889318 0.433150
v -0.424850 2.879655 0.488710
v -0.445210 2.864070 0.386722
v -0.476337 2.936301 0.437153
v -0.494408 2.892304 0.383416
v -0.540742 2.912378 0.454338
v -0.469112 2.910764 0.503467
v -0.524688 2.899944 0.507666
v -0.487705 2.788774 0.533770
v -0.501755 2.682590 0.548615
v -0.540385 2.795286 0.527267
v -0.548714 2.687488 0.542232
v -0.564803 2.789737 0.478498
v -0.570941 2.682594 0.499863
v -0.559694 2.778334 0.426659
v -0.515886 2.766749 0.401973
v -0.565925 2.672226 0.455568
v -0.545649 2.883705 0.405480
v -0.527634 2.662227 0.432595
v -0.468094 2.579903 0.488919
v -0.471783 2.632714 0.482585
v -0.514070 2.570599 0.475854
v -0.451701 2.590026 0.536981
v -0.456547 2.643673 0.533284
v -0.463365 2.593528 0.586085
v -0.469146 2.647420 0.586123
v -0.510237 2.587488 0.605521
v -0.517859 2.640643 0.605716
v -0.558536 2.577226 0.590279
v -0.567414 2.629354 0.591682
v -0.572928 2.569489 0.543157
v -0.583997 2.620395 0.540071
v -0.559575 2.564266 0.493997
v -0.570519 2.614564 0.487061
v -0.585512 2.667404 0.477216
v -0.521539 2.621853 0.467609
v -0.532960 2.676753 0.456306
v -0.479551 2.690549 0.471826
v -0.557182 2.753171 0.435843
v -0.615739 2.742547 0.457952
v -0.497822 2.769491 0.451838
v -0.585838 2.836658 0.410569
v -0.651100 2.826053 0.433337
v -0.615823 2.939158 0.365395
v -0.520526 2.855837 0.427048
v -0.548364 2.966134 0.380801
v -0.502478 2.875532 0.492976
v -0.531985 2.992222 0.449164
v -0.519740 2.886272 0.562079
v -0.480736 2.785316 0.513763
v -0.464002 2.703722 0.527405
v -0.495853 2.792146 0.578719
v -0.554973 2.783253 0.600015
v -0.477306 2.708421 0.585398
v -0.529661 2.700197 0.605923
v -0.582005 2.685963 0.591732
v -0.599475 2.674197 0.535367
v -0.613130 2.766139 0.584580
v -0.648683 2.857520 0.567705
v -0.630521 2.750755 0.522271
v -0.666957 2.837566 0.501269
v -0.705331 2.939429 0.458863
v -0.688944 2.965690 0.527386
v -0.685424 2.924199 0.388082
v -0.728212 3.054018 0.411624
v -0.717755 3.063201 0.481296
v -0.668222 3.113773 0.394599
v -0.710040 3.021479 0.350575
v -0.652978 3.059273 0.330438
v -0.583625 3.073400 0.341665
v -0.583927 3.114594 0.400910
v -0.591470 3.115149 0.472763
v -0.662462 3.107649 0.480237
v -0.552717 3.007746 0.520168
v -0.621981 2.993128 0.542485
v -0.584946 2.877200 0.583316
v -0.502764 2.575091 0.446935
v -0.495317 2.614980 0.449419
v -0.549964 2.591654 0.450668
v -0.478630 2.559730 0.479973
v -0.466643 2.596923 0.485653
v -0.476793 2.548471 0.522185
v -0.464713 2.584674 0.531326
v -0.507482 2.553682 0.554185
v -0.497545 2.590673 0.564397
v -0.549133 2.566931 0.561451
v -0.543347 2.606220 0.570598
v -0.579661 2.586148 0.526782
v -0.570960 2.625834 0.535331
v -0.581911 2.596984 0.482400
v -0.573442 2.637492 0.489694
v -0.559130 2.694098 0.501259
v -0.540983 2.631835 0.456478
v -0.524475 2.687051 0.465166
v -0.476807 2.667316 0.456225
v -0.474477 2.809550 0.484131
v -0.515199 2.819037 0.525103
v -0.421254 2.786266 0.472811
v -0.415521 2.935546 0.503442
v -0.357372 2.909045 0.489723
v -0.462196 2.947047 0.547474
v -0.371048 3.002113 0.522930
v -0.418116 3.013847 0.568426
v -0.312847 2.973122 0.507308
v -0.321284 3.056222 0.562156
v -0.275065 3.025977 0.537306
v -0.370930 3.058661 0.591150
v -0.293211 3.037763 0.623181
v -0.357053 3.039015 0.644867
v -0.287652 2.985436 0.668267
v -0.247233 3.000942 0.583638
v -0.246009 2.965143 0.630170
v -0.279704 2.935097 0.552259
v -0.321500 2.877703 0.536292
v -0.275579 2.911445 0.614474
v -0.315637 2.858565 0.598391
v -0.323092 2.923231 0.659929
v -0.361271 2.871368 0.643160
v -0.381116 2.953569 0.675140
v -0.413895 2.989815 0.630336
v -0.420608 2.898556 0.656289
v -0.341252 2.997918 0.683736
v -0.455668 2.928645 0.610078
v -0.477402 2.778709 0.625795
v -0.510029 2.804363 0.582474
v -0.527624 2.659079 0.587286
v -0.424334 2.756311 0.614778
v -0.479931 2.640486 0.579387
v -0.384787 2.745570 0.574479
v -0.445348 2.632747 0.544374
v -0.388615 2.760975 0.517274
v -0.447194 2.646186 0.495416
v -0.556022 2.681299 0.550099
v -0.456079 2.589261 0.489068
v -0.461392 2.626893 0.479426
v -0.497333 2.577407 0.473746
v -0.444478 2.601959 0.531065
v -0.450685 2.641719 0.522612
v -0.459078 2.607928 0.574841
v -0.466079 2.648892 0.568236
v -0.503004 2.602351 0.589948
v -0.511163 2.642582 0.583640
v -0.544072 2.590009 0.574385
v -0.553115 2.628279 0.568844
v -0.555841 2.578744 0.531935
v -0.565277 2.614368 0.523989
v -0.540739 2.571416 0.488818
v -0.549539 2.605507 0.479323
v -0.563544 2.644076 0.462336
v -0.504508 2.612380 0.463609
v -0.517786 2.652708 0.445444
v -0.472278 2.674029 0.459764
v -0.568292 2.739860 0.375579
v -0.619221 2.730172 0.393178
v -0.515631 2.765970 0.387971
v -0.635564 2.858205 0.302287
v -0.574199 2.856880 0.319872
v -0.687206 2.828479 0.322881
v -0.654701 2.908724 0.356179
v -0.707489 2.859411 0.374988
v -0.640156 2.895957 0.435179
v -0.577364 2.894076 0.372420
v -0.580909 2.890908 0.432773
v -0.506675 2.792377 0.440414
v -0.463309 2.694408 0.505127
v -0.525981 2.804783 0.494013
v -0.480340 2.704370 0.552919
v -0.578962 2.795714 0.512466
v -0.526880 2.697004 0.569080
v -0.630066 2.769778 0.500127
v -0.639053 2.742484 0.444959
v -0.570376 2.677593 0.556140
v -0.691437 2.859441 0.437327
v -0.581223 2.655900 0.508095
v -0.499999 2.618541 0.500000
v -0.499999 2.465556 0.256871
v -0.499999 2.611506 0.329392
v -0.499999 2.583590 0.286037
v -0.499999 2.533232 0.265240
v -0.378435 2.465556 0.289444
v -0.414695 2.611506 0.352249
v -0.393018 2.583590 0.314703
v -0.382619 2.533232 0.296692
v -0.289444 2.465556 0.378435
v -0.352248 2.611506 0.414696
v -0.314702 2.583590 0.393018
v -0.296691 2.533232 0.382620
v -0.256870 2.465556 0.500000
v -0.329391 2.611506 0.500000
v -0.286036 2.583591 0.500000
v -0.265240 2.533232 0.500000
v -0.289444 2.465556 0.621564
v -0.352248 2.611506 0.585304
v -0.314702 2.583591 0.606981
v -0.296691 2.533232 0.617379
v -0.378435 2.465556 0.710555
v -0.414695 2.611506 0.647751
v -0.393018 2.583591 0.685297
v -0.382619 2.533232 0.703307
v -0.499999 2.465556 0.743128
v -0.499999 2.611506 0.670608
v -0.499999 2.583591 0.713962
v -0.499999 2.533232 0.734759
v -0.621563 2.465556 0.710555
v -0.585303 2.611506 0.647751
v -0.606980 2.583591 0.685297
v -0.617379 2.533232 0.703307
v -0.710554 2.465556 0.621564
v -0.647750 2.611506 0.585304
v -0.685296 2.583591 0.606981
v -0.703307 2.533232 0.617379
v -0.743128 2.465556 0.500000
v -0.670607 2.611506 0.500000
v -0.713962 2.583591 0.500000
v -0.734758 2.533232 0.500000
v -0.710554 2.465556 0.378435
v -0.647750 2.611506 0.414696
v -0.685296 2.583590 0.393018
v -0.703307 2.533232 0.382620
v -0.621563 2.465556 0.289444
v -0.585303 2.611506 0.352249
v -0.606980 2.583590 0.314703
v -0.617379 2.533232 0.296692
v -0.499999 1.742398 0.467367
v -0.499999 1.883115 0.342079
v -0.499999 1.787170 0.392626
v -0.499999 1.823337 0.366804
v -0.421038 1.883115 0.363236
v -0.483682 1.742398 0.471739
v -0.433401 1.823337 0.384649
v -0.446312 1.787170 0.407012
v -0.363235 1.883115 0.421039
v -0.471738 1.742398 0.483683
v -0.384648 1.823337 0.433402
v -0.407011 1.787170 0.446313
v -0.342078 1.883115 0.500000
v -0.467366 1.742398 0.500000
v -0.366804 1.823337 0.500000
v -0.392626 1.787170 0.500000
v -0.363235 1.883115 0.578960
v -0.471738 1.742398 0.516316
v -0.384648 1.823337 0.566597
v -0.407011 1.787170 0.553686
v -0.421038 1.883115 0.636764
v -0.483682 1.742398 0.528261
v -0.433401 1.823337 0.615350
v -0.446312 1.787170 0.592988
v -0.499999 1.883116 0.657921
v -0.499999 1.742398 0.532633
v -0.499999 1.823337 0.633195
v -0.499999 1.787170 0.607373
v -0.578960 1.883115 0.636764
v -0.516316 1.742398 0.528261
v -0.566597 1.823337 0.615350
v -0.553686 1.787170 0.592988
v -0.636763 1.883115 0.578960
v -0.528260 1.742398 0.516316
v -0.615350 1.823337 0.566597
v -0.592987 1.787170 0.553686
v -0.657920 1.883115 0.500000
v -0.532632 1.742398 0.500000
v -0.633194 1.823337 0.500000
v -0.607372 1.787170 0.500000
v -0.636763 1.883115 0.421039
v -0.528260 1.742398 0.483683
v -0.615350 1.823337 0.433402
v -0.592987 1.787170 0.446313
v -0.578960 1.883115 0.363236
v -0.516316 1.742398 0.471739
v -0.566597 1.823337 0.384649
v -0.553686 1.787170 0.407012
v -0.614452 2.281856 0.301761
v -0.499999 2.281856 0.271093
v -0.385546 2.281856 0.301761
v -0.301760 2.281856 0.385547
v -0.271093 2.281856 0.500000
v -0.301760 2.281856 0.614453
v -0.385546 2.281856 0.698238
v -0.499999 2.281856 0.728906
v -0.614452 2.281856 0.698238
v -0.698238 2.281856 0.614453
v -0.728905 2.281856 0.500000
v -0.698238 2.281856 0.385547
v -0.499999 1.760988 0.423507
v -0.461753 1.760988 0.433756
v -0.433755 1.760988 0.461754
v -0.423507 1.760988 0.500000
v -0.433755 1.760988 0.538246
v -0.461753 1.760988 0.566244
v -0.499999 1.760988 0.576492
v -0.538245 1.760988 0.566244
v -0.566243 1.760988 0.538246
v -0.576491 1.760988 0.500000
v -0.566243 1.760988 0.461754
v -0.538245 1.760988 0.433756
v -0.499999 2.121030 0.293600
v -0.396799 2.121030 0.321252
v -0.321251 2.121030 0.396800
v -0.293599 2.121030 0.500000
v -0.321251 2.121030 0.603200
v -0.396799 2.121030 0.678748
v -0.499999 2.121030 0.706400
v -0.603199 2.121030 0.678748
v -0.678747 2.121030 0.603200
v -0.706399 2.121030 0.500000
v -0.678747 2.121030 0.396800
v -0.603199 2.121030 0.321252
v -0.499999 2.000000 0.313091
v -0.406545 2.000000 0.338132
v -0.338131 2.000000 0.406545
v -0.313090 2.000000 0.500000
v -0.338131 2.000000 0.593454
v -0.406545 2.000000 0.661868
v -0.499999 2.000000 0.686909
v -0.593453 2.000000 0.661868
v -0.661867 2.000000 0.593454
v -0.686908 2.000000 0.500000
v -0.661867 2.000000 0.406545
v -0.593453 2.000000 0.338132
v 0.445890 2.623903 0.449657
v 0.450079 2.655101 0.450135
v 0.427695 2.636108 0.492998
v 0.483074 2.607426 0.442087
v 0.491168 2.636380 0.439098
v 0.519330 2.592305 0.461097
v 0.529719 2.620534 0.458254
v 0.529680 2.593014 0.501943
v 0.541046 2.621892 0.502114
v 0.518013 2.601157 0.539409
v 0.525646 2.632461 0.544322
v 0.476217 2.620703 0.553874
v 0.485429 2.652356 0.554686
v 0.439050 2.635809 0.536021
v 0.447798 2.667753 0.535950
v 0.459352 2.704551 0.535560
v 0.436172 2.667230 0.492470
v 0.445995 2.701515 0.489553
v 0.458513 2.686336 0.446139
v 0.460360 2.752099 0.478253
v 0.475090 2.759063 0.527625
v 0.471567 2.732544 0.433112
v 0.478895 2.807650 0.462686
v 0.497153 2.820212 0.515229
v 0.502773 2.865194 0.430269
v 0.487784 2.782689 0.416607
v 0.510446 2.834349 0.383937
v 0.530446 2.753082 0.403604
v 0.553078 2.800555 0.372511
v 0.578800 2.734364 0.423717
v 0.513837 2.707821 0.421044
v 0.500592 2.665371 0.434510
v 0.558222 2.690934 0.440673
v 0.573609 2.699889 0.488757
v 0.541949 2.649653 0.454462
v 0.554573 2.654051 0.499531
v 0.540447 2.667564 0.543468
v 0.499499 2.689192 0.554344
v 0.561257 2.718270 0.535039
v 0.585677 2.773275 0.521974
v 0.519147 2.742829 0.546975
v 0.544365 2.802156 0.533749
v 0.574719 2.863843 0.502535
v 0.616607 2.830157 0.491379
v 0.523377 2.883231 0.483639
v 0.606208 2.921473 0.465225
v 0.553899 2.943932 0.444585
v 0.647250 2.883166 0.458296
v 0.642878 2.955824 0.419427
v 0.680796 2.911321 0.418184
v 0.593938 2.982030 0.394876
v 0.681837 2.978752 0.360123
v 0.708719 2.935870 0.373806
v 0.686536 2.960377 0.301501
v 0.635152 3.004343 0.346456
v 0.628316 2.989403 0.296666
v 0.617286 2.948871 0.259133
v 0.568051 2.958907 0.344103
v 0.530735 2.922252 0.391653
v 0.569144 2.916911 0.301587
v 0.535027 2.885903 0.347081
v 0.607606 2.870717 0.300276
v 0.577315 2.844628 0.338742
v 0.657194 2.844603 0.325293
v 0.660406 2.914889 0.259526
v 0.690964 2.879968 0.286951
v 0.713058 2.910226 0.329805
v 0.682170 2.868175 0.376426
v 0.652916 2.843779 0.412865
v 0.624474 2.798919 0.444661
v 0.629226 2.820628 0.360593
v 0.603854 2.779887 0.392490
v 0.596233 2.748366 0.474440
v 0.477230 2.597838 0.473083
v 0.472103 2.659248 0.477768
v 0.457242 2.587998 0.515345
v 0.525753 2.607204 0.466643
v 0.522098 2.669159 0.472753
v 0.565591 2.608966 0.490415
v 0.564238 2.670889 0.498565
v 0.572621 2.601659 0.537626
v 0.570466 2.662968 0.547619
v 0.550140 2.589527 0.581034
v 0.548551 2.650162 0.592225
v 0.502646 2.581673 0.585067
v 0.498611 2.641283 0.597110
v 0.463152 2.579920 0.559345
v 0.457090 2.639007 0.571713
v 0.448464 2.683399 0.585572
v 0.449994 2.648031 0.523672
v 0.440926 2.693894 0.534343
v 0.463751 2.707459 0.485500
v 0.424019 2.755339 0.552012
v 0.431575 2.744754 0.609143
v 0.448540 2.770871 0.499086
v 0.401048 2.820439 0.565504
v 0.407073 2.812691 0.629497
v 0.363297 2.896423 0.566635
v 0.428360 2.837185 0.509397
v 0.390984 2.919248 0.510089
v 0.488755 2.855884 0.506135
v 0.452557 2.943201 0.509206
v 0.543195 2.865395 0.538326
v 0.505098 2.785315 0.494632
v 0.516051 2.719152 0.480831
v 0.555484 2.789025 0.523758
v 0.561299 2.779705 0.581655
v 0.561315 2.721080 0.507770
v 0.567601 2.711830 0.560435
v 0.544962 2.697232 0.607202
v 0.492814 2.686598 0.611912
v 0.536485 2.763925 0.632689
v 0.520261 2.841107 0.655794
v 0.480164 2.750725 0.636897
v 0.459432 2.823828 0.659426
v 0.422051 2.903135 0.667287
v 0.484142 2.926394 0.666203
v 0.367739 2.886846 0.633405
v 0.382225 2.992185 0.660830
v 0.443142 3.001290 0.666824
v 0.379660 3.042124 0.604597
v 0.333755 2.962568 0.633003
v 0.327237 2.993674 0.579551
v 0.351013 3.007309 0.521095
v 0.402525 3.044071 0.531940
v 0.462144 3.045017 0.554783
v 0.453825 3.038124 0.618532
v 0.507952 2.958948 0.543850
v 0.512059 2.948518 0.609879
v 0.547369 2.857755 0.600582
v 0.526214 2.594120 0.533342
v 0.529376 2.627275 0.531646
v 0.530527 2.587158 0.494760
v 0.491088 2.602758 0.556704
v 0.493508 2.636219 0.553692
v 0.447814 2.606853 0.551138
v 0.448902 2.640481 0.547472
v 0.426006 2.603046 0.512534
v 0.427343 2.636304 0.507922
v 0.432161 2.594356 0.470752
v 0.432329 2.627240 0.466034
v 0.466755 2.586483 0.450338
v 0.468587 2.618519 0.443614
v 0.510441 2.581868 0.457604
v 0.513560 2.613543 0.450191
v 0.519250 2.656521 0.439285
v 0.534963 2.619409 0.489778
v 0.541510 2.663156 0.481152
v 0.535985 2.672247 0.525799
v 0.560814 2.765653 0.456820
v 0.536067 2.759378 0.408598
v 0.555668 2.776307 0.508619
v 0.576623 2.889318 0.433150
v 0.575150 2.879655 0.488710
v 0.554790 2.864070 0.386721
v 0.523663 2.936301 0.437152
v 0.505592 2.892304 0.383415
v 0.459258 2.912378 0.454337
v 0.530888 2.910764 0.503466
v 0.475312 2.899944 0.507665
v 0.512295 2.788774 0.533769
v 0.498245 2.682590 0.548614
v 0.459615 2.795285 0.527266
v 0.451286 2.687488 0.542231
v 0.435197 2.789737 0.478497
v 0.429059 2.682594 0.499862
v 0.440306 2.778334 0.426658
v 0.484114 2.766749 0.401973
v 0.434075 2.672226 0.455567
v 0.454351 2.883705 0.405479
v 0.472366 2.662227 0.432594
v 0.531906 2.579903 0.488919
v 0.528217 2.632714 0.482584
v 0.485930 2.570599 0.475854
v 0.548299 2.590026 0.536980
v 0.543453 2.643673 0.533283
v 0.536635 2.593528 0.586085
v 0.530854 2.647420 0.586122
v 0.489763 2.587488 0.605521
v 0.482141 2.640643 0.605715
v 0.441464 2.577226 0.590278
v 0.432587 2.629354 0.591681
v 0.427072 2.569489 0.543157
v 0.416003 2.620395 0.540070
v 0.440425 2.564266 0.493996
v 0.429481 2.614564 0.487060
v 0.414488 2.667404 0.477216
v 0.478461 2.621853 0.467608
v 0.467040 2.676753 0.456306
v 0.520449 2.690549 0.471825
v 0.442818 2.753171 0.435842
v 0.384261 2.742547 0.457951
v 0.502178 2.769491 0.451837
v 0.414162 2.836658 0.410568
v 0.348900 2.826052 0.433337
v 0.384177 2.939158 0.365395
v 0.479474 2.855837 0.427047
v 0.451636 2.966133 0.380800
v 0.497522 2.875532 0.492975
v 0.468015 2.992222 0.449163
v 0.480260 2.886272 0.562079
v 0.519264 2.785316 0.513763
v 0.535998 2.703722 0.527405
v 0.504147 2.792146 0.578719
v 0.445027 2.783253 0.600014
v 0.522694 2.708421 0.585397
v 0.470339 2.700197 0.605923
v 0.417995 2.685963 0.591731
v 0.400525 2.674197 0.535367
v 0.386870 2.766139 0.584579
v 0.351317 2.857520 0.567704
v 0.369479 2.750755 0.522270
v 0.333043 2.837566 0.501269
v 0.294669 2.939429 0.458862
v 0.311056 2.965690 0.527385
v 0.314576 2.924199 0.388081
v 0.271788 3.054018 0.411623
v 0.282245 3.063201 0.481295
v 0.331778 3.113773 0.394598
v 0.289960 3.021479 0.350574
v 0.347022 3.059273 0.330438
v 0.416375 3.073400 0.341664
v 0.416073 3.114594 0.400909
v 0.408530 3.115149 0.472762
v 0.337538 3.107649 0.480237
v 0.447283 3.007746 0.520167
v 0.378019 2.993128 0.542484
v 0.415054 2.877200 0.583315
v 0.497236 2.575091 0.446935
v 0.504683 2.614980 0.449418
v 0.450036 2.591654 0.450668
v 0.521370 2.559729 0.479972
v 0.533357 2.596923 0.485653
v 0.523207 2.548471 0.522185
v 0.535287 2.584674 0.531325
v 0.492518 2.553682 0.554184
v 0.502455 2.590673 0.564396
v 0.450867 2.566931 0.561450
v 0.456653 2.606220 0.570597
v 0.420339 2.586148 0.526781
v 0.429040 2.625834 0.535330
v 0.418089 2.596984 0.482399
v 0.426558 2.637492 0.489693
v 0.440870 2.694098 0.501259
v 0.459017 2.631835 0.456478
v 0.475525 2.687051 0.465165
v 0.523193 2.667316 0.456224
v 0.525523 2.809550 0.484130
v 0.484801 2.819037 0.525103
v 0.578746 2.786266 0.472810
v 0.584480 2.935546 0.503441
v 0.642628 2.909045 0.489722
v 0.537804 2.947047 0.547473
v 0.628952 3.002113 0.522929
v 0.581884 3.013846 0.568425
v 0.687153 2.973122 0.507308
v 0.678716 3.056222 0.562155
v 0.724935 3.025977 0.537305
v 0.629071 3.058661 0.591149
v 0.706789 3.037763 0.623181
v 0.642947 3.039015 0.644866
v 0.712348 2.985436 0.668266
v 0.752767 3.000942 0.583637
v 0.753991 2.965143 0.630170
v 0.720296 2.935097 0.552258
v 0.678500 2.877703 0.536291
v 0.724421 2.911445 0.614473
v 0.684363 2.858565 0.598391
v 0.676908 2.923231 0.659928
v 0.638729 2.871368 0.643160
v 0.618885 2.953569 0.675140
v 0.586105 2.989814 0.630335
v 0.579392 2.898556 0.656288
v 0.658748 2.997918 0.683735
v 0.544333 2.928645 0.610078
v 0.522598 2.778709 0.625795
v 0.489971 2.804363 0.582474
v 0.472376 2.659079 0.587285
v 0.575666 2.756311 0.614777
v 0.520069 2.640486 0.579387
v 0.615213 2.745570 0.574479
v 0.554652 2.632747 0.544373
v 0.611385 2.760974 0.517274
v 0.552806 2.646186 0.495416
v 0.443978 2.681299 0.550098
v 0.543921 2.589260 0.489067
v 0.538608 2.626893 0.479425
v 0.502667 2.577407 0.473745
v 0.555523 2.601959 0.531065
v 0.549315 2.641719 0.522611
v 0.540922 2.607928 0.574841
v 0.533921 2.648892 0.568235
v 0.496996 2.602351 0.589947
v 0.488837 2.642582 0.583639
v 0.455928 2.590009 0.574385
v 0.446885 2.628279 0.568844
v 0.444159 2.578744 0.531934
v 0.434723 2.614368 0.523988
v 0.459261 2.571416 0.488818
v 0.450461 2.605507 0.479322
v 0.436456 2.644076 0.462335
v 0.495492 2.612380 0.463608
v 0.482214 2.652708 0.445443
v 0.527722 2.674029 0.459763
v 0.431708 2.739860 0.375578
v 0.380779 2.730172 0.393177
v 0.484369 2.765970 0.387971
v 0.364436 2.858205 0.302286
v 0.425801 2.856879 0.319871
v 0.312794 2.828479 0.322881
v 0.345299 2.908724 0.356178
v 0.292511 2.859411 0.374987
v 0.359844 2.895957 0.435178
v 0.422636 2.894076 0.372419
v 0.419091 2.890907 0.432772
v 0.493325 2.792377 0.440413
v 0.536691 2.694408 0.505127
v 0.474019 2.804783 0.494012
v 0.519660 2.704370 0.552918
v 0.421038 2.795714 0.512465
v 0.473120 2.697004 0.569079
v 0.369934 2.769778 0.500127
v 0.360947 2.742484 0.444959
v 0.429624 2.677593 0.556140
v 0.308564 2.859441 0.437327
v 0.418777 2.655900 0.508094
v 0.500001 2.618541 0.499999
v 0.500001 2.465556 0.256871
v 0.500001 2.611506 0.329391
v 0.500001 2.583590 0.286036
v 0.500001 2.533232 0.265240
v 0.621565 2.465556 0.289444
v 0.585305 2.611506 0.352248
v 0.606982 2.583590 0.314702
v 0.617381 2.533232 0.296691
v 0.710557 2.465556 0.378435
v 0.647752 2.611506 0.414695
v 0.685298 2.583590 0.393018
v 0.703309 2.533232 0.382619
v 0.743130 2.465556 0.499999
v 0.670609 2.611506 0.499999
v 0.713964 2.583590 0.499999
v 0.734760 2.533232 0.499999
v 0.710557 2.465556 0.621563
v 0.647752 2.611506 0.585303
v 0.685298 2.583590 0.606980
v 0.703309 2.533232 0.617379
v 0.621565 2.465556 0.710554
v 0.585305 2.611506 0.647750
v 0.606982 2.583590 0.685296
v 0.617381 2.533232 0.703307
v 0.500001 2.465556 0.743128
v 0.500001 2.611506 0.670607
v 0.500001 2.583590 0.713962
v 0.500001 2.533232 0.734758
v 0.378437 2.465556 0.710554
v 0.414697 2.611506 0.647750
v 0.393020 2.583590 0.685296
v 0.382621 2.533232 0.703307
v 0.289446 2.465556 0.621563
v 0.352250 2.611506 0.585303
v 0.314704 2.583590 0.606980
v 0.296693 2.533232 0.617379
v 0.256873 2.465556 0.499999
v 0.329393 2.611506 0.499999
v 0.286038 2.583590 0.499999
v 0.265242 2.533232 0.499999
v 0.289446 2.465556 0.378435
v 0.352250 2.611506 0.414695
v 0.314704 2.583590 0.393018
v 0.296693 2.533232 0.382619
v 0.378437 2.465556 0.289444
v 0.414697 2.611506 0.352248
v 0.393020 2.583590 0.314702
v 0.382621 2.533232 0.296691
v 0.500001 1.742398 0.467366
v 0.500001 1.883115 0.342078
v 0.500001 1.787170 0.392626
v 0.500001 1.823337 0.366804
v 0.578962 1.883115 0.363235
v 0.516318 1.742398 0.471738
v 0.566599 1.823337 0.384649
v 0.553688 1.787170 0.407011
v 0.636765 1.883115 0.421038
v 0.528262 1.742398 0.483683
v 0.615352 1.823337 0.433401
v 0.592989 1.787170 0.446312
v 0.657922 1.883115 0.499999
v 0.532634 1.742398 0.499999
v 0.633196 1.823337 0.499999
v 0.607374 1.787170 0.499999
v 0.636765 1.883115 0.578960
v 0.528262 1.742398 0.516316
v 0.615352 1.823337 0.566597
v 0.592989 1.787170 0.553686
v 0.578962 1.883115 0.636763
v 0.516318 1.742398 0.528260
v 0.566599 1.823337 0.615350
v 0.553688 1.787170 0.592987
v 0.500001 1.883116 0.657920
v 0.500001 1.742398 0.532632
v 0.500001 1.823337 0.633195
v 0.500001 1.787170 0.607373
v 0.421040 1.883115 0.636763
v 0.483684 1.742398 0.528260
v 0.433403 1.823337 0.615350
v 0.446314 1.787170 0.592987
v 0.363237 1.883115 0.578960
v 0.471740 1.742398 0.516316
v 0.384650 1.823337 0.566597
v 0.407013 1.787170 0.553686
v 0.342080 1.883115 0.499999
v 0.467368 1.742398 0.499999
v 0.366806 1.823337 0.499999
v 0.392628 1.787170 0.499999
v 0.363237 1.883115 0.421038
v 0.471740 1.742398 0.483683
v 0.384650 1.823337 0.433401
v 0.407013 1.787170 0.446312
v 0.421040 1.883115 0.363235
v 0.483684 1.742398 0.471738
v 0.433403 1.823337 0.384648
v 0.446314 1.787170 0.407011
v 0.385548 2.281856 0.301760
v 0.500001 2.281856 0.271093
v 0.614454 2.281856 0.301760
v 0.698240 2.281856 0.385546
v 0.728907 2.281856 0.499999
v 0.698240 2.281856 0.614452
v 0.614454 2.281856 0.698238
v 0.500001 2.281856 0.728905
v 0.385548 2.281856 0.698238
v 0.301762 2.281856 0.614452
v 0.271095 2.281856 0.499999
v 0.301762 2.281856 0.385546
v 0.500001 1.760988 0.423507
v 0.538247 1.760988 0.433755
v 0.566245 1.760988 0.461753
v 0.576493 1.760988 0.499999
v 0.566245 1.760988 0.538245
v 0.538247 1.760988 0.566243
v 0.500001 1.760988 0.576491
v 0.461755 1.760988 0.566243
v 0.433757 1.760988 0.538245
v 0.423509 1.760988 0.499999
v 0.433757 1.760988 0.461753
v 0.461755 1.760988 0.433755
v 0.500001 2.121030 0.293599
v 0.603201 2.121030 0.321251
v 0.678749 2.121030 0.396799
v 0.706401 2.121030 0.499999
v 0.678749 2.121030 0.603199
v 0.603201 2.121030 0.678747
v 0.500001 2.121030 0.706399
v 0.396801 2.121030 0.678747
v 0.321253 2.121030 0.603199
v 0.293601 2.121030 0.499999
v 0.321253 2.121030 0.396799
v 0.396801 2.121030 0.321251
v 0.500001 2.000000 0.313090
v 0.593455 2.000000 0.338131
v 0.661869 2.000000 0.406545
v 0.686910 2.000000 0.499999
v 0.661869 2.000000 0.593454
v 0.593455 2.000000 0.661867
v 0.500001 2.000000 0.686908
v 0.406547 2.000000 0.661867
v 0.338133 2.000000 0.593454
v 0.313092 2.000000 0.499999
v 0.338133 2.000000 0.406545
v 0.406547 2.000000 0.338131
v 0.445890 2.623903 -0.550343
v 0.450079 2.655101 -0.549864
v 0.427695 2.636108 -0.507001
v 0.483074 2.607426 -0.557913
v 0.491168 2.636380 -0.560901
v 0.519330 2.592305 -0.538902
v 0.529719 2.620534 -0.541745
v 0.529680 2.593014 -0.498056
v 0.541046 2.621892 -0.497886
v 0.518013 2.601157 -0.460591
v 0.525646 2.632461 -0.455677
v 0.476217 2.620702 -0.446125
v 0.485429 2.652356 -0.445313
v 0.439050 2.635809 -0.463978
v 0.447798 2.667753 -0.464050
v 0.459352 2.704551 -0.464439
v 0.436172 2.667229 -0.507529
v 0.445995 2.701515 -0.510447
v 0.458513 2.686336 -0.553860
v 0.460360 2.752099 -0.521746
v 0.475090 2.759062 -0.472374
v 0.471567 2.732544 -0.566888
v 0.478895 2.807650 -0.537314
v 0.497153 2.820212 -0.484770
v 0.502773 2.865194 -0.569730
v 0.487784 2.782689 -0.583392
v 0.510446 2.834349 -0.616063
v 0.530446 2.753082 -0.596395
v 0.553078 2.800555 -0.627489
v 0.578800 2.734363 -0.576283
v 0.513837 2.707821 -0.578956
v 0.500592 2.665371 -0.565489
v 0.558222 2.690934 -0.559326
v 0.573609 2.699889 -0.511242
v 0.541949 2.649653 -0.545537
v 0.554573 2.654051 -0.500468
v 0.540447 2.667564 -0.456532
v 0.499499 2.689192 -0.445655
v 0.561257 2.718270 -0.464960
v 0.585677 2.773275 -0.478025
v 0.519147 2.742829 -0.453024
v 0.544365 2.802156 -0.466250
v 0.574719 2.863843 -0.497464
v 0.616607 2.830157 -0.508620
v 0.523377 2.883231 -0.516361
v 0.606208 2.921473 -0.534775
v 0.553899 2.943932 -0.555414
v 0.647250 2.883166 -0.541703
v 0.642878 2.955824 -0.580573
v 0.680796 2.911321 -0.581815
v 0.593938 2.982030 -0.605123
v 0.681837 2.978752 -0.639876
v 0.708719 2.935870 -0.626193
v 0.686536 2.960377 -0.698498
v 0.635152 3.004343 -0.653544
v 0.628316 2.989403 -0.703334
v 0.617286 2.948871 -0.740867
v 0.568051 2.958907 -0.655896
v 0.530735 2.922252 -0.608346
v 0.569144 2.916910 -0.698412
v 0.535027 2.885903 -0.652918
v 0.607606 2.870717 -0.699724
v 0.577315 2.844628 -0.661257
v 0.657194 2.844603 -0.674707
v 0.660406 2.914889 -0.740474
v 0.690964 2.879968 -0.713048
v 0.713058 2.910226 -0.670194
v 0.682170 2.868175 -0.623574
v 0.652916 2.843779 -0.587134
v 0.624474 2.798919 -0.555339
v 0.629226 2.820628 -0.639406
v 0.603854 2.779887 -0.607509
v 0.596233 2.748366 -0.525559
v 0.477230 2.597838 -0.526917
v 0.472103 2.659247 -0.522232
v 0.457242 2.587998 -0.484654
v 0.525753 2.607203 -0.533357
v 0.522098 2.669159 -0.527247
v 0.565591 2.608966 -0.509584
v 0.564238 2.670889 -0.501435
v 0.572621 2.601659 -0.462373
v 0.570466 2.662967 -0.452381
v 0.550140 2.589527 -0.418965
v 0.548551 2.650162 -0.407774
v 0.502646 2.581673 -0.414933
v 0.498611 2.641283 -0.402889
v 0.463152 2.579920 -0.440654
v 0.457090 2.639007 -0.428287
v 0.448464 2.683399 -0.414428
v 0.449994 2.648031 -0.476327
v 0.440926 2.693894 -0.465656
v 0.463751 2.707459 -0.514499
v 0.424019 2.755339 -0.447988
v 0.431575 2.744754 -0.390856
v 0.448540 2.770871 -0.500913
v 0.401048 2.820439 -0.434495
v 0.407073 2.812691 -0.370502
v 0.363297 2.896422 -0.433364
v 0.428360 2.837185 -0.490603
v 0.390984 2.919247 -0.489910
v 0.488755 2.855884 -0.493864
v 0.452557 2.943201 -0.490794
v 0.543195 2.865395 -0.461674
v 0.505098 2.785315 -0.505367
v 0.516051 2.719152 -0.519169
v 0.555484 2.789024 -0.476241
v 0.561299 2.779705 -0.418344
v 0.561315 2.721080 -0.492229
v 0.567601 2.711830 -0.439564
v 0.544962 2.697232 -0.392797
v 0.492814 2.686598 -0.388088
v 0.536485 2.763925 -0.367310
v 0.520261 2.841106 -0.344205
v 0.480164 2.750725 -0.363102
v 0.459432 2.823828 -0.340573
v 0.422051 2.903135 -0.332712
v 0.484142 2.926394 -0.333796
v 0.367739 2.886846 -0.366594
v 0.382225 2.992185 -0.339169
v 0.443142 3.001290 -0.333175
v 0.379660 3.042124 -0.395402
v 0.333755 2.962568 -0.366996
v 0.327237 2.993674 -0.420449
v 0.351013 3.007309 -0.478904
v 0.402525 3.044071 -0.468059
v 0.462144 3.045017 -0.445216
v 0.453825 3.038124 -0.381468
v 0.507952 2.958948 -0.456149
v 0.512059 2.948518 -0.390120
v 0.547369 2.857755 -0.399418
v 0.526214 2.594119 -0.466657
v 0.529376 2.627275 -0.468353
v 0.530527 2.587158 -0.505240
v 0.491088 2.602758 -0.443295
v 0.493508 2.636219 -0.446307
v 0.447814 2.606853 -0.448861
v 0.448902 2.640480 -0.452527
v 0.426006 2.603046 -0.487465
v 0.427343 2.636304 -0.492077
v 0.432161 2.594356 -0.529247
v 0.432329 2.627240 -0.533965
v 0.466755 2.586483 -0.549662
v 0.468587 2.618519 -0.556385
v 0.510441 2.581868 -0.542396
v 0.513560 2.613543 -0.549808
v 0.519250 2.656521 -0.560714
v 0.534963 2.619409 -0.510222
v 0.541510 2.663156 -0.518848
v 0.535985 2.672247 -0.474201
v 0.560814 2.765653 -0.543180
v 0.536067 2.759378 -0.591402
v 0.555668 2.776307 -0.491380
v 0.576623 2.889318 -0.566850
v 0.575150 2.879655 -0.511290
v 0.554790 2.864070 -0.613278
v 0.523663 2.936300 -0.562847
v 0.505592 2.892304 -0.616584
v 0.459258 2.912378 -0.545662
v 0.530888 2.910764 -0.496533
v 0.475312 2.899944 -0.492334
v 0.512295 2.788774 -0.466230
v 0.498245 2.682590 -0.451385
v 0.459615 2.795285 -0.472733
v 0.451286 2.687488 -0.457769
v 0.435197 2.789737 -0.521502
v 0.429059 2.682594 -0.500137
v 0.440306 2.778334 -0.573341
v 0.484114 2.766749 -0.598027
v 0.434075 2.672226 -0.544432
v 0.454351 2.883705 -0.594520
v 0.472366 2.662227 -0.567405
v 0.531906 2.579903 -0.511081
v 0.528217 2.632714 -0.517415
v 0.485930 2.570599 -0.524146
v 0.548299 2.590026 -0.463019
v 0.543453 2.643673 -0.466716
v 0.536635 2.593528 -0.413915
v 0.530854 2.647420 -0.413877
v 0.489763 2.587488 -0.394479
v 0.482141 2.640643 -0.394284
v 0.441464 2.577226 -0.409721
v 0.432587 2.629354 -0.408318
v 0.427072 2.569488 -0.456843
v 0.416003 2.620395 -0.459929
v 0.440425 2.564265 -0.506003
v 0.429481 2.614563 -0.512939
v 0.414488 2.667404 -0.522784
v 0.478461 2.621853 -0.532391
v 0.467040 2.676753 -0.543694
v 0.520449 2.690549 -0.528174
v 0.442818 2.753171 -0.564157
v 0.384261 2.742547 -0.542048
v 0.502178 2.769491 -0.548162
v 0.414162 2.836658 -0.589431
v 0.348900 2.826052 -0.566663
v 0.384177 2.939158 -0.634605
v 0.479474 2.855837 -0.572952
v 0.451636 2.966133 -0.619200
v 0.497522 2.875532 -0.507024
v 0.468015 2.992222 -0.550836
v 0.480260 2.886272 -0.437921
v 0.519264 2.785315 -0.486237
v 0.535998 2.703722 -0.472595
v 0.504147 2.792146 -0.421281
v 0.445027 2.783253 -0.399985
v 0.522694 2.708421 -0.414602
v 0.470339 2.700197 -0.394077
v 0.417995 2.685962 -0.408268
v 0.400525 2.674197 -0.464633
v 0.386870 2.766139 -0.415420
v 0.351317 2.857520 -0.432295
v 0.369479 2.750755 -0.477729
v 0.333043 2.837566 -0.498731
v 0.294669 2.939429 -0.541137
v 0.311056 2.965690 -0.472614
v 0.314576 2.924199 -0.611918
v 0.271788 3.054018 -0.588376
v 0.282245 3.063201 -0.518704
v 0.331778 3.113773 -0.605401
v 0.289960 3.021479 -0.649425
v 0.347022 3.059273 -0.669562
v 0.416375 3.073400 -0.658335
v 0.416073 3.114594 -0.599090
v 0.408530 3.115149 -0.527238
v 0.337538 3.107649 -0.519763
v 0.447283 3.007746 -0.479832
v 0.378019 2.993128 -0.457515
v 0.415054 2.877200 -0.416684
v 0.497236 2.575091 -0.553065
v 0.504683 2.614980 -0.550581
v 0.450036 2.591654 -0.549332
v 0.521370 2.559729 -0.520027
v 0.533357 2.596923 -0.514347
v 0.523207 2.548471 -0.477815
v 0.535287 2.584674 -0.468674
v 0.492518 2.553682 -0.445815
v 0.502455 2.590673 -0.435603
v 0.450867 2.566931 -0.438549
v 0.456653 2.606220 -0.429402
v 0.420339 2.586148 -0.473218
v 0.429040 2.625834 -0.464669
v 0.418089 2.596984 -0.517600
v 0.426558 2.637491 -0.510306
v 0.440870 2.694098 -0.498741
v 0.459017 2.631834 -0.543522
v 0.475525 2.687051 -0.534834
v 0.523193 2.667315 -0.543775
v 0.525523 2.809550 -0.515869
v 0.484801 2.819037 -0.474897
v 0.578746 2.786265 -0.527189
v 0.584480 2.935546 -0.496559
v 0.642628 2.909045 -0.510277
v 0.537804 2.947047 -0.452526
v 0.628952 3.002113 -0.477070
v 0.581884 3.013846 -0.431574
v 0.687153 2.973121 -0.492692
v 0.678716 3.056222 -0.437844
v 0.724935 3.025977 -0.462694
v 0.629071 3.058661 -0.408850
v 0.706789 3.037763 -0.376819
v 0.642947 3.039015 -0.355134
v 0.712348 2.985436 -0.331733
v 0.752767 3.000942 -0.416362
v 0.753991 2.965142 -0.369830
v 0.720296 2.935097 -0.447741
v 0.678500 2.877703 -0.463708
v 0.724421 2.911445 -0.385526
v 0.684363 2.858565 -0.401609
v 0.676908 2.923231 -0.340071
v 0.638729 2.871368 -0.356840
v 0.618885 2.953569 -0.324860
v 0.586105 2.989814 -0.369664
v 0.579392 2.898556 -0.343711
v 0.658748 2.997918 -0.316264
v 0.544333 2.928645 -0.389922
v 0.522598 2.778709 -0.374205
v 0.489971 2.804363 -0.417526
v 0.472376 2.659079 -0.412714
v 0.575666 2.756311 -0.385222
v 0.520069 2.640486 -0.420613
v 0.615213 2.745570 -0.425521
v 0.554652 2.632747 -0.455626
v 0.611385 2.760974 -0.482726
v 0.552806 2.646186 -0.504584
v 0.443978 2.681299 -0.449901
v 0.543921 2.589260 -0.510932
v 0.538608 2.626893 -0.520574
v 0.502667 2.577407 -0.526254
v 0.555523 2.601959 -0.468935
v 0.549315 2.641719 -0.477388
v 0.540922 2.607928 -0.425159
v 0.533921 2.648892 -0.431764
v 0.496996 2.602351 -0.410053
v 0.488837 2.642582 -0.416360
v 0.455928 2.590009 -0.425615
v 0.446885 2.628279 -0.431156
v 0.444159 2.578744 -0.468065
v 0.434723 2.614368 -0.476011
v 0.459261 2.571416 -0.511182
v 0.450461 2.605507 -0.520677
v 0.436456 2.644076 -0.537664
v 0.495492 2.612380 -0.536391
v 0.482214 2.652708 -0.554556
v 0.527722 2.674028 -0.540236
v 0.431708 2.739860 -0.624421
v 0.380779 2.730172 -0.606822
v 0.484369 2.765970 -0.612029
v 0.364436 2.858205 -0.697713
v 0.425801 2.856879 -0.680128
v 0.312794 2.828479 -0.677119
v 0.345299 2.908724 -0.643821
v 0.292511 2.859410 -0.625012
v 0.359844 2.895957 -0.564821
v 0.422636 2.894076 -0.627580
v 0.419091 2.890907 -0.567227
v 0.493325 2.792377 -0.559586
v 0.536691 2.694408 -0.494873
v 0.474019 2.804783 -0.505988
v 0.519660 2.704370 -0.447081
v 0.421038 2.795714 -0.487534
v 0.473120 2.697004 -0.430920
v 0.369934 2.769777 -0.499873
v 0.360947 2.742484 -0.555041
v 0.429624 2.677593 -0.443860
v 0.308564 2.859441 -0.562673
v 0.418777 2.655900 -0.491905
v 0.500001 2.618540 -0.500000
v 0.500001 2.465556 -0.743129
v 0.500001 2.611506 -0.670608
v 0.500001 2.583590 -0.713963
v 0.500001 2.533232 -0.734760
v 0.621565 2.465556 -0.710556
v 0.585305 2.611506 -0.647751
v 0.606982 2.583590 -0.685297
v 0.617381 2.533232 -0.703308
v 0.710557 2.465556 -0.621565
v 0.647752 2.611506 -0.585304
v 0.685298 2.583590 -0.606982
v 0.703309 2.533232 -0.617380
v 0.743130 2.465556 -0.500000
v 0.670609 2.611506 -0.500000
v 0.713964 2.583590 -0.500000
v 0.734760 2.533232 -0.500000
v 0.710557 2.465556 -0.378436
v 0.647752 2.611506 -0.414696
v 0.685298 2.583590 -0.393019
v 0.703309 2.533232 -0.382621
v 0.621565 2.465556 -0.289445
v 0.585305 2.611506 -0.352249
v 0.606982 2.583590 -0.314703
v 0.617381 2.533232 -0.296693
v 0.500001 2.465556 -0.256872
v 0.500001 2.611506 -0.329392
v 0.500001 2.583590 -0.286038
v 0.500001 2.533232 -0.265241
v 0.378437 2.465556 -0.289445
v 0.414697 2.611506 -0.352249
v 0.393020 2.583590 -0.314703
v 0.382621 2.533232 -0.296693
v 0.289446 2.465556 -0.378436
v 0.352250 2.611506 -0.414696
v 0.314704 2.583590 -0.393019
v 0.296693 2.533232 -0.382621
v 0.256873 2.465556 -0.500000
v 0.329393 2.611506 -0.500000
v 0.286038 2.583590 -0.500000
v 0.265242 2.533232 -0.500000
v 0.289446 2.465556 -0.621565
v 0.352250 2.611506 -0.585304
v 0.314704 2.583590 -0.606982
v 0.296693 2.533232 -0.617380
v 0.378437 2.465556 -0.710556
v 0.414697 2.611506 -0.647751
v 0.393020 2.583590 -0.685297
v 0.382621 2.533232 -0.703308
v 0.500001 1.742398 -0.532633
v 0.500001 1.883115 -0.657921
v 0.500001 1.787170 -0.607374
v 0.500001 1.823337 -0.633196
v 0.578962 1.883115 -0.636764
v 0.516318 1.742398 -0.528261
v 0.566599 1.823337 -0.615351
v 0.553688 1.787170 -0.592988
v 0.636765 1.883115 -0.578961
v 0.528262 1.742398 -0.516317
v 0.615352 1.823337 -0.566598
v 0.592989 1.787170 -0.553687
v 0.657922 1.883115 -0.500000
v 0.532634 1.742398 -0.500000
v 0.633196 1.823337 -0.500000
v 0.607374 1.787170 -0.500000
v 0.636765 1.883115 -0.421040
v 0.528262 1.742398 -0.483684
v 0.615352 1.823337 -0.433403
v 0.592989 1.787170 -0.446313
v 0.578962 1.883115 -0.363236
v 0.516318 1.742398 -0.471739
v 0.566599 1.823337 -0.384650
v 0.553688 1.787170 -0.407012
v 0.500001 1.883115 -0.342079
v 0.500001 1.742398 -0.467367
v 0.500001 1.823337 -0.366805
v 0.500001 1.787170 -0.392627
v 0.421040 1.883115 -0.363236
v 0.483684 1.742398 -0.471739
v 0.433403 1.823337 -0.384650
v 0.446314 1.787170 -0.407012
v 0.363237 1.883115 -0.421040
v 0.471740 1.742398 -0.483684
v 0.384650 1.823337 -0.433403
v 0.407013 1.787170 -0.446313
v 0.342080 1.883115 -0.500000
v 0.467368 1.742398 -0.500000
v 0.366806 1.823337 -0.500000
v 0.392628 1.787170 -0.500000
v 0.363237 1.883115 -0.578961
v 0.471740 1.742398 -0.516317
v 0.384650 1.823337 -0.566598
v 0.407013 1.787170 -0.553687
v 0.421040 1.883115 -0.636764
v 0.483684 1.742398 -0.528261
v 0.433403 1.823337 -0.615351
v 0.446314 1.787170 -0.592988
v 0.385548 2.281856 -0.698239
v 0.500001 2.281856 -0.728906
v 0.614454 2.281856 -0.698239
v 0.698240 2.281856 -0.614453
v 0.728907 2.281856 -0.500000
v 0.698240 2.281856 -0.385547
v 0.614454 2.281856 -0.301762
v 0.500001 2.281856 -0.271094
v 0.385548 2.281856 -0.301762
v 0.301762 2.281856 -0.385547
v 0.271095 2.281856 -0.500000
v 0.301762 2.281856 -0.614453
v 0.500001 1.760988 -0.576493
v 0.538247 1.760988 -0.566245
v 0.566245 1.760988 -0.538246
v 0.576493 1.760988 -0.500000
v 0.566245 1.760988 -0.461754
v 0.538247 1.760988 -0.433756
v 0.500001 1.760988 -0.423508
v 0.461755 1.760988 -0.433756
v 0.433757 1.760988 -0.461754
v 0.423509 1.760988 -0.500000
v 0.433757 1.760988 -0.538246
v 0.461755 1.760988 -0.566245
v 0.500001 2.121030 -0.706401
v 0.603201 2.121030 -0.678748
v 0.678749 2.121030 -0.603200
v 0.706401 2.121030 -0.500000
v 0.678749 2.121030 -0.396800
v 0.603201 2.121030 -0.321252
v 0.500001 2.121030 -0.293600
v 0.396801 2.121030 -0.321252
v 0.321253 2.121030 -0.396800
v 0.293601 2.121030 -0.500000
v 0.321253 2.121030 -0.603200
v 0.396801 2.121030 -0.678748
v 0.500001 2.000000 -0.686909
v 0.593455 2.000000 -0.661868
v 0.661869 2.000000 -0.593455
v 0.686910 2.000000 -0.500000
v 0.661869 2.000000 -0.406546
v 0.593455 2.000000 -0.338132
v 0.500001 2.000000 -0.313091
v 0.406547 2.000000 -0.338132
v 0.338133 2.000000 -0.406546
v 0.313092 2.000000 -0.500000
v 0.338133 2.000000 -0.593455
v 0.406547 2.000000 -0.661868
v -0.554110 2.623903 -0.550343
v -0.549921 2.655101 -0.549864
v -0.572305 2.636108 -0.507001
v -0.516927 2.607426 -0.557913
v -0.508832 2.636380 -0.560901
v -0.480670 2.592305 -0.538902
v -0.470281 2.620534 -0.541745
v -0.470320 2.593014 -0.498056
v -0.458954 2.621892 -0.497886
v -0.481987 2.601157 -0.460591
v -0.474354 2.632461 -0.455677
v -0.523783 2.620702 -0.446125
v -0.514571 2.652356 -0.445313
v -0.560950 2.635809 -0.463978
v -0.552202 2.667753 -0.464050
v -0.540648 2.704551 -0.464439
v -0.563828 2.667229 -0.507529
v -0.554005 2.701515 -0.510447
v -0.541487 2.686336 -0.553860
v -0.539640 2.752099 -0.521746
v -0.524910 2.759062 -0.472374
v -0.528433 2.732544 -0.566888
v -0.521105 2.807650 -0.537314
v -0.502847 2.820212 -0.484770
v -0.497227 2.865194 -0.569730
v -0.512216 2.782689 -0.583392
v -0.489554 2.834349 -0.616063
v -0.469554 2.753082 -0.596395
v -0.446922 2.800555 -0.627489
v -0.421200 2.734363 -0.576283
v -0.486163 2.707821 -0.578956
v -0.499408 2.665371 -0.565489
v -0.441778 2.690934 -0.559326
v -0.426391 2.699889 -0.511242
v -0.458051 2.649653 -0.545537
v -0.445427 2.654051 -0.500468
v -0.459553 2.667564 -0.456532
v -0.500501 2.689192 -0.445655
v -0.438743 2.718270 -0.464960
v -0.414323 2.773275 -0.478025
v -0.480853 2.742829 -0.453024
v -0.455635 2.802156 -0.466250
v -0.425281 2.863843 -0.497464
v -0.383393 2.830157 -0.508620
v -0.476623 2.883231 -0.516361
v -0.393792 2.921473 -0.534775
v -0.446101 2.943932 -0.555414
v -0.352751 2.883166 -0.541703
v -0.357122 2.955824 -0.580573
v -0.319204 2.911321 -0.581815
v -0.406062 2.982030 -0.605123
v -0.318163 2.978752 -0.639876
v -0.291281 2.935870 -0.626193
v -0.313464 2.960377 -0.698498
v -0.364848 3.004343 -0.653544
v -0.371684 2.989403 -0.703334
v -0.382714 2.948871 -0.740867
v -0.431949 2.958907 -0.655896
v -0.469265 2.922252 -0.608346
v -0.430856 2.916910 -0.698412
v -0.464973 2.885903 -0.652918
v -0.392394 2.870717 -0.699724
v -0.422685 2.844628 -0.661257
v -0.342806 2.844603 -0.674707
v -0.339595 2.914889 -0.740474
v -0.309036 2.879968 -0.713048
v -0.286942 2.910226 -0.670194
v -0.317830 2.868175 -0.623574
v -0.347084 2.843779 -0.587134
v -0.375526 2.798919 -0.555339
v -0.370774 2.820628 -0.639406
v -0.396146 2.779887 -0.607509
v -0.403767 2.748366 -0.525559
v -0.522770 2.597838 -0.526917
v -0.527897 2.659247 -0.522232
v -0.542758 2.587998 -0.484654
v -0.474247 2.607203 -0.533357
v -0.477902 2.669159 -0.527247
v -0.434409 2.608966 -0.509584
v -0.435762 2.670889 -0.501435
v -0.427379 2.601659 -0.462373
v -0.429534 2.662967 -0.452381
v -0.449860 2.589527 -0.418965
v -0.451449 2.650162 -0.407774
v -0.497354 2.581673 -0.414933
v -0.501389 2.641283 -0.402889
v -0.536848 2.579920 -0.440654
v -0.542910 2.639007 -0.428287
v -0.551536 2.683399 -0.414428
v -0.550006 2.648031 -0.476327
v -0.559074 2.693894 -0.465656
v -0.536249 2.707459 -0.514499
v -0.575981 2.755339 -0.447988
v -0.568425 2.744754 -0.390856
v -0.551461 2.770871 -0.500913
v -0.598952 2.820439 -0.434495
v -0.592927 2.812691 -0.370502
v -0.636704 2.896422 -0.433364
v -0.571640 2.837185 -0.490603
v -0.609016 2.919247 -0.489910
v -0.511245 2.855884 -0.493864
v -0.547443 2.943201 -0.490794
v -0.456805 2.865395 -0.461674
v -0.494902 2.785315 -0.505367
v -0.483950 2.719152 -0.519169
v -0.444516 2.789024 -0.476241
v -0.438701 2.779705 -0.418344
v -0.438685 2.721080 -0.492229
v -0.432399 2.711830 -0.439564
v -0.455038 2.697232 -0.392797
v -0.507186 2.686598 -0.388088
v -0.463515 2.763925 -0.367310
v -0.479739 2.841106 -0.344205
v -0.519836 2.750725 -0.363102
v -0.540568 2.823828 -0.340573
v -0.577949 2.903135 -0.332712
v -0.515858 2.926394 -0.333796
v -0.632261 2.886846 -0.366594
v -0.617775 2.992185 -0.339169
v -0.556858 3.001290 -0.333175
v -0.620340 3.042124 -0.395402
v -0.666245 2.962568 -0.366996
v -0.672763 2.993674 -0.420449
v -0.648987 3.007309 -0.478904
v -0.597475 3.044071 -0.468059
v -0.537857 3.045017 -0.445216
v -0.546175 3.038124 -0.381468
v -0.492048 2.958948 -0.456149
v -0.487941 2.948518 -0.390120
v -0.452631 2.857755 -0.399418
v -0.473786 2.594119 -0.466657
v -0.470624 2.627275 -0.468353
v -0.469473 2.587158 -0.505240
v -0.508912 2.602758 -0.443295
v -0.506492 2.636219 -0.446307
v -0.552186 2.606853 -0.448861
v -0.551098 2.640480 -0.452527
v -0.573994 2.603046 -0.487465
v -0.572657 2.636304 -0.492077
v -0.567839 2.594356 -0.529247
v -0.567671 2.627240 -0.533965
v -0.533245 2.586483 -0.549662
v -0.531413 2.618519 -0.556385
v -0.489559 2.581868 -0.542396
v -0.486440 2.613543 -0.549808
v -0.480750 2.656521 -0.560714
v -0.465037 2.619409 -0.510222
v -0.458490 2.663156 -0.518848
v -0.464015 2.672247 -0.474201
v -0.439186 2.765653 -0.543180
v -0.463933 2.759378 -0.591402
v -0.444332 2.776307 -0.491380
v -0.423377 2.889318 -0.566850
v -0.424850 2.879655 -0.511290
v -0.445210 2.864070 -0.613278
v -0.476337 2.936300 -0.562847
v -0.494408 2.892304 -0.616584
v -0.540742 2.912378 -0.545662
v -0.469112 2.910764 -0.496533
v -0.524688 2.899944 -0.492334
v -0.487705 2.788774 -0.466230
v -0.501755 2.682590 -0.451385
v -0.540385 2.795285 -0.472733
v -0.548714 2.687488 -0.457769
v -0.564803 2.789737 -0.521502
v -0.570941 2.682594 -0.500137
v -0.559694 2.778334 -0.573341
v -0.515886 2.766749 -0.598027
v -0.565925 2.672226 -0.544432
v -0.545649 2.883705 -0.594520
v -0.527634 2.662227 -0.567405
v -0.468094 2.579903 -0.511081
v -0.471783 2.632714 -0.517415
v -0.514070 2.570599 -0.524146
v -0.451701 2.590026 -0.463019
v -0.456547 2.643673 -0.466716
v -0.463365 2.593528 -0.413915
v -0.469146 2.647420 -0.413877
v -0.510237 2.587488 -0.394479
v -0.517859 2.640643 -0.394284
v -0.558536 2.577226 -0.409721
v -0.567414 2.629354 -0.408318
v -0.572928 2.569488 -0.456843
v -0.583997 2.620395 -0.459929
v -0.559575 2.564265 -0.506003
v -0.570519 2.614563 -0.512939
v -0.585512 2.667404 -0.522784
v -0.521539 2.621853 -0.532391
v -0.532960 2.676753 -0.543694
v -0.479551 2.690549 -0.528174
v -0.557182 2.753171 -0.564157
v -0.615739 2.742547 -0.542048
v -0.497822 2.769491 -0.548162
v -0.585838 2.836658 -0.589431
v -0.651100 2.826052 -0.566663
v -0.615823 2.939158 -0.634605
v -0.520526 2.855837 -0.572952
v -0.548364 2.966133 -0.619200
v -0.502478 2.875532 -0.507024
v -0.531985 2.992222 -0.550836
v -0.519740 2.886272 -0.437921
v -0.480736 2.785315 -0.486237
v -0.464002 2.703722 -0.472595
v -0.495853 2.792146 -0.421281
v -0.554973 2.783253 -0.399985
v -0.477306 2.708421 -0.414602
v -0.529661 2.700197 -0.394077
v -0.582005 2.685962 -0.408268
v -0.599475 2.674197 -0.464633
v -0.613130 2.766139 -0.415420
v -0.648683 2.857520 -0.432295
v -0.630521 2.750755 -0.477729
v -0.666957 2.837566 -0.498731
v -0.705331 2.939429 -0.541137
v -0.688944 2.965690 -0.472614
v -0.685424 2.924199 -0.611918
v -0.728212 3.054018 -0.588376
v -0.717755 3.063201 -0.518704
v -0.668222 3.113773 -0.605401
v -0.710040 3.021479 -0.649425
v -0.652978 3.059273 -0.669562
v -0.583625 3.073400 -0.658335
v -0.583927 3.114594 -0.599090
v -0.591470 3.115149 -0.527238
v -0.662462 3.107649 -0.519763
v -0.552717 3.007746 -0.479832
v -0.621981 2.993128 -0.457515
v -0.584946 2.877200 -0.416684
v -0.502764 2.575091 -0.553065
v -0.495317 2.614980 -0.550581
v -0.549964 2.591654 -0.549332
v -0.478630 2.559729 -0.520027
v -0.466643 2.596923 -0.514347
v -0.476793 2.548471 -0.477815
v -0.464713 2.584674 -0.468674
v -0.507482 2.553682 -0.445815
v -0.497545 2.590673 -0.435603
v -0.549133 2.566931 -0.438549
v -0.543347 2.606220 -0.429402
v -0.579661 2.586148 -0.473218
v -0.570960 2.625834 -0.464669
v -0.581911 2.596984 -0.517600
v -0.573442 2.637491 -0.510306
v -0.559130 2.694098 -0.498741
v -0.540983 2.631834 -0.543522
v -0.524475 2.687051 -0.534834
v -0.476807 2.667315 -0.543775
v -0.474477 2.809550 -0.515869
v -0.515199 2.819037 -0.474897
v -0.421254 2.786265 -0.527189
v -0.415521 2.935546 -0.496559
v -0.357372 2.909045 -0.510277
v -0.462196 2.947047 -0.452526
v -0.371048 3.002113 -0.477070
v -0.418116 3.013846 -0.431574
v -0.312847 2.973121 -0.492692
v -0.321284 3.056222 -0.437844
v -0.275065 3.025977 -0.462694
v -0.370930 3.058661 -0.408850
v -0.293211 3.037763 -0.376819
v -0.357053 3.039015 -0.355134
v -0.287652 2.985436 -0.331733
v -0.247233 3.000942 -0.416362
v -0.246009 2.965142 -0.369830
v -0.279704 2.935097 -0.447741
v -0.321500 2.877703 -0.463708
v -0.275579 2.911445 -0.385526
v -0.315637 2.858565 -0.401609
v -0.323092 2.923231 -0.340071
v -0.361271 2.871368 -0.356840
v -0.381116 2.953569 -0.324860
v -0.413895 2.989814 -0.369664
v -0.420608 2.898556 -0.343711
v -0.341252 2.997918 -0.316264
v -0.455668 2.928645 -0.389922
v -0.477402 2.778709 -0.374205
v -0.510029 2.804363 -0.417526
v -0.527624 2.659079 -0.412714
v -0.424334 2.756311 -0.385222
v -0.479931 2.640486 -0.420613
v -0.384787 2.745570 -0.425521
v -0.445348 2.632747 -0.455626
v -0.388615 2.760974 -0.482726
v -0.447194 2.646186 -0.504584
v -0.556022 2.681299 -0.449901
v -0.456079 2.589260 -0.510932
v -0.461392 2.626893 -0.520574
v -0.497333 2.577407 -0.526254
v -0.444478 2.601959 -0.468935
v -0.450685 2.641719 -0.477388
v -0.459078 2.607928 -0.425159
v -0.466079 2.648892 -0.431764
v -0.503004 2.602351 -0.410053
v -0.511163 2.642582 -0.416360
v -0.544072 2.590009 -0.425615
v -0.553115 2.628279 -0.431156
v -0.555841 2.578744 -0.468065
v -0.565277 2.614368 -0.476011
v -0.540739 2.571416 -0.511182
v -0.549539 2.605507 -0.520677
v -0.563544 2.644076 -0.537664
v -0.504508 2.612380 -0.536391
v -0.517786 2.652708 -0.554556
v -0.472278 2.674028 -0.540236
v -0.568292 2.739860 -0.624421
v -0.619221 2.730172 -0.606822
v -0.515631 2.765970 -0.612029
v -0.635564 2.858205 -0.697713
v -0.574199 2.856879 -0.680128
v -0.687206 2.828479 -0.677119
v -0.654701 2.908724 -0.643821
v -0.707489 2.859410 -0.625012
v -0.640156 2.895957 -0.564821
v -0.577364 2.894076 -0.627580
v -0.580909 2.890907 -0.567227
v -0.506675 2.792377 -0.559586
v -0.463309 2.694408 -0.494873
v -0.525981 2.804783 -0.505988
v -0.480340 2.704370 -0.447081
v -0.578962 2.795714 -0.487534
v -0.526880 2.697004 -0.430920
v -0.630066 2.769777 -0.499873
v -0.639053 2.742484 -0.555041
v -0.570376 2.677593 -0.443860
v -0.691437 2.859441 -0.562673
v -0.581223 2.655900 -0.491905
v -0.499999 2.618540 -0.500000
v -0.499999 2.465556 -0.743129
v -0.499999 2.611506 -0.670608
v -0.499999 2.583590 -0.713963
v -0.499999 2.533232 -0.734760
v -0.378435 2.465556 -0.710556
v -0.414695 2.611506 -0.647751
v -0.393018 2.583590 -0.685297
v -0.382619 2.533232 -0.703308
v -0.289444 2.465556 -0.621565
v -0.352248 2.611506 -0.585304
v -0.314702 2.583590 -0.606982
v -0.296691 2.533232 -0.617380
v -0.256870 2.465556 -0.500000
v -0.329391 2.611506 -0.500000
v -0.286036 2.583590 -0.500000
v -0.265240 2.533232 -0.500000
v -0.289444 2.465556 -0.378436
v -0.352248 2.611506 -0.414696
v -0.314702 2.583590 -0.393019
v -0.296691 2.533232 -0.382621
v -0.378435 2.465556 -0.289445
v -0.414695 2.611506 -0.352249
v -0.393018 2.583590 -0.314703
v -0.382619 2.533232 -0.296693
v -0.499999 2.465556 -0.256872
v -0.499999 2.611506 -0.329392
v -0.499999 2.583590 -0.286038
v -0.499999 2.533232 -0.265241
v -0.621563 2.465556 -0.289445
v -0.585303 2.611506 -0.352249
v -0.606980 2.583590 -0.314703
v -0.617379 2.533232 -0.296693
v -0.710554 2.465556 -0.378436
v -0.647750 2.611506 -0.414696
v -0.685296 2.583590 -0.393019
v -0.703307 2.533232 -0.382621
v -0.743128 2.465556 -0.500000
v -0.670607 2.611506 -0.500000
v -0.713962 2.583590 -0.500000
v -0.734758 2.533232 -0.500000
v -0.710554 2.465556 -0.621565
v -0.647750 2.611506 -0.585304
v -0.685296 2.583590 -0.606982
v -0.703307 2.533232 -0.617380
v -0.621563 2.465556 -0.710556
v -0.585303 2.611506 -0.647751
v -0.606980 2.583590 -0.685297
v -0.617379 2.533232 -0.703308
v -0.499999 1.742398 -0.532633
v -0.499999 1.883115 -0.657921
v -0.499999 1.787170 -0.607374
v -0.499999 1.823337 -0.633196
v -0.421038 1.883115 -0.636764
v -0.483682 1.742398 -0.528261
v -0.433401 1.823337 -0.615351
v -0.446312 1.787170 -0.592988
v -0.363235 1.883115 -0.578961
v -0.471738 1.742398 -0.516317
v -0.384648 1.823337 -0.566598
v -0.407011 1.787170 -0.553687
v -0.342078 1.883115 -0.500000
v -0.467366 1.742398 -0.500000
v -0.366804 1.823337 -0.500000
v -0.392626 1.787170 -0.500000
v -0.363235 1.883115 -0.421040
v -0.471738 1.742398 -0.483684
v -0.384648 1.823337 -0.433403
v -0.407011 1.787170 -0.446313
v -0.421038 1.883115 -0.363236
v -0.483682 1.742398 -0.471739
v -0.433401 1.823337 -0.384650
v -0.446312 1.787170 -0.407012
v -0.499999 1.883115 -0.342079
v -0.499999 1.742398 -0.467367
v -0.499999 1.823337 -0.366805
v -0.499999 1.787170 -0.392627
v -0.578960 1.883115 -0.363236
v -0.516316 1.742398 -0.471739
v -0.566597 1.823337 -0.384650
v -0.553686 1.787170 -0.407012
v -0.636763 1.883115 -0.421040
v -0.528260 1.742398 -0.483684
v -0.615350 1.823337 -0.433403
v -0.592987 1.787170 -0.446313
v -0.657920 1.883115 -0.500000
v -0.532632 1.742398 -0.500000
v -0.633194 1.823337 -0.500000
v -0.607372 1.787170 -0.500000
v -0.636763 1.883115 -0.578961
v -0.528260 1.742398 -0.516317
v -0.615350 1.823337 -0.566598
v -0.592987 1.787170 -0.553687
v -0.578960 1.883115 -0.636764
v -0.516316 1.742398 -0.528261
v -0.566597 1.823337 -0.615351
v -0.553686 1.787170 -0.592988
v -0.614452 2.281856 -0.698239
v -0.499999 2.281856 -0.728906
v -0.385546 2.281856 -0.698239
v -0.301760 2.281856 -0.614453
v -0.271093 2.281856 -0.500000
v -0.301760 2.281856 -0.385547
v -0.385546 2.281856 -0.301762
v -0.499999 2.281856 -0.271094
v -0.614452 2.281856 -0.301762
v -0.698238 2.281856 -0.385547
v -0.728905 2.281856 -0.500000
v -0.698238 2.281856 -0.614453
v -0.499999 1.760988 -0.576493
v -0.461753 1.760988 -0.566245
v -0.433755 1.760988 -0.538246
v -0.423507 1.760988 -0.500000
v -0.433755 1.760988 -0.461754
v -0.461753 1.760988 -0.433756
v -0.499999 1.760988 -0.423508
v -0.538245 1.760988 -0.433756
v -0.566243 1.760988 -0.461754
v -0.576491 1.760988 -0.500000
v -0.566243 1.760988 -0.538246
v -0.538245 1.760988 -0.566245
v -0.499999 2.121030 -0.706401
v -0.396799 2.121030 -0.678748
v -0.321251 2.121030 -0.603200
v -0.293599 2.121030 -0.500000
v -0.321251 2.121030 -0.396800
v -0.396799 2.121030 -0.321252
v -0.499999 2.121030 -0.293600
v -0.603199 2.121030 -0.321252
v -0.678747 2.121030 -0.396800
v -0.706399 2.121030 -0.500000
v -0.678747 2.121030 -0.603200
v -0.603199 2.121030 -0.678748
v -0.499999 2.000000 -0.686909
v -0.406545 2.000000 -0.661868
v -0.338131 2.000000 -0.593455
v -0.313090 2.000000 -0.500000
v -0.338131 2.000000 -0.406546
v -0.406545 2.000000 -0.338132
v -0.499999 2.000000 -0.313091
v -0.593453 2.000000 -0.338132
v -0.661867 2.000000 -0.406546
v -0.686908 2.000000 -0.500000
v -0.661867 2.000000 -0.593455
v -0.593453 2.000000 -0.661868
vn 0.1037 -0.1191 -0.9875
vn -0.2287 0.0061 -0.9735
vn -0.2613 -0.0269 -0.9649
vn 0.0494 -0.1353 -0.9896
vn -0.9024 0.1831 -0.3901
vn -0.9686 0.2305 -0.0935
vn -0.9664 0.2504 -0.0573
vn -0.9068 0.1986 -0.3720
vn 0.3728 -0.2126 -0.9032
vn 0.3575 -0.2343 -0.9040
vn 0.9352 -0.3494 0.0572
vn 0.9073 -0.3561 -0.2235
vn 0.9001 -0.3766 -0.2191
vn 0.9256 -0.3672 0.0917
vn 0.8765 -0.3080 0.3701
vn 0.8653 -0.3263 0.3806
vn -0.0718 -0.0331 0.9969
vn 0.2212 -0.1469 0.9641
vn 0.2200 -0.1126 0.9690
vn -0.0998 0.0115 0.9949
vn -0.4028 0.1032 0.9094
vn -0.3928 0.1241 0.9112
vn -0.9341 0.2575 0.2475
vn -0.9293 0.2744 0.2471
vn -0.0520 0.0913 0.9945
vn -0.3537 0.1925 0.9154
vn -0.9229 0.2990 0.2427
vn -0.9644 0.2622 -0.0360
vn -0.9203 0.2005 -0.3359
vn -0.9591 0.2804 -0.0391
vn -0.9287 0.1968 -0.3144
vn -0.9123 0.3387 0.2303
vn -0.8868 0.4148 0.2039
vn -0.9418 0.3345 -0.0336
vn -0.9284 0.2149 -0.3030
vn -0.8558 0.4886 0.1698
vn -0.9243 0.3765 -0.0622
vn -0.9265 0.2292 -0.2985
vn -0.4335 -0.2576 -0.8635
vn -0.4806 -0.3297 -0.8126
vn -0.2213 -0.4903 -0.8430
vn -0.1554 -0.4009 -0.9029
vn -0.3708 -0.1804 -0.9110
vn -0.0744 -0.3084 -0.9483
vn 0.0692 -0.6065 -0.7921
vn 0.1554 -0.5073 -0.8477
vn 0.2392 -0.4044 -0.8828
vn -0.0072 -0.2303 -0.9731
vn 0.3048 -0.3176 -0.8979
vn -0.3220 -0.1169 -0.9395
vn 0.8756 -0.4430 -0.1924
vn 0.8476 -0.5076 -0.1548
vn 0.9030 -0.4123 0.1206
vn 0.9177 -0.3865 0.0921
vn 0.8887 -0.4073 -0.2105
vn 0.9207 -0.3774 0.0997
vn 0.8834 -0.3001 0.3599
vn 0.8713 -0.3159 0.3755
vn 0.2497 -0.0203 0.9681
vn 0.3002 0.0561 0.9522
vn -0.0019 0.1734 0.9849
vn 0.8862 -0.3002 0.3529
vn 0.3696 0.1562 0.9160
vn 0.0851 0.2972 0.9510
vn -0.2951 0.2702 0.9165
vn -0.1999 0.4063 0.8916
vn 0.4301 0.2652 0.8629
vn 0.1650 0.4207 0.8921
vn -0.1082 0.5354 0.8376
vn 0.4842 0.3621 0.7966
vn 0.2351 0.5513 0.8005
vn 0.0011 0.6766 0.7363
vn 0.3637 0.6617 0.6557
vn 0.1589 0.7956 0.5846
vn 0.5573 0.4767 0.6798
vn 0.7979 0.5333 0.2810
vn 0.6272 0.7533 0.1980
vn 0.3951 0.9085 0.1362
vn 0.8759 0.3165 -0.3643
vn 0.6927 0.5400 -0.4781
vn 0.4476 0.7194 -0.5312
vn -0.6314 0.7737 -0.0524
vn -0.5526 0.8230 -0.1317
vn -0.6524 0.6827 -0.3292
vn -0.7288 0.6352 -0.2555
vn 0.6134 0.3596 -0.7032
vn 0.3733 0.5376 -0.7561
vn -0.6995 0.5392 -0.4690
vn -0.7720 0.4650 -0.4333
vn -0.8579 0.4995 -0.1208
vn -0.8861 0.3094 -0.3452
vn -0.7781 0.6220 0.0878
vn -0.5221 -0.3879 -0.7596
vn -0.4765 -0.4126 -0.7764
vn -0.2880 -0.5911 -0.7534
vn -0.3102 -0.5633 -0.7658
vn -0.3926 -0.3899 -0.8330
vn -0.2278 -0.5471 -0.8055
vn -0.0735 -0.7365 -0.6725
vn -0.0286 -0.7102 -0.7034
vn -0.0411 -0.6817 -0.7305
vn 0.7960 0.1499 -0.5864
vn 0.7186 -0.6954 0.0060
vn 0.7618 -0.6478 -0.0105
vn 0.8398 -0.5238 0.1429
vn 0.8109 -0.5525 0.1929
vn 0.8841 -0.3341 0.3269
vn 0.8530 -0.3573 0.3805
vn 0.8375 -0.5083 0.2005
vn 0.8588 -0.3341 0.3883
vn 0.7350 -0.6771 -0.0356
vn 0.8871 -0.4437 0.1273
vn 0.8875 -0.2956 0.3534
vn 0.8164 -0.5653 -0.1180
vn -0.8974 -0.0444 -0.4391
vn -0.9827 -0.0922 -0.1607
vn -0.9756 -0.1214 -0.1828
vn -0.8951 -0.0621 -0.4416
vn 0.1849 0.1026 -0.9774
vn -0.1300 0.0772 -0.9885
vn -0.1265 0.1077 -0.9861
vn 0.2055 0.1403 -0.9685
vn 0.5102 0.1187 -0.8518
vn 0.5059 0.1566 -0.8483
vn 0.9855 -0.0020 0.1694
vn 0.9905 0.0472 -0.1290
vn 0.9908 0.0647 -0.1185
vn 0.9880 0.0069 0.1543
vn 0.8973 -0.0487 0.4388
vn 0.9008 -0.0551 0.4307
vn -0.2254 -0.2110 0.9511
vn 0.1207 -0.1829 0.9757
vn 0.1335 -0.2404 0.9615
vn -0.1864 -0.2716 0.9442
vn -0.5136 -0.2145 0.8308
vn -0.4937 -0.2739 0.8254
vn -0.9848 -0.1300 0.1150
vn -0.9786 -0.1753 0.1076
vn -0.9628 -0.2554 0.0879
vn -0.9647 -0.1815 -0.1906
vn -0.1531 -0.3615 0.9197
vn -0.4498 -0.3737 0.8112
vn -0.8902 -0.0975 -0.4451
vn -0.9475 -0.2498 -0.1994
vn -0.8753 -0.1571 -0.4574
vn -0.9452 -0.3201 0.0638
vn -0.9144 -0.4035 0.0314
vn -0.9049 -0.3603 -0.2266
vn -0.8236 -0.2840 -0.4910
vn -0.9079 -0.4190 -0.0131
vn -0.8854 -0.3806 -0.2668
vn -0.8120 -0.3225 -0.4865
vn -0.0679 0.0659 -0.9955
vn -0.0207 0.0930 -0.9954
vn 0.2085 0.1957 -0.9582
vn 0.2243 0.1630 -0.9608
vn -0.1134 0.1551 -0.9814
vn 0.1955 0.2106 -0.9578
vn 0.4268 0.2844 -0.8585
vn 0.4675 0.2338 -0.8525
vn 0.4728 0.2444 -0.8466
vn -0.1239 0.1606 -0.9792
vn 0.1963 0.2006 -0.9598
vn 0.4899 0.2203 -0.8435
vn 0.9903 0.0972 -0.0989
vn 0.9867 0.1453 -0.0733
vn 0.9780 0.0761 0.1940
vn 0.9860 0.0239 0.1649
vn 0.9621 0.2706 -0.0331
vn 0.9447 0.2247 0.2388
vn 0.9044 -0.0544 0.4233
vn 0.8985 0.0045 0.4389
vn 0.1474 -0.3135 0.9381
vn 0.1405 -0.2959 0.9448
vn -0.1367 -0.3607 0.9226
vn 0.8607 0.1689 0.4803
vn 0.0995 -0.1730 0.9799
vn -0.1535 -0.2556 0.9545
vn -0.4182 -0.3976 0.8167
vn -0.4244 -0.3310 0.8428
vn 0.0141 -0.0367 0.9992
vn -0.2245 -0.1345 0.9652
vn -0.4461 -0.2205 0.8674
vn -0.0892 0.4126 0.9065
vn -0.3860 0.3627 0.8482
vn -0.6321 0.2322 0.7393
vn -0.0630 0.9263 0.3715
vn -0.3955 0.8740 0.2823
vn -0.6786 0.7095 0.1901
vn -0.9271 -0.3724 -0.0415
vn -0.8986 -0.3302 -0.2890
vn -0.8384 -0.2839 -0.4652
vn -0.3144 0.9489 -0.0283
vn -0.6040 0.7877 -0.1212
vn -0.0061 0.1730 -0.9849
vn 0.1801 0.2624 -0.9480
vn 0.0047 0.9978 0.0658
vn 0.3782 0.3484 -0.8577
vn 0.8995 0.4346 0.0455
vn 0.8612 0.4995 0.0946
vn 0.8304 0.4763 0.2889
vn 0.8717 0.4022 0.2799
vn 0.7879 0.3474 0.5085
vn 0.7473 0.4218 0.5134
vn 0.2367 0.0613 0.9696
vn 0.5412 0.0141 0.8408
vn 0.5344 0.0247 0.8449
vn 0.2148 0.0733 0.9739
vn 0.9851 -0.1002 0.1397
vn 0.9741 -0.1530 -0.1664
vn 0.9746 -0.1654 -0.1511
vn 0.9832 -0.1112 0.1450
vn -0.1224 0.1046 0.9869
vn -0.1231 0.1118 0.9861
vn -0.9831 0.0491 0.1762
vn -0.8747 0.0907 0.4761
vn -0.8784 0.0976 0.4679
vn -0.9815 0.0564 0.1831
vn -0.9911 0.0038 -0.1328
vn -0.9920 0.0087 -0.1257
vn -0.2042 -0.1905 -0.9602
vn -0.5352 -0.1306 -0.8346
vn -0.5393 -0.1491 -0.8288
vn -0.2277 -0.2057 -0.9517
vn 0.1266 -0.2242 -0.9663
vn 0.1181 -0.2393 -0.9637
vn 0.8750 -0.1898 -0.4454
vn 0.8742 -0.2057 -0.4398
vn -0.2347 -0.2388 -0.9423
vn 0.0994 -0.2742 -0.9565
vn 0.8719 -0.2433 -0.4251
vn 0.9693 -0.1995 -0.1438
vn 0.9796 -0.1391 0.1449
vn 0.9673 -0.2007 -0.1550
vn 0.9836 -0.1491 0.1011
vn 0.8875 -0.2375 -0.3949
vn 0.9030 -0.2112 -0.3741
vn 0.9698 -0.1815 -0.1627
vn 0.9880 -0.1416 0.0622
vn 0.1580 0.9707 -0.1811
vn 0.2383 0.9274 0.2882
vn 0.6369 0.7482 0.1860
vn 0.6040 0.7595 -0.2416
vn 0.0453 0.7914 -0.6096
vn 0.4617 0.6329 -0.6215
vn -0.3839 0.7919 -0.4749
vn -0.3252 0.9424 -0.0779
vn -0.2072 0.9201 0.3323
vn 0.4894 0.0829 0.8681
vn 0.4597 0.1185 0.8801
vn 0.2212 0.1748 0.9594
vn 0.2154 0.1403 0.9664
vn -0.0295 0.2192 0.9752
vn -0.0691 0.1847 0.9804
vn 0.2112 0.0932 0.9730
vn -0.1167 0.1339 0.9841
vn 0.5226 0.0415 0.8515
vn -0.8853 0.1194 0.4495
vn -0.8955 0.1820 0.4062
vn -0.9764 0.1417 0.1628
vn -0.9814 0.0747 0.1766
vn -0.8995 0.2290 0.3720
vn -0.9676 0.1958 0.1592
vn -0.9919 0.0930 -0.0870
vn -0.9931 0.0226 -0.1150
vn -0.9863 0.1524 -0.0626
vn -0.4863 -0.1365 -0.8630
vn -0.4419 -0.0857 -0.8930
vn -0.2098 -0.1365 -0.9682
vn -0.2245 -0.1941 -0.9550
vn -0.5361 -0.1775 -0.8253
vn 0.0617 -0.2367 -0.9696
vn 0.0337 -0.1786 -0.9834
vn 0.9954 0.0767 -0.0578
vn 0.9484 0.0465 -0.3137
vn 0.9505 0.0636 -0.3042
vn 0.9945 0.0961 -0.0410
vn 0.2992 -0.1009 -0.9489
vn -0.0268 -0.1592 -0.9869
vn -0.0070 -0.1813 -0.9834
vn 0.3048 -0.1169 -0.9452
vn 0.9692 0.1034 0.2233
vn 0.9681 0.1209 0.2193
vn 0.0465 -0.0077 0.9989
vn 0.3725 0.0446 0.9270
vn 0.3662 0.0542 0.9289
vn 0.0597 -0.0013 0.9982
vn -0.2745 -0.0576 0.9599
vn -0.2637 -0.0586 0.9628
vn -0.9768 -0.2108 0.0389
vn -0.9306 -0.1749 0.3215
vn -0.9218 -0.2070 0.3279
vn -0.9680 -0.2428 0.0634
vn -0.9475 -0.2283 -0.2241
vn -0.9420 -0.2612 -0.2110
vn -0.3375 -0.1987 -0.9201
vn -0.3288 -0.2288 -0.9163
vn -0.9430 -0.3214 0.0861
vn -0.9200 -0.3479 -0.1803
vn -0.3029 -0.2996 -0.9047
vn 0.0115 -0.2321 -0.9726
vn 0.3075 -0.1463 -0.9402
vn 0.0160 -0.2755 -0.9612
vn 0.3013 -0.1733 -0.9377
vn -0.2728 -0.3534 -0.8948
vn -0.2320 -0.4143 -0.8801
vn 0.0351 -0.3447 -0.9381
vn 0.3087 -0.2416 -0.9200
vn -0.1857 -0.4071 -0.8943
vn 0.0540 -0.3443 -0.9373
vn 0.2857 -0.2629 -0.9216
vn 0.9453 0.1414 -0.2940
vn 0.9429 0.1952 -0.2699
vn 0.9568 0.2853 -0.0556
vn 0.9725 0.2291 -0.0428
vn 0.9418 0.1514 -0.3001
vn 0.9768 0.2085 -0.0493
vn 0.9180 0.3608 0.1644
vn 0.9366 0.2925 0.1927
vn 0.9481 0.2506 0.1955
vn 0.9873 0.1540 -0.0404
vn 0.9608 0.1845 0.2071
vn 0.9484 0.1131 -0.2961
vn 0.3048 0.1998 0.9312
vn 0.2543 0.3115 0.9156
vn -0.0178 0.2441 0.9696
vn 0.0218 0.1240 0.9920
vn 0.3434 0.1099 0.9327
vn 0.0554 0.0426 0.9976
vn -0.2629 0.0372 0.9641
vn -0.2544 -0.0346 0.9665
vn -0.9022 -0.2742 0.3331
vn -0.8942 -0.3015 0.3308
vn -0.9260 -0.3651 0.0960
vn -0.2867 0.1613 0.9443
vn -0.9106 -0.2593 0.3217
vn -0.9358 -0.3385 0.0988
vn -0.8997 -0.4085 -0.1540
vn -0.9009 -0.4067 -0.1514
vn -0.9450 -0.1828 0.2714
vn -0.9621 -0.2677 0.0529
vn -0.9275 -0.3355 -0.1647
vn -0.9322 0.3238 0.1615
vn -0.9444 0.2942 -0.1469
vn -0.8972 0.1568 -0.4129
vn -0.3859 0.9213 0.0476
vn -0.3766 0.8738 -0.3077
vn -0.3445 0.7079 -0.6166
vn -0.1641 -0.3536 -0.9209
vn 0.0611 -0.2921 -0.9544
vn -0.0322 0.9521 -0.3040
vn -0.0068 0.7898 -0.6133
vn 0.2513 -0.2266 -0.9410
vn 0.9324 0.2577 -0.2533
vn 0.9382 0.3394 -0.0680
vn -0.0532 0.9980 0.0347
vn 0.9020 0.4111 0.1323
vn 0.1675 0.4272 0.8885
vn 0.1114 0.4719 0.8746
vn -0.0889 0.4251 0.9008
vn -0.0689 0.3704 0.9263
vn -0.3050 0.2924 0.9063
vn -0.3080 0.3511 0.8842
vn 0.8976 -0.2189 -0.3826
vn 0.7594 -0.1238 -0.6387
vn 0.7469 -0.1479 -0.6483
vn 0.8809 -0.2395 -0.4083
vn -0.0728 0.1175 -0.9904
vn -0.3729 0.1948 -0.9072
vn -0.4009 0.2282 -0.8873
vn -0.0855 0.1439 -0.9859
vn 0.9504 -0.2879 -0.1177
vn 0.9411 -0.3147 -0.1238
vn 0.3870 -0.3355 0.8589
vn 0.6321 -0.3701 0.6808
vn 0.6170 -0.3952 0.6805
vn 0.3452 -0.3568 0.8680
vn 0.0636 -0.2578 0.9641
vn 0.0466 -0.2833 0.9579
vn -0.9129 0.0950 0.3970
vn -0.7695 -0.0019 0.6386
vn -0.7745 0.0176 0.6324
vn -0.9163 0.1207 0.3818
vn -0.9769 0.1896 0.0987
vn -0.9722 0.2081 0.1074
vn -0.6640 0.2576 -0.7020
vn -0.6596 0.2832 -0.6962
vn -0.8993 0.1802 0.3985
vn -0.9542 0.2671 0.1346
vn -0.6413 0.3332 -0.6912
vn -0.4017 0.2735 -0.8740
vn -0.1065 0.1832 -0.9773
vn -0.3868 0.2981 -0.8727
vn -0.1203 0.1986 -0.9727
vn -0.6123 0.3687 -0.6994
vn -0.5555 0.4599 -0.6927
vn -0.3485 0.3817 -0.8561
vn -0.1043 0.2674 -0.9579
vn -0.2485 0.5530 -0.7953
vn -0.0463 0.4454 -0.8941
vn -0.4391 0.6291 -0.6414
vn -0.3539 0.7204 -0.5965
vn -0.1757 0.6459 -0.7429
vn -0.0117 0.5500 -0.8351
vn 0.4782 0.7940 0.3754
vn 0.6874 0.6866 0.2366
vn 0.5952 0.8034 0.0155
vn 0.3858 0.9113 0.1441
vn 0.2287 0.8429 0.4870
vn 0.1482 0.9535 0.2625
vn 0.2931 0.6753 0.6768
vn 0.5275 0.6189 0.5820
vn 0.7311 0.5180 0.4441
vn 0.7181 -0.2100 -0.6635
vn 0.7756 -0.1408 -0.6154
vn 0.8574 -0.2600 -0.4442
vn 0.8122 -0.3384 -0.4752
vn 0.8966 -0.3686 -0.2456
vn 0.8566 -0.4527 -0.2477
vn 0.7781 -0.3971 -0.4866
vn 0.8352 -0.5009 -0.2271
vn 0.6691 -0.2717 -0.6917
vn 0.5191 -0.5276 0.6725
vn 0.5074 -0.5063 0.6972
vn 0.3197 -0.4255 0.8466
vn 0.3002 -0.4359 0.8485
vn 0.5224 -0.4440 0.7280
vn 0.3649 -0.3710 0.8540
vn 0.1023 -0.3122 0.9445
vn 0.0681 -0.3151 0.9466
vn 0.1600 -0.2643 0.9511
vn -0.6281 0.3322 0.7036
vn -0.5690 0.4123 0.7115
vn -0.6475 0.5344 0.5433
vn -0.7262 0.4609 0.5100
vn -0.7062 0.2119 0.6756
vn -0.8281 0.3332 0.4508
vn -0.7444 0.1446 0.6519
vn -0.8693 0.2465 0.4283
vn 0.3202 -0.4050 0.8564
vn 0.0650 -0.2997 0.9518
vn -0.7695 0.0761 0.6341
vn 0.3189 -0.3995 0.8595
vn 0.0406 -0.3118 0.9493
vn 0.5827 -0.4503 0.6765
vn 0.5577 -0.4779 0.6786
vn 0.8524 -0.3070 -0.4233
vn 0.8167 -0.3666 -0.4456
vn 0.8739 -0.4495 -0.1850
vn 0.9111 -0.3852 -0.1470
vn 0.7235 -0.2048 -0.6593
vn 0.6958 -0.2549 -0.6715
vn -0.9284 0.3303 0.1700
vn -0.8814 0.4214 0.2133
vn -0.7747 0.5603 0.2930
vn -0.6942 0.6307 0.3469
vn 0.9890 0.1480 0.0023
vn 0.9580 0.0780 -0.2761
vn 0.9574 0.1032 -0.2696
vn 0.9816 0.1908 0.0106
vn 0.3894 -0.1791 -0.9035
vn 0.0628 -0.2655 -0.9621
vn 0.0899 -0.3244 -0.9416
vn 0.3978 -0.2237 -0.8898
vn 0.9364 0.2062 0.2839
vn 0.9270 0.2572 0.2729
vn -0.0370 0.1402 0.9894
vn 0.2931 0.2033 0.9342
vn 0.2799 0.2620 0.9236
vn -0.0329 0.1927 0.9807
vn -0.3602 0.0616 0.9309
vn -0.3566 0.0969 0.9292
vn -0.9673 -0.2529 0.0215
vn -0.9348 -0.1777 0.3075
vn -0.9269 -0.2073 0.3129
vn -0.9541 -0.2959 0.0467
vn -0.9146 -0.3055 -0.2650
vn -0.8975 -0.3658 -0.2464
vn -0.2695 -0.3205 -0.9081
vn -0.2497 -0.3932 -0.8849
vn -0.9035 -0.4189 0.0906
vn -0.8275 -0.5303 -0.1845
vn -0.1815 -0.5736 -0.7988
vn 0.1378 -0.4776 -0.8677
vn 0.4141 -0.3408 -0.8440
vn 0.1327 -0.5364 -0.8334
vn 0.3730 -0.4080 -0.8333
vn -0.1031 -0.6238 -0.7748
vn -0.0767 -0.5837 -0.8084
vn 0.0841 -0.5189 -0.8507
vn 0.3130 -0.3953 -0.8636
vn -0.2854 0.9098 -0.3014
vn 0.5432 0.8135 -0.2077
vn 0.5889 0.6461 -0.4855
vn -0.1826 0.7203 -0.6692
vn -0.6690 0.7151 -0.2027
vn -0.6108 0.5016 -0.6126
vn -0.5141 0.6533 0.5558
vn -0.2127 0.8333 0.5103
vn 0.4146 0.8241 0.3859
vn 0.9043 0.3200 -0.2826
vn 0.8940 0.4423 -0.0715
vn 0.8222 0.5476 0.1556
vn 0.9494 0.3140 -0.0053
vn 0.8869 0.4007 0.2300
vn 0.9451 0.1810 -0.2721
vn 0.2299 0.4413 0.8674
vn 0.1558 0.5979 0.7863
vn -0.1053 0.4986 0.8604
vn -0.0570 0.3558 0.9328
vn -0.3537 0.3614 0.8627
vn -0.3669 0.2208 0.9036
vn -0.8789 -0.3634 0.3090
vn -0.8837 -0.3778 0.2762
vn -0.8623 -0.5019 0.0670
vn -0.8618 -0.4988 0.0922
vn -0.8989 -0.2920 0.3266
vn -0.7987 -0.5920 -0.1079
vn -0.8180 -0.5698 -0.0787
vn -0.0000 -0.1074 -0.9942
vn -0.0000 0.0225 -0.9997
vn 0.4999 0.0225 -0.8658
vn 0.4971 -0.1074 -0.8610
vn 0.9942 -0.1074 -0.0000
vn 0.9997 0.0225 -0.0000
vn 0.8658 0.0225 0.4999
vn 0.8610 -0.1074 0.4971
vn 0.4999 0.0225 0.8658
vn 0.4971 -0.1074 0.8610
vn -0.0000 0.0225 0.9997
vn -0.0000 -0.1074 0.9942
vn -0.4999 0.0225 0.8658
vn -0.4971 -0.1074 0.8610
vn -0.8658 0.0225 0.4999
vn -0.8610 -0.1074 0.4971
vn -0.9997 0.0225 -0.0000
vn -0.9942 -0.1074 -0.0000
vn -0.8658 0.0225 -0.4999
vn -0.8610 -0.1074 -0.4971
vn -0.4999 0.0225 -0.8658
vn -0.4971 -0.1074 -0.8610
vn 0.8658 0.0225 -0.4999
vn 0.8610 -0.1074 -0.4971
vn -0.0000 0.2492 -0.9684
vn 0.4842 0.2492 -0.8387
vn -0.0000 0.6172 -0.7868
vn 0.3934 0.6172 -0.6814
vn -0.0000 0.9403 -0.3405
vn 0.1702 0.9403 -0.2949
vn -0.0000 1.0000 -0.0000
vn 0.8387 0.2492 -0.4842
vn 0.6814 0.6172 -0.3934
vn 0.2949 0.9403 -0.1702
vn 0.9684 0.2492 -0.0000
vn 0.7868 0.6172 -0.0000
vn 0.3405 0.9403 -0.0000
vn 0.8387 0.2492 0.4842
vn 0.6814 0.6172 0.3934
vn 0.2949 0.9403 0.1702
vn 0.4842 0.2492 0.8387
vn 0.3934 0.6172 0.6814
vn 0.1702 0.9403 0.2949
vn -0.0000 0.2492 0.9684
vn -0.0000 0.6172 0.7868
vn -0.0000 0.9403 0.3405
vn -0.4842 0.2492 0.8387
vn -0.3934 0.6172 0.6814
vn -0.1702 0.9403 0.2949
vn -0.8387 0.2492 0.4842
vn -0.6814 0.6172 0.3934
vn -0.2949 0.9403 0.1702
vn -0.9684 0.2492 -0.0000
vn -0.7868 0.6172 -0.0000
vn -0.3405 0.9403 -0.0000
vn -0.8387 0.2492 -0.4842
vn -0.6814 0.6172 -0.3934
vn -0.2949 0.9403 -0.1702
vn -0.4842 0.2492 -0.8387
vn -0.3934 0.6172 -0.6814
vn -0.1702 0.9403 -0.2949
vn -0.0000 -0.3087 -0.9511
vn 0.4756 -0.3087 -0.8237
vn 0.4395 -0.4770 -0.7612
vn -0.0000 -0.4770 -0.8789
vn 0.3725 -0.6671 -0.6452
vn -0.0000 -0.6671 -0.7450
vn -0.0000 -0.8403 -0.5421
vn 0.2711 -0.8403 -0.4695
vn 0.1153 -0.9731 -0.1996
vn -0.0000 -0.9731 -0.2305
vn 0.8237 -0.3087 -0.4756
vn 0.7612 -0.4770 -0.4394
vn 0.6452 -0.6671 -0.3725
vn 0.4695 -0.8403 -0.2711
vn 0.1996 -0.9731 -0.1153
vn 0.9511 -0.3087 -0.0000
vn 0.8789 -0.4770 -0.0000
vn 0.7450 -0.6671 -0.0000
vn 0.5421 -0.8403 -0.0000
vn 0.2305 -0.9731 -0.0000
vn 0.8237 -0.3087 0.4756
vn 0.7612 -0.4770 0.4394
vn 0.6452 -0.6671 0.3725
vn 0.4695 -0.8403 0.2711
vn 0.1996 -0.9731 0.1153
vn 0.4756 -0.3088 0.8237
vn 0.4395 -0.4770 0.7612
vn 0.3725 -0.6671 0.6452
vn 0.2711 -0.8403 0.4695
vn 0.1153 -0.9731 0.1996
vn -0.0000 -0.3088 0.9511
vn -0.0000 -0.4770 0.8789
vn -0.0000 -0.6671 0.7450
vn -0.0000 -0.8403 0.5421
vn -0.0000 -0.9731 0.2305
vn -0.4756 -0.3088 0.8237
vn -0.4395 -0.4770 0.7612
vn -0.3725 -0.6671 0.6452
vn -0.2711 -0.8403 0.4695
vn -0.1153 -0.9731 0.1996
vn -0.8237 -0.3087 0.4756
vn -0.7612 -0.4770 0.4394
vn -0.6452 -0.6671 0.3725
vn -0.4695 -0.8403 0.2711
vn -0.1996 -0.9731 0.1153
vn -0.9511 -0.3087 -0.0000
vn -0.8789 -0.4770 -0.0000
vn -0.7450 -0.6671 -0.0000
vn -0.5421 -0.8403 -0.0000
vn -0.2305 -0.9731 -0.0000
vn -0.8237 -0.3087 -0.4756
vn -0.7612 -0.4770 -0.4394
vn -0.6452 -0.6671 -0.3725
vn -0.4695 -0.8403 -0.2711
vn -0.1996 -0.9731 -0.1153
vn -0.4756 -0.3087 -0.8237
vn -0.4395 -0.4770 -0.7612
vn -0.3725 -0.6671 -0.6452
vn -0.2711 -0.8403 -0.4695
vn -0.1153 -0.9731 -0.1996
vn -0.4945 -0.1486 -0.8564
vn -0.0000 -0.1486 -0.9889
vn 0.8564 -0.1486 -0.4945
vn 0.9889 -0.1486 -0.0000
vn 0.4945 -0.1486 -0.8564
vn -0.8564 -0.1486 -0.4945
vn -0.9889 -0.1486 -0.0000
vn -0.8564 -0.1486 0.4945
vn -0.4945 -0.1486 0.8564
vn -0.0000 -0.1485 0.9889
vn 0.4945 -0.1486 0.8564
vn 0.8564 -0.1486 0.4945
vn -0.0000 -0.1987 -0.9801
vn 0.4900 -0.1987 -0.8488
vn 0.9801 -0.1987 -0.0000
vn 0.8488 -0.1987 0.4900
vn 0.4900 -0.1987 0.8488
vn -0.0000 -0.1987 0.9801
vn -0.4900 -0.1987 0.8488
vn -0.8488 -0.1987 0.4900
vn -0.9801 -0.1987 -0.0000
vn -0.8488 -0.1987 -0.4900
vn -0.4900 -0.1987 -0.8488
vn 0.8488 -0.1987 -0.4900
vn -0.4028 0.1032 0.9095
vn -0.3536 0.1925 0.9154
vn 0.8756 -0.4430 -0.1925
vn 0.2496 -0.0203 0.9681
vn 0.4842 0.3620 0.7966
vn 0.8871 -0.4438 0.1273
vn 0.2055 0.1403 -0.9686
vn -0.9647 -0.1815 -0.1907
vn -0.9079 -0.4190 -0.0132
vn 0.0047 0.9978 0.0657
vn 0.3781 0.3483 -0.8577
vn 0.7473 0.4218 0.5135
vn -0.8747 0.0906 0.4761
vn -0.8784 0.0975 0.4679
vn 0.4618 0.6329 -0.6215
vn 0.4597 0.1184 0.8801
vn 0.5226 0.0415 0.8516
vn 0.0337 -0.1786 -0.9833
vn -0.0268 -0.1593 -0.9869
vn -0.9420 -0.2611 -0.2110
vn -0.3374 -0.1987 -0.9201
vn 0.0160 -0.2756 -0.9612
vn 0.2856 -0.2629 -0.9216
vn -0.9106 -0.2593 0.3218
vn -0.0889 0.4250 0.9008
vn 0.9411 -0.3146 -0.1238
vn -0.6413 0.3332 -0.6911
vn 0.2931 0.6753 0.6769
vn 0.7311 0.5179 0.4441
vn 0.5074 -0.5063 0.6973
vn 0.3197 -0.4254 0.8466
vn 0.1600 -0.2642 0.9511
vn -0.8693 0.2465 0.4284
vn -0.3601 0.0616 0.9309
vn -0.3565 0.0969 0.9292
vn 0.0841 -0.5190 -0.8507
vn -0.2127 0.8333 0.5102
vn 0.9494 0.3140 -0.0052
vn -0.1053 0.4987 0.8604
vn -0.3536 0.3614 0.8627
vn -0.3669 0.2208 0.9037
vn 0.1702 0.9402 -0.2949
vn 0.2949 0.9402 -0.1702
vn 0.2949 0.9402 0.1702
vn 0.1702 0.9402 0.2949
vn -0.1702 0.9402 0.2949
vn -0.2949 0.9402 0.1702
vn -0.2949 0.9402 -0.1702
vn -0.1702 0.9402 -0.2949
vn -0.0000 -0.3088 -0.9511
vn 0.4756 -0.3088 -0.8237
vn 0.7612 -0.4770 -0.4395
vn 0.4756 -0.3087 0.8237
vn -0.0000 -0.3087 0.9511
vn -0.4756 -0.3087 0.8237
vn -0.4394 -0.4770 -0.7612
vn -0.0000 -0.1486 0.9889
vn 0.3576 -0.2343 -0.9040
vn 0.2213 -0.1469 0.9641
vn -0.6995 0.5391 -0.4690
vn 0.3782 0.3483 -0.8577
vn 0.0993 -0.2742 -0.9565
vn -0.9680 -0.2427 0.0634
vn 0.3076 -0.1463 -0.9402
vn -0.9769 0.1897 0.0987
vn 0.1559 0.5979 0.7863
vn 0.1022 -0.3122 0.9445
vt 0.283801 0.053065
vt 0.283533 0.053701
vt 0.282510 0.056120
vt 0.282805 0.055422
vt 0.283373 0.054079
vt 0.282334 0.056535
vt 0.284029 0.052526
vt 0.283055 0.054830
vt 0.283957 0.052698
vt 0.282975 0.055020
vt 0.283798 0.053074
vt 0.282800 0.055434
vt 0.283529 0.053710
vt 0.282505 0.056132
vt 0.283300 0.054251
vt 0.282254 0.056725
vt 0.281360 0.058838
vt 0.281084 0.059491
vt 0.281181 0.059262
vt 0.281383 0.058784
vt 0.279500 0.063237
vt 0.279780 0.062575
vt 0.279345 0.063604
vt 0.277469 0.068041
vt 0.277692 0.067513
vt 0.278060 0.066642
vt 0.275513 0.072667
vt 0.275806 0.071972
vt 0.276266 0.070884
vt 0.276815 0.069587
vt 0.278532 0.065527
vt 0.280176 0.061638
vt 0.277231 0.068604
vt 0.278899 0.064659
vt 0.280496 0.060881
vt 0.281712 0.058006
vt 0.281988 0.057353
vt 0.278669 0.065201
vt 0.280338 0.061256
vt 0.281891 0.057583
vt 0.280055 0.061925
vt 0.281689 0.058062
vt 0.279662 0.062855
vt 0.278295 0.066087
vt 0.277830 0.067187
vt 0.276459 0.070429
vt 0.275919 0.071705
vt 0.274767 0.074430
vt 0.274152 0.075883
vt 0.273696 0.076963
vt 0.273145 0.078266
vt 0.272619 0.079510
vt 0.273837 0.076629
vt 0.273222 0.078084
vt 0.272508 0.079771
vt 0.272005 0.080961
vt 0.273668 0.077029
vt 0.272872 0.078910
vt 0.272324 0.080207
vt 0.272986 0.078641
vt 0.273483 0.077465
vt 0.272893 0.078862
vt 0.273567 0.077268
vt 0.274050 0.076125
vt 0.274593 0.074841
vt 0.274265 0.075617
vt 0.275219 0.073361
vt 0.274797 0.074359
vt 0.275686 0.072256
vt 0.274111 0.075981
vt 0.274424 0.075242
vt 0.275321 0.073120
vt 0.276928 0.069319
vt 0.283622 0.053489
vt 0.283753 0.053180
vt 0.282282 0.056659
vt 0.282139 0.056997
vt 0.283493 0.053793
vt 0.281997 0.057331
vt 0.283404 0.054006
vt 0.281899 0.057564
vt 0.283496 0.053786
vt 0.282000 0.057324
vt 0.283628 0.053476
vt 0.282144 0.056985
vt 0.283756 0.053172
vt 0.282285 0.056651
vt 0.283846 0.052961
vt 0.282383 0.056419
vt 0.280797 0.060170
vt 0.280685 0.060435
vt 0.280689 0.060426
vt 0.280527 0.060809
vt 0.278525 0.065543
vt 0.278339 0.065983
vt 0.278657 0.065230
vt 0.276364 0.070654
vt 0.276184 0.071078
vt 0.275939 0.071659
vt 0.273899 0.076483
vt 0.273553 0.077300
vt 0.273111 0.078347
vt 0.272765 0.079165
vt 0.275713 0.072192
vt 0.278158 0.066412
vt 0.272556 0.079659
vt 0.275562 0.072549
vt 0.278032 0.066709
vt 0.280371 0.061177
vt 0.280263 0.061433
vt 0.278163 0.066400
vt 0.280375 0.061168
vt 0.275739 0.072131
vt 0.280533 0.060794
vt 0.278347 0.065963
vt 0.278530 0.065531
vt 0.275982 0.071556
vt 0.276210 0.071017
vt 0.273341 0.077801
vt 0.273689 0.076980
vt 0.271224 0.082809
vt 0.271400 0.082391
vt 0.271870 0.081281
vt 0.270474 0.084582
vt 0.270417 0.084716
vt 0.271195 0.082878
vt 0.270862 0.083665
vt 0.270268 0.085069
vt 0.270216 0.085191
vt 0.272900 0.078845
vt 0.285064 0.050078
vt 0.285177 0.049812
vt 0.284073 0.052423
vt 0.283950 0.052714
vt 0.285275 0.049579
vt 0.284181 0.052168
vt 0.284980 0.050277
vt 0.283858 0.052932
vt 0.285045 0.050125
vt 0.283928 0.052765
vt 0.285144 0.049891
vt 0.284036 0.052510
vt 0.285256 0.049625
vt 0.284159 0.052219
vt 0.285340 0.049427
vt 0.284251 0.052002
vt 0.282646 0.055798
vt 0.282748 0.055556
vt 0.282670 0.055741
vt 0.282550 0.056025
vt 0.279190 0.063969
vt 0.279044 0.064315
vt 0.279286 0.063744
vt 0.276245 0.070935
vt 0.275843 0.071885
vt 0.275991 0.071535
vt 0.275089 0.073668
vt 0.275532 0.072621
vt 0.275813 0.071956
vt 0.275938 0.071662
vt 0.275502 0.072691
vt 0.275684 0.072262
vt 0.278877 0.064711
vt 0.278751 0.065008
vt 0.282412 0.056350
vt 0.282310 0.056593
vt 0.278847 0.064782
vt 0.282388 0.056408
vt 0.278993 0.064436
vt 0.282508 0.056123
vt 0.279160 0.064040
vt 0.284424 0.051592
vt 0.284590 0.051200
vt 0.282825 0.055375
vt 0.282643 0.055806
vt 0.284736 0.050856
vt 0.282984 0.054998
vt 0.284301 0.051884
vt 0.282507 0.056127
vt 0.284396 0.051659
vt 0.282611 0.055881
vt 0.284541 0.051315
vt 0.282770 0.055504
vt 0.284707 0.050924
vt 0.282952 0.055074
vt 0.284830 0.050632
vt 0.283088 0.054753
vt 0.281035 0.059606
vt 0.281185 0.059253
vt 0.281071 0.059522
vt 0.280896 0.059935
vt 0.278441 0.065743
vt 0.278247 0.066199
vt 0.278565 0.065448
vt 0.275706 0.072208
vt 0.275537 0.072609
vt 0.275285 0.073204
vt 0.272430 0.079956
vt 0.272055 0.080844
vt 0.271557 0.082021
vt 0.271132 0.083026
vt 0.275013 0.073847
vt 0.278024 0.066728
vt 0.270859 0.083671
vt 0.274816 0.074314
vt 0.277855 0.067126
vt 0.280697 0.060407
vt 0.280548 0.060760
vt 0.274984 0.073916
vt 0.277979 0.066833
vt 0.280661 0.060491
vt 0.278172 0.066378
vt 0.280836 0.060078
vt 0.278396 0.065847
vt 0.275235 0.073324
vt 0.275508 0.072678
vt 0.271731 0.081610
vt 0.272157 0.080603
vt 0.268895 0.088315
vt 0.269098 0.087835
vt 0.269713 0.086382
vt 0.267989 0.090460
vt 0.267887 0.090699
vt 0.268902 0.088300
vt 0.267792 0.090924
vt 0.268553 0.089125
vt 0.267735 0.091058
vt 0.271234 0.082785
vt 0.285111 0.049969
vt 0.284865 0.050550
vt 0.283567 0.053619
vt 0.283836 0.052983
vt 0.284655 0.051047
vt 0.283337 0.054163
vt 0.285296 0.049531
vt 0.284039 0.052503
vt 0.285161 0.049849
vt 0.283892 0.052852
vt 0.284951 0.050346
vt 0.283662 0.053395
vt 0.284705 0.050927
vt 0.283393 0.054032
vt 0.284520 0.051366
vt 0.283189 0.054513
vt 0.281598 0.058275
vt 0.281368 0.058820
vt 0.281532 0.058431
vt 0.281790 0.057823
vt 0.277443 0.068102
vt 0.277760 0.067352
vt 0.277246 0.068568
vt 0.273090 0.078396
vt 0.273312 0.077869
vt 0.273688 0.076982
vt 0.271269 0.082702
vt 0.271663 0.081771
vt 0.271067 0.083179
vt 0.269928 0.085872
vt 0.270021 0.085654
vt 0.270458 0.084619
vt 0.270453 0.084631
vt 0.270960 0.083433
vt 0.270381 0.084802
vt 0.271100 0.083102
vt 0.271320 0.082581
vt 0.271630 0.081849
vt 0.272266 0.080344
vt 0.272766 0.079163
vt 0.274177 0.075826
vt 0.274562 0.074915
vt 0.272564 0.079640
vt 0.274339 0.075441
vt 0.272170 0.080572
vt 0.273964 0.076329
vt 0.271567 0.081998
vt 0.273475 0.077485
vt 0.277936 0.066936
vt 0.277546 0.067857
vt 0.278253 0.066186
vt 0.281903 0.057555
vt 0.282160 0.056947
vt 0.282323 0.056560
vt 0.278450 0.065720
vt 0.282093 0.057104
vt 0.278150 0.066430
vt 0.285301 0.049519
vt 0.285433 0.049208
vt 0.284161 0.052215
vt 0.284017 0.052556
vt 0.285547 0.048936
vt 0.284287 0.051917
vt 0.285203 0.049751
vt 0.283909 0.052811
vt 0.285277 0.049575
vt 0.283991 0.052617
vt 0.285392 0.049303
vt 0.284116 0.052320
vt 0.285523 0.048993
vt 0.284260 0.051980
vt 0.285622 0.048760
vt 0.284368 0.051724
vt 0.282683 0.055711
vt 0.282803 0.055425
vt 0.282712 0.055641
vt 0.282572 0.055972
vt 0.279661 0.062857
vt 0.279489 0.063262
vt 0.279772 0.062594
vt 0.277142 0.068814
vt 0.276760 0.069716
vt 0.276845 0.069515
vt 0.276055 0.071383
vt 0.276396 0.070577
vt 0.276725 0.069799
vt 0.276782 0.069665
vt 0.276361 0.070659
vt 0.276485 0.070366
vt 0.279293 0.063726
vt 0.279146 0.064073
vt 0.282411 0.056353
vt 0.282290 0.056638
vt 0.279258 0.063810
vt 0.282382 0.056422
vt 0.279429 0.063405
vt 0.282522 0.056091
vt 0.279625 0.062941
vt 0.065243 0.097530
vt 0.065243 0.102908
vt 0.065243 0.104889
vt 0.065243 0.106363
vt 0.065243 0.107181
vt 0.065243 0.107387
vt 0.065243 0.085857
vt 0.065243 0.084107
vt 0.065243 0.083048
vt 0.065243 0.082281
vt 0.065243 0.081737
vt 0.065243 0.092822
vt 0.065243 0.089279
s 1
usemtl Color_Palette_01.005
f 176/10/98 173/11/99 174/12/100 177/13/101
f 173/11/102 175/14/103 189/15/104 174/12/105
f 178/16/106 176/10/98 177/13/101 179/17/107
f 180/18/108 178/16/109 179/17/110 181/19/111
f 182/20/112 180/18/108 181/19/111 183/21/113
f 184/22/114 182/20/115 183/21/116 185/23/117
f 186/24/118 184/22/114 185/23/117 187/25/119
f 175/14/103 186/24/120 187/25/121 189/15/104
f 187/25/119 185/23/117 210/26/122 188/27/123
f 189/15/104 187/25/121 188/27/124 190/28/125
f 174/12/105 189/15/104 190/28/125 191/29/126
f 190/28/125 192/30/127 194/31/128 191/29/126
f 188/27/124 193/32/129 192/30/127 190/28/125
f 193/32/129 196/33/130 195/34/131 192/30/127
f 192/30/127 195/34/131 198/35/132 194/31/128
f 196/33/130 217/36/133 197/37/134 195/34/131
f 195/34/131 197/37/134 199/38/135 198/35/132
f 198/35/136 199/38/137 201/39/138 200/40/139
f 194/31/140 198/35/136 200/40/139 203/41/141
f 200/40/139 201/39/138 244/42/142 202/43/143
f 203/41/141 200/40/139 202/43/143 205/44/144
f 204/45/145 203/41/141 205/44/144 207/46/146
f 191/29/147 194/31/140 203/41/141 204/45/145
f 205/44/148 202/43/149 245/47/150 206/48/151
f 207/46/152 205/44/148 206/48/151 208/49/153
f 181/19/111 179/17/110 207/46/152 208/49/153
f 179/17/107 177/13/101 204/45/145 207/46/146
f 208/49/153 206/48/151 211/50/154 209/51/155
f 183/21/113 181/19/111 208/49/153 209/51/155
f 209/51/156 211/50/157 213/52/158 210/26/122
f 185/23/117 183/21/116 209/51/156 210/26/122
f 206/48/151 245/47/150 212/53/159 211/50/154
f 211/50/157 212/53/160 214/54/161 213/52/158
f 210/26/122 213/52/158 193/32/162 188/27/123
f 213/52/158 214/54/161 196/33/163 193/32/162
f 212/53/160 216/55/164 215/56/165 214/54/161
f 214/54/161 215/56/165 217/36/166 196/33/163
f 216/55/164 220/57/167 218/58/168 215/56/165
f 215/56/165 218/58/168 219/59/169 217/36/166
f 218/58/168 221/60/170 223/61/171 219/59/169
f 220/57/167 222/62/172 221/60/170 218/58/168
f 222/62/172 225/63/173 224/64/174 221/60/170
f 221/60/170 224/64/174 227/65/175 223/61/171
f 225/63/173 239/66/176 226/67/177 224/64/174
f 224/64/174 226/67/177 228/68/178 227/65/175
f 223/61/179 227/65/180 228/68/181 230/69/182
f 226/67/177 237/70/183 229/71/184 228/68/178
f 230/69/182 228/68/181 229/71/185 232/72/186
f 231/73/187 230/69/182 232/72/186 233/74/188
f 219/59/189 223/61/179 230/69/182 231/73/187
f 233/74/190 232/72/191 234/75/192 235/76/193
f 232/72/191 229/71/194 237/70/195 234/75/192
f 235/76/193 234/75/192 236/77/196 243/78/197
f 234/75/192 237/70/195 238/79/198 236/77/196
f 239/66/176 238/79/199 237/70/183 226/67/177
f 236/77/200 238/79/201 239/66/202 240/80/203
f 240/80/203 239/66/202 225/63/204 222/62/205
f 241/81/206 240/80/203 222/62/205 220/57/207
f 243/78/208 236/77/200 240/80/203 241/81/206
f 242/82/209 241/81/206 220/57/207 216/55/210
f 244/42/211 243/78/208 241/81/206 242/82/209
f 201/39/138 235/76/193 243/78/197 244/42/142
f 202/43/149 244/42/211 242/82/209 245/47/150
f 245/47/150 242/82/209 216/55/210 212/53/159
f 199/38/137 233/74/190 235/76/193 201/39/138
f 197/37/134 231/73/187 233/74/188 199/38/135
f 217/36/133 219/59/189 231/73/187 197/37/134
f 177/13/101 174/12/100 191/29/147 204/45/145
f 246/83/212 248/84/213 262/85/214 247/86/215
f 249/87/216 246/83/217 247/86/218 250/88/219
f 251/89/220 249/87/216 250/88/219 252/90/221
f 253/91/222 251/89/223 252/90/224 254/92/225
f 255/93/226 253/91/222 254/92/225 256/94/227
f 257/95/228 255/93/229 256/94/230 258/96/231
f 259/97/232 257/95/228 258/96/231 260/98/233
f 248/84/213 259/97/234 260/98/235 262/85/214
f 262/85/214 260/98/235 261/99/236 263/100/237
f 260/98/233 258/96/231 283/101/238 261/99/239
f 247/86/215 262/85/214 263/100/237 264/102/240
f 263/100/237 265/103/241 267/104/242 264/102/240
f 261/99/236 266/105/243 265/103/241 263/100/237
f 266/105/243 269/106/244 268/107/245 265/103/241
f 265/103/241 268/107/245 271/108/246 267/104/242
f 269/106/244 290/109/247 270/110/248 268/107/245
f 268/107/245 270/110/248 272/111/249 271/108/246
f 271/108/250 272/111/251 274/112/252 273/113/253
f 267/104/254 271/108/250 273/113/253 276/114/255
f 273/113/253 274/112/252 300/115/256 275/116/257
f 276/114/255 273/113/253 275/116/257 278/117/258
f 264/102/259 267/104/254 276/114/255 277/118/260
f 277/118/260 276/114/255 278/117/258 280/119/261
f 280/119/262 278/117/263 279/120/264 281/121/265
f 278/117/263 275/116/266 302/122/267 279/120/264
f 254/92/225 252/90/224 280/119/262 281/121/265
f 252/90/221 250/88/219 277/118/260 280/119/261
f 256/94/227 254/92/225 281/121/265 282/123/268
f 281/121/265 279/120/264 284/124/269 282/123/268
f 258/96/231 256/94/230 282/123/270 283/101/238
f 282/123/270 284/124/271 286/125/272 283/101/238
f 279/120/264 302/122/267 285/126/273 284/124/269
f 284/124/271 285/126/274 287/127/275 286/125/272
f 283/101/238 286/125/272 266/105/276 261/99/239
f 286/125/272 287/127/275 269/106/277 266/105/276
f 285/126/274 289/128/278 288/129/279 287/127/275
f 287/127/275 288/129/279 290/109/280 269/106/277
f 289/128/278 292/130/281 291/131/282 288/129/279
f 288/129/279 291/131/282 294/132/283 290/109/280
f 292/130/281 299/133/284 293/134/285 291/131/282
f 291/131/282 293/134/285 295/135/286 294/132/283
f 290/109/247 294/132/287 295/135/288 270/110/248
f 270/110/248 295/135/288 296/136/289 272/111/249
f 293/134/285 297/137/290 296/136/291 295/135/286
f 272/111/251 296/136/292 297/137/293 274/112/252
f 299/133/284 298/138/294 297/137/290 293/134/285
f 274/112/252 297/137/293 298/138/295 300/115/256
f 300/115/296 298/138/297 299/133/298 301/139/299
f 275/116/266 300/115/296 301/139/299 302/122/267
f 302/122/267 301/139/299 289/128/300 285/126/273
f 301/139/299 299/133/298 292/130/301 289/128/300
f 250/88/219 247/86/218 264/102/259 277/118/260
f 306/140/302 303/141/303 304/142/304 307/143/305
f 303/141/306 305/144/307 319/145/308 304/142/309
f 308/146/310 306/140/302 307/143/305 309/147/311
f 310/148/312 308/146/313 309/147/314 311/149/315
f 312/150/316 310/148/312 311/149/315 313/151/317
f 314/152/318 312/150/319 313/151/320 315/153/321
f 316/154/322 314/152/318 315/153/321 317/155/323
f 305/144/307 316/154/324 317/155/325 319/145/308
f 317/155/323 315/153/321 343/156/326 318/157/327
f 319/145/308 317/155/325 318/157/328 320/158/329
f 304/142/309 319/145/308 320/158/329 321/159/330
f 320/158/329 322/160/331 324/161/332 321/159/330
f 318/157/328 323/162/333 322/160/331 320/158/329
f 323/162/333 327/163/334 325/164/335 322/160/331
f 322/160/331 325/164/335 326/165/336 324/161/332
f 328/166/337 331/167/338 326/165/339 325/164/340
f 329/168/341 328/166/337 325/164/340 327/163/342
f 342/169/343 330/170/344 328/166/337 329/168/341
f 330/170/344 332/171/345 331/167/338 328/166/337
f 324/161/346 326/165/347 331/167/348 333/172/349
f 333/172/349 331/167/348 332/171/350 335/173/351
f 334/174/352 333/172/349 335/173/351 336/175/353
f 321/159/354 324/161/346 333/172/349 334/174/352
f 336/175/355 335/173/356 337/176/357 338/177/358
f 335/173/356 332/171/359 330/170/360 337/176/357
f 338/177/358 337/176/357 339/178/361 341/179/362
f 337/176/357 330/170/360 342/169/363 339/178/361
f 339/178/364 342/169/365 329/168/366 340/180/367
f 341/179/368 339/178/364 340/180/367 343/156/326
f 315/153/321 313/151/320 341/179/368 343/156/326
f 313/151/317 311/149/315 338/177/358 341/179/362
f 343/156/326 340/180/367 323/162/369 318/157/327
f 340/180/367 329/168/366 327/163/370 323/162/369
f 311/149/315 309/147/314 336/175/355 338/177/358
f 309/147/311 307/143/305 334/174/352 336/175/353
f 307/143/305 304/142/304 321/159/354 334/174/352
f 347/181/371 344/182/372 345/183/373 348/184/374
f 344/182/375 346/185/376 360/186/377 345/183/378
f 349/187/379 347/181/371 348/184/374 350/188/380
f 351/189/381 349/187/382 350/188/383 352/190/384
f 353/191/385 351/189/381 352/190/384 354/192/386
f 355/193/387 353/191/388 354/192/389 356/194/390
f 357/195/391 355/193/387 356/194/390 358/196/392
f 346/185/376 357/195/393 358/196/394 360/186/377
f 358/196/392 356/194/390 381/197/395 359/198/396
f 360/186/377 358/196/394 359/198/397 361/199/398
f 345/183/378 360/186/377 361/199/398 362/200/399
f 361/199/398 363/201/400 365/202/401 362/200/399
f 359/198/397 364/203/402 363/201/400 361/199/398
f 364/203/402 367/204/403 366/205/404 363/201/400
f 363/201/400 366/205/404 369/206/405 365/202/401
f 367/204/403 388/207/406 368/208/407 366/205/404
f 366/205/404 368/208/407 370/209/408 369/206/405
f 369/206/409 370/209/410 372/210/411 371/211/412
f 365/202/413 369/206/409 371/211/412 374/212/414
f 371/211/412 372/210/411 398/213/415 373/214/416
f 374/212/414 371/211/412 373/214/416 376/215/417
f 375/216/418 374/212/414 376/215/417 378/217/419
f 362/200/420 365/202/413 374/212/414 375/216/418
f 376/215/421 373/214/422 400/218/423 377/219/424
f 378/217/425 376/215/421 377/219/424 379/220/426
f 352/190/384 350/188/383 378/217/425 379/220/426
f 350/188/380 348/184/374 375/216/418 378/217/419
f 379/220/426 377/219/424 382/221/427 380/222/428
f 354/192/386 352/190/384 379/220/426 380/222/428
f 380/222/429 382/221/430 384/223/431 381/197/395
f 356/194/390 354/192/389 380/222/429 381/197/395
f 377/219/424 400/218/423 383/224/432 382/221/427
f 382/221/430 383/224/433 385/225/434 384/223/431
f 381/197/395 384/223/431 364/203/435 359/198/396
f 384/223/431 385/225/434 367/204/436 364/203/435
f 383/224/433 387/226/437 386/227/438 385/225/434
f 385/225/434 386/227/438 388/207/439 367/204/436
f 387/226/437 390/228/440 389/229/441 386/227/438
f 386/227/438 389/229/441 392/230/442 388/207/439
f 390/228/440 397/231/443 391/232/444 389/229/441
f 389/229/441 391/232/444 393/233/445 392/230/442
f 388/207/406 392/230/446 393/233/447 368/208/407
f 391/232/444 395/234/448 394/235/449 393/233/445
f 368/208/407 393/233/447 394/235/450 370/209/408
f 370/209/410 394/235/451 395/234/452 372/210/411
f 397/231/443 396/236/453 395/234/448 391/232/444
f 372/210/411 395/234/452 396/236/454 398/213/415
f 398/213/455 396/236/456 397/231/457 399/237/458
f 373/214/422 398/213/455 399/237/458 400/218/423
f 400/218/423 399/237/458 387/226/459 383/224/432
f 399/237/458 397/231/457 390/228/460 387/226/459
f 348/184/374 345/183/373 362/200/420 375/216/418
f 404/238/461 401/239/462 402/240/463 405/241/464
f 401/239/465 403/242/466 417/243/467 402/240/468
f 406/244/469 404/238/461 405/241/464 407/245/470
f 408/246/471 406/244/472 407/245/473 409/247/474
f 410/248/475 408/246/471 409/247/474 411/249/476
f 412/250/477 410/248/478 411/249/479 413/251/480
f 414/252/481 412/250/477 413/251/480 415/253/482
f 403/242/466 414/252/483 415/253/484 417/243/467
f 415/253/482 413/251/480 457/254/485 416/255/486
f 417/243/467 415/253/484 416/255/487 418/256/488
f 402/240/468 417/243/467 418/256/488 419/257/489
f 418/256/488 420/258/490 422/259/491 419/257/489
f 416/255/487 421/260/492 420/258/490 418/256/488
f 421/260/492 425/261/493 423/262/494 420/258/490
f 420/258/490 423/262/494 424/263/495 422/259/491
f 423/262/494 426/264/496 428/265/497 424/263/495
f 425/261/493 427/266/498 426/264/496 423/262/494
f 427/266/498 431/267/499 429/268/500 426/264/496
f 426/264/496 429/268/500 430/269/501 428/265/497
f 432/270/502 435/271/503 430/269/504 429/268/505
f 433/272/506 432/270/502 429/268/505 431/267/507
f 446/273/508 434/274/509 432/270/502 433/272/506
f 434/274/509 436/275/510 435/271/503 432/270/502
f 428/265/511 430/269/512 435/271/513 437/276/514
f 437/276/514 435/271/513 436/275/515 439/277/516
f 438/278/517 437/276/514 439/277/516 440/279/518
f 424/263/519 428/265/511 437/276/514 438/278/517
f 440/279/520 439/277/521 441/280/522 442/281/523
f 439/277/521 436/275/524 434/274/525 441/280/522
f 442/281/523 441/280/522 443/282/526 445/283/527
f 441/280/522 434/274/525 446/273/528 443/282/526
f 443/282/529 446/273/530 433/272/531 444/284/532
f 445/283/533 443/282/529 444/284/532 447/285/534
f 448/286/535 445/283/533 447/285/534 449/287/536
f 451/288/537 442/281/523 445/283/527 448/286/538
f 450/289/539 448/286/535 449/287/536 457/254/485
f 452/290/540 451/288/537 448/286/538 450/289/541
f 454/291/542 453/292/543 451/288/537 452/290/540
f 453/292/543 440/279/520 442/281/523 451/288/537
f 456/293/544 455/294/545 453/292/546 454/291/547
f 455/294/545 438/278/517 440/279/518 453/292/546
f 419/257/548 422/259/549 455/294/545 456/293/544
f 422/259/549 424/263/519 438/278/517 455/294/545
f 407/245/470 405/241/464 456/293/544 454/291/547
f 405/241/464 402/240/463 419/257/548 456/293/544
f 409/247/474 407/245/473 454/291/542 452/290/540
f 411/249/476 409/247/474 452/290/540 450/289/541
f 413/251/480 411/249/479 450/289/539 457/254/485
f 457/254/485 449/287/536 421/260/550 416/255/486
f 449/287/536 447/285/534 425/261/551 421/260/550
f 447/285/534 444/284/532 427/266/552 425/261/551
f 444/284/532 433/272/531 431/267/553 427/266/552
f 461/295/554 458/296/555 459/297/556 462/298/557
f 458/296/558 460/299/559 474/300/560 459/297/561
f 463/301/562 461/295/554 462/298/557 464/302/563
f 465/303/564 463/301/565 464/302/566 466/304/567
f 467/305/568 465/303/564 466/304/567 468/306/569
f 469/307/570 467/305/571 468/306/572 470/308/573
f 471/309/574 469/307/570 470/308/573 472/310/575
f 460/299/559 471/309/576 472/310/577 474/300/560
f 472/310/575 470/308/573 498/311/578 473/312/579
f 474/300/560 472/310/577 473/312/580 475/313/581
f 459/297/561 474/300/560 475/313/581 476/314/582
f 475/313/581 477/315/583 479/316/584 476/314/582
f 473/312/580 478/317/585 477/315/583 475/313/581
f 478/317/585 482/318/586 480/319/587 477/315/583
f 477/315/583 480/319/587 481/320/588 479/316/584
f 483/321/589 486/322/590 481/320/591 480/319/592
f 484/323/593 483/321/589 480/319/592 482/318/594
f 497/324/595 485/325/596 483/321/589 484/323/593
f 485/325/596 487/326/597 486/322/590 483/321/589
f 479/316/598 481/320/591 486/322/590 488/327/599
f 488/327/599 486/322/590 487/326/597 490/328/600
f 489/329/601 488/327/599 490/328/600 491/330/602
f 476/314/603 479/316/598 488/327/599 489/329/601
f 491/330/604 490/328/605 492/331/606 493/332/607
f 490/328/605 487/326/597 485/325/596 492/331/606
f 493/332/607 492/331/606 494/333/608 496/334/609
f 492/331/606 485/325/596 497/324/595 494/333/608
f 494/333/610 497/324/611 484/323/612 495/335/613
f 496/334/614 494/333/610 495/335/613 498/311/578
f 470/308/573 468/306/572 496/334/614 498/311/578
f 468/306/569 466/304/567 493/332/607 496/334/609
f 498/311/578 495/335/613 478/317/615 473/312/579
f 495/335/613 484/323/612 482/318/616 478/317/615
f 466/304/567 464/302/566 491/330/604 493/332/607
f 464/302/563 462/298/557 489/329/601 491/330/602
f 462/298/557 459/297/556 476/314/603 489/329/601
f 597/336/617 500/337/618 504/337/619 598/336/620
f 600/336/621 512/337/622 516/337/623 601/336/624
f 601/336/624 516/337/623 520/337/625 602/336/626
f 602/336/626 520/337/625 524/337/627 603/336/628
f 603/336/628 524/337/627 528/337/629 604/336/630
f 604/336/630 528/337/629 532/337/631 605/336/632
f 605/336/632 532/337/631 536/337/633 606/336/634
f 606/336/634 536/337/633 540/337/635 607/336/636
f 607/336/636 540/337/635 544/337/637 596/336/638
f 598/336/620 504/337/619 508/337/639 599/336/640
f 599/336/640 508/337/639 512/337/622 600/336/621
f 596/336/638 544/337/637 500/337/618 597/336/617
f 504/337/619 500/337/618 503/338/641 507/338/642
f 507/338/642 503/338/641 502/339/643 506/339/644
f 506/339/644 502/339/643 501/340/645 505/340/646
f 505/340/646 501/340/645 499/341/647
f 508/337/639 504/337/619 507/338/642 511/338/648
f 511/338/648 507/338/642 506/339/644 510/339/649
f 510/339/649 506/339/644 505/340/646 509/340/650
f 509/340/650 505/340/646 499/341/647
f 512/337/622 508/337/639 511/338/648 515/338/651
f 515/338/651 511/338/648 510/339/649 514/339/652
f 514/339/652 510/339/649 509/340/650 513/340/653
f 513/340/653 509/340/650 499/341/647
f 516/337/623 512/337/622 515/338/651 519/338/654
f 519/338/654 515/338/651 514/339/652 518/339/655
f 518/339/655 514/339/652 513/340/653 517/340/656
f 517/340/656 513/340/653 499/341/647
f 520/337/625 516/337/623 519/338/654 523/338/657
f 523/338/657 519/338/654 518/339/655 522/339/658
f 522/339/658 518/339/655 517/340/656 521/340/659
f 521/340/659 517/340/656 499/341/647
f 524/337/627 520/337/625 523/338/657 527/338/660
f 527/338/660 523/338/657 522/339/658 526/339/661
f 526/339/661 522/339/658 521/340/659 525/340/662
f 525/340/662 521/340/659 499/341/647
f 528/337/629 524/337/627 527/338/660 531/338/663
f 531/338/663 527/338/660 526/339/661 530/339/664
f 530/339/664 526/339/661 525/340/662 529/340/665
f 529/340/665 525/340/662 499/341/647
f 532/337/631 528/337/629 531/338/663 535/338/666
f 535/338/666 531/338/663 530/339/664 534/339/667
f 534/339/667 530/339/664 529/340/665 533/340/668
f 533/340/668 529/340/665 499/341/647
f 536/337/633 532/337/631 535/338/666 539/338/669
f 539/338/669 535/338/666 534/339/667 538/339/670
f 538/339/670 534/339/667 533/340/668 537/340/671
f 537/340/671 533/340/668 499/341/647
f 540/337/635 536/337/633 539/338/669 543/338/672
f 543/338/672 539/338/669 538/339/670 542/339/673
f 542/339/673 538/339/670 537/340/671 541/340/674
f 541/340/674 537/340/671 499/341/647
f 544/337/637 540/337/635 543/338/672 547/338/675
f 547/338/675 543/338/672 542/339/673 546/339/676
f 546/339/676 542/339/673 541/340/674 545/340/677
f 545/340/677 541/340/674 499/341/647
f 500/337/618 544/337/637 547/338/675 503/338/641
f 503/338/641 547/338/675 546/339/676 502/339/643
f 502/339/643 546/339/676 545/340/677 501/340/645
f 501/340/645 545/340/677 499/341/647
f 549/342/678 552/342/679 554/343/680 551/343/681
f 551/343/681 554/343/680 555/344/682 550/344/683
f 608/345/684 609/345/685 553/346/686 548/346/687
f 552/342/679 556/342/688 558/343/689 554/343/680
f 554/343/680 558/343/689 559/344/690 555/344/682
f 609/345/685 610/345/691 557/346/692 553/346/686
f 556/342/688 560/342/693 562/343/694 558/343/689
f 558/343/689 562/343/694 563/344/695 559/344/690
f 610/345/691 611/345/696 561/346/697 557/346/692
f 560/342/693 564/342/698 566/343/699 562/343/694
f 562/343/694 566/343/699 567/344/700 563/344/695
f 611/345/696 612/345/701 565/346/702 561/346/697
f 564/342/698 568/342/703 570/343/704 566/343/699
f 566/343/699 570/343/704 571/344/705 567/344/700
f 612/345/701 613/345/706 569/346/707 565/346/702
f 568/342/703 572/342/708 574/343/709 570/343/704
f 570/343/704 574/343/709 575/344/710 571/344/705
f 613/345/706 614/345/711 573/346/712 569/346/707
f 572/342/708 576/342/713 578/343/714 574/343/709
f 574/343/709 578/343/714 579/344/715 575/344/710
f 614/345/711 615/345/716 577/346/717 573/346/712
f 576/342/713 580/342/718 582/343/719 578/343/714
f 578/343/714 582/343/719 583/344/720 579/344/715
f 615/345/716 616/345/721 581/346/722 577/346/717
f 580/342/718 584/342/723 586/343/724 582/343/719
f 582/343/719 586/343/724 587/344/725 583/344/720
f 616/345/721 617/345/726 585/346/727 581/346/722
f 584/342/723 588/342/728 590/343/729 586/343/724
f 586/343/724 590/343/729 591/344/730 587/344/725
f 617/345/726 618/345/731 589/346/732 585/346/727
f 588/342/728 592/342/733 594/343/734 590/343/729
f 590/343/729 594/343/734 595/344/735 591/344/730
f 618/345/731 619/345/736 593/346/737 589/346/732
f 592/342/733 549/342/678 551/343/681 594/343/734
f 594/343/734 551/343/681 550/344/683 595/344/735
f 619/345/736 608/345/684 548/346/687 593/346/737
f 548/346/687 553/346/686 557/346/692 561/346/697 565/346/702 569/346/707 573/346/712 577/346/717 581/346/722 585/346/727 589/346/732 593/346/737
f 631/347/738 596/336/638 597/336/617 620/347/739
f 622/347/740 599/336/640 600/336/621 623/347/741
f 621/347/742 598/336/620 599/336/640 622/347/740
f 630/347/743 607/336/636 596/336/638 631/347/738
f 629/347/744 606/336/634 607/336/636 630/347/743
f 628/347/745 605/336/632 606/336/634 629/347/744
f 627/347/746 604/336/630 605/336/632 628/347/745
f 626/347/747 603/336/628 604/336/630 627/347/746
f 625/347/748 602/336/626 603/336/628 626/347/747
f 624/347/749 601/336/624 602/336/626 625/347/748
f 623/347/741 600/336/621 601/336/624 624/347/749
f 620/347/739 597/336/617 598/336/620 621/347/742
f 595/344/735 550/344/683 608/345/684 619/345/736
f 591/344/730 595/344/735 619/345/736 618/345/731
f 587/344/725 591/344/730 618/345/731 617/345/726
f 583/344/720 587/344/725 617/345/726 616/345/721
f 579/344/715 583/344/720 616/345/721 615/345/716
f 575/344/710 579/344/715 615/345/716 614/345/711
f 571/344/705 575/344/710 614/345/711 613/345/706
f 567/344/700 571/344/705 613/345/706 612/345/701
f 563/344/695 567/344/700 612/345/701 611/345/696
f 559/344/690 563/344/695 611/345/696 610/345/691
f 555/344/682 559/344/690 610/345/691 609/345/685
f 550/344/683 555/344/682 609/345/685 608/345/684
f 632/348/750 620/347/739 621/347/742 633/348/751
f 635/348/752 623/347/741 624/347/749 636/348/753
f 636/348/753 624/347/749 625/347/748 637/348/754
f 637/348/754 625/347/748 626/347/747 638/348/755
f 638/348/755 626/347/747 627/347/746 639/348/756
f 639/348/756 627/347/746 628/347/745 640/348/757
f 640/348/757 628/347/745 629/347/744 641/348/758
f 641/348/758 629/347/744 630/347/743 642/348/759
f 642/348/759 630/347/743 631/347/738 643/348/760
f 633/348/751 621/347/742 622/347/740 634/348/761
f 634/348/761 622/347/740 623/347/741 635/348/752
f 643/348/760 631/347/738 620/347/739 632/348/750
f 592/342/733 643/348/760 632/348/750 549/342/678
f 556/342/688 634/348/761 635/348/752 560/342/693
f 552/342/679 633/348/751 634/348/761 556/342/688
f 588/342/728 642/348/759 643/348/760 592/342/733
f 584/342/723 641/348/758 642/348/759 588/342/728
f 580/342/718 640/348/757 641/348/758 584/342/723
f 576/342/713 639/348/756 640/348/757 580/342/718
f 572/342/708 638/348/755 639/348/756 576/342/713
f 568/342/703 637/348/754 638/348/755 572/342/708
f 564/342/698 636/348/753 637/348/754 568/342/703
f 560/342/693 635/348/752 636/348/753 564/342/698
f 549/342/678 632/348/750 633/348/751 552/342/679
f 647/10/98 644/11/99 645/12/100 648/13/101
f 644/11/102 646/14/103 660/15/104 645/12/105
f 649/16/106 647/10/98 648/13/101 650/17/107
f 651/18/108 649/16/109 650/17/110 652/19/111
f 653/20/112 651/18/108 652/19/111 654/21/113
f 655/22/114 653/20/115 654/21/116 656/23/117
f 657/24/762 655/22/114 656/23/117 658/25/119
f 646/14/103 657/24/120 658/25/121 660/15/104
f 658/25/119 656/23/117 681/26/122 659/27/763
f 660/15/104 658/25/121 659/27/124 661/28/125
f 645/12/105 660/15/104 661/28/125 662/29/126
f 661/28/125 663/30/127 665/31/128 662/29/126
f 659/27/124 664/32/129 663/30/127 661/28/125
f 664/32/129 667/33/130 666/34/131 663/30/127
f 663/30/127 666/34/131 669/35/132 665/31/128
f 667/33/130 688/36/133 668/37/134 666/34/131
f 666/34/131 668/37/134 670/38/135 669/35/132
f 669/35/136 670/38/137 672/39/138 671/40/139
f 665/31/140 669/35/136 671/40/139 674/41/141
f 671/40/139 672/39/138 715/42/142 673/43/143
f 674/41/141 671/40/139 673/43/143 676/44/144
f 675/45/145 674/41/141 676/44/144 678/46/146
f 662/29/147 665/31/140 674/41/141 675/45/145
f 676/44/764 673/43/149 716/47/150 677/48/151
f 678/46/152 676/44/764 677/48/151 679/49/153
f 652/19/111 650/17/110 678/46/152 679/49/153
f 650/17/107 648/13/101 675/45/145 678/46/146
f 679/49/153 677/48/151 682/50/154 680/51/155
f 654/21/113 652/19/111 679/49/153 680/51/155
f 680/51/765 682/50/157 684/52/158 681/26/122
f 656/23/117 654/21/116 680/51/765 681/26/122
f 677/48/151 716/47/150 683/53/159 682/50/154
f 682/50/157 683/53/160 685/54/161 684/52/158
f 681/26/122 684/52/158 664/32/162 659/27/763
f 684/52/158 685/54/161 667/33/163 664/32/162
f 683/53/160 687/55/164 686/56/165 685/54/161
f 685/54/161 686/56/165 688/36/166 667/33/163
f 687/55/164 691/57/766 689/58/168 686/56/165
f 686/56/165 689/58/168 690/59/169 688/36/166
f 689/58/168 692/60/170 694/61/171 690/59/169
f 691/57/766 693/62/172 692/60/170 689/58/168
f 693/62/172 696/63/173 695/64/174 692/60/170
f 692/60/170 695/64/174 698/65/175 694/61/171
f 696/63/173 710/66/176 697/67/177 695/64/174
f 695/64/174 697/67/177 699/68/178 698/65/175
f 694/61/179 698/65/180 699/68/181 701/69/182
f 697/67/177 708/70/183 700/71/184 699/68/178
f 701/69/182 699/68/181 700/71/185 703/72/186
f 702/73/187 701/69/182 703/72/186 704/74/188
f 690/59/189 694/61/179 701/69/182 702/73/187
f 704/74/190 703/72/191 705/75/192 706/76/193
f 703/72/191 700/71/194 708/70/195 705/75/192
f 706/76/193 705/75/192 707/77/196 714/78/197
f 705/75/192 708/70/195 709/79/198 707/77/196
f 710/66/176 709/79/199 708/70/183 697/67/177
f 707/77/200 709/79/201 710/66/202 711/80/203
f 711/80/203 710/66/202 696/63/204 693/62/205
f 712/81/206 711/80/203 693/62/205 691/57/207
f 714/78/208 707/77/200 711/80/203 712/81/206
f 713/82/767 712/81/206 691/57/207 687/55/210
f 715/42/211 714/78/208 712/81/206 713/82/767
f 672/39/138 706/76/193 714/78/197 715/42/142
f 673/43/149 715/42/211 713/82/767 716/47/150
f 716/47/150 713/82/767 687/55/210 683/53/159
f 670/38/137 704/74/190 706/76/193 672/39/138
f 668/37/134 702/73/187 704/74/188 670/38/135
f 688/36/133 690/59/189 702/73/187 668/37/134
f 648/13/101 645/12/100 662/29/147 675/45/145
f 717/83/212 719/84/213 733/85/214 718/86/215
f 720/87/216 717/83/217 718/86/218 721/88/768
f 722/89/220 720/87/216 721/88/768 723/90/221
f 724/91/222 722/89/223 723/90/224 725/92/225
f 726/93/226 724/91/222 725/92/225 727/94/227
f 728/95/228 726/93/229 727/94/230 729/96/231
f 730/97/232 728/95/228 729/96/231 731/98/233
f 719/84/213 730/97/234 731/98/235 733/85/214
f 733/85/214 731/98/235 732/99/236 734/100/769
f 731/98/233 729/96/231 754/101/238 732/99/239
f 718/86/215 733/85/214 734/100/769 735/102/240
f 734/100/769 736/103/241 738/104/242 735/102/240
f 732/99/236 737/105/243 736/103/241 734/100/769
f 737/105/243 740/106/244 739/107/245 736/103/241
f 736/103/241 739/107/245 742/108/246 738/104/242
f 740/106/244 761/109/770 741/110/248 739/107/245
f 739/107/245 741/110/248 743/111/249 742/108/246
f 742/108/250 743/111/251 745/112/252 744/113/253
f 738/104/254 742/108/250 744/113/253 747/114/255
f 744/113/253 745/112/252 771/115/256 746/116/257
f 747/114/255 744/113/253 746/116/257 749/117/258
f 735/102/259 738/104/254 747/114/255 748/118/260
f 748/118/260 747/114/255 749/117/258 751/119/261
f 751/119/262 749/117/263 750/120/264 752/121/265
f 749/117/263 746/116/266 773/122/267 750/120/264
f 725/92/225 723/90/224 751/119/262 752/121/265
f 723/90/221 721/88/768 748/118/260 751/119/261
f 727/94/227 725/92/225 752/121/265 753/123/268
f 752/121/265 750/120/264 755/124/269 753/123/268
f 729/96/231 727/94/230 753/123/270 754/101/238
f 753/123/270 755/124/271 757/125/272 754/101/238
f 750/120/264 773/122/267 756/126/273 755/124/269
f 755/124/271 756/126/274 758/127/275 757/125/272
f 754/101/238 757/125/272 737/105/276 732/99/239
f 757/125/272 758/127/275 740/106/277 737/105/276
f 756/126/274 760/128/278 759/129/279 758/127/275
f 758/127/275 759/129/279 761/109/280 740/106/277
f 760/128/278 763/130/281 762/131/282 759/129/279
f 759/129/279 762/131/282 765/132/283 761/109/280
f 763/130/281 770/133/284 764/134/285 762/131/282
f 762/131/282 764/134/285 766/135/286 765/132/283
f 761/109/770 765/132/287 766/135/288 741/110/248
f 741/110/248 766/135/288 767/136/289 743/111/249
f 764/134/285 768/137/290 767/136/291 766/135/286
f 743/111/251 767/136/292 768/137/293 745/112/252
f 770/133/284 769/138/771 768/137/290 764/134/285
f 745/112/252 768/137/293 769/138/772 771/115/256
f 771/115/296 769/138/297 770/133/298 772/139/299
f 746/116/266 771/115/296 772/139/299 773/122/267
f 773/122/267 772/139/299 760/128/300 756/126/273
f 772/139/299 770/133/298 763/130/773 760/128/300
f 721/88/768 718/86/218 735/102/259 748/118/260
f 777/140/302 774/141/303 775/142/304 778/143/305
f 774/141/306 776/144/307 790/145/308 775/142/309
f 779/146/310 777/140/302 778/143/305 780/147/311
f 781/148/312 779/146/774 780/147/775 782/149/315
f 783/150/316 781/148/312 782/149/315 784/151/317
f 785/152/318 783/150/319 784/151/320 786/153/321
f 787/154/322 785/152/318 786/153/321 788/155/323
f 776/144/307 787/154/324 788/155/325 790/145/308
f 788/155/323 786/153/321 814/156/326 789/157/327
f 790/145/308 788/155/325 789/157/328 791/158/329
f 775/142/309 790/145/308 791/158/329 792/159/330
f 791/158/329 793/160/331 795/161/332 792/159/330
f 789/157/328 794/162/333 793/160/331 791/158/329
f 794/162/333 798/163/334 796/164/335 793/160/331
f 793/160/331 796/164/335 797/165/336 795/161/332
f 799/166/337 802/167/338 797/165/339 796/164/340
f 800/168/341 799/166/337 796/164/340 798/163/776
f 813/169/343 801/170/344 799/166/337 800/168/341
f 801/170/344 803/171/345 802/167/338 799/166/337
f 795/161/346 797/165/777 802/167/348 804/172/349
f 804/172/349 802/167/348 803/171/350 806/173/351
f 805/174/352 804/172/349 806/173/351 807/175/353
f 792/159/778 795/161/346 804/172/349 805/174/352
f 807/175/355 806/173/356 808/176/357 809/177/358
f 806/173/356 803/171/359 801/170/360 808/176/357
f 809/177/358 808/176/357 810/178/361 812/179/362
f 808/176/357 801/170/360 813/169/363 810/178/361
f 810/178/364 813/169/365 800/168/366 811/180/367
f 812/179/368 810/178/364 811/180/367 814/156/326
f 786/153/321 784/151/320 812/179/368 814/156/326
f 784/151/317 782/149/315 809/177/358 812/179/362
f 814/156/326 811/180/367 794/162/369 789/157/327
f 811/180/367 800/168/366 798/163/779 794/162/369
f 782/149/315 780/147/775 807/175/355 809/177/358
f 780/147/311 778/143/305 805/174/352 807/175/353
f 778/143/305 775/142/304 792/159/778 805/174/352
f 818/181/371 815/182/372 816/183/373 819/184/374
f 815/182/375 817/185/780 831/186/377 816/183/378
f 820/187/379 818/181/371 819/184/374 821/188/380
f 822/189/381 820/187/382 821/188/383 823/190/384
f 824/191/385 822/189/381 823/190/384 825/192/386
f 826/193/387 824/191/388 825/192/389 827/194/390
f 828/195/391 826/193/387 827/194/390 829/196/781
f 817/185/780 828/195/782 829/196/394 831/186/377
f 829/196/781 827/194/390 852/197/395 830/198/396
f 831/186/377 829/196/394 830/198/397 832/199/398
f 816/183/378 831/186/377 832/199/398 833/200/399
f 832/199/398 834/201/783 836/202/401 833/200/399
f 830/198/397 835/203/402 834/201/783 832/199/398
f 835/203/402 838/204/403 837/205/404 834/201/783
f 834/201/783 837/205/404 840/206/405 836/202/401
f 838/204/403 859/207/406 839/208/407 837/205/404
f 837/205/404 839/208/407 841/209/784 840/206/405
f 840/206/409 841/209/410 843/210/411 842/211/412
f 836/202/413 840/206/409 842/211/412 845/212/414
f 842/211/412 843/210/411 869/213/415 844/214/416
f 845/212/414 842/211/412 844/214/416 847/215/417
f 846/216/418 845/212/414 847/215/417 849/217/419
f 833/200/420 836/202/413 845/212/414 846/216/418
f 847/215/421 844/214/422 871/218/423 848/219/424
f 849/217/425 847/215/421 848/219/424 850/220/426
f 823/190/384 821/188/383 849/217/425 850/220/426
f 821/188/380 819/184/374 846/216/418 849/217/419
f 850/220/426 848/219/424 853/221/427 851/222/428
f 825/192/386 823/190/384 850/220/426 851/222/428
f 851/222/429 853/221/430 855/223/431 852/197/395
f 827/194/390 825/192/389 851/222/429 852/197/395
f 848/219/424 871/218/423 854/224/432 853/221/427
f 853/221/430 854/224/785 856/225/434 855/223/431
f 852/197/395 855/223/431 835/203/435 830/198/396
f 855/223/431 856/225/434 838/204/436 835/203/435
f 854/224/785 858/226/437 857/227/438 856/225/434
f 856/225/434 857/227/438 859/207/439 838/204/436
f 858/226/437 861/228/440 860/229/441 857/227/438
f 857/227/438 860/229/441 863/230/442 859/207/439
f 861/228/440 868/231/443 862/232/444 860/229/441
f 860/229/441 862/232/444 864/233/445 863/230/442
f 859/207/406 863/230/446 864/233/447 839/208/407
f 862/232/444 866/234/448 865/235/449 864/233/445
f 839/208/407 864/233/447 865/235/450 841/209/784
f 841/209/410 865/235/451 866/234/452 843/210/411
f 868/231/443 867/236/453 866/234/448 862/232/444
f 843/210/411 866/234/452 867/236/454 869/213/415
f 869/213/455 867/236/456 868/231/786 870/237/458
f 844/214/422 869/213/455 870/237/458 871/218/423
f 871/218/423 870/237/458 858/226/459 854/224/432
f 870/237/458 868/231/786 861/228/460 858/226/459
f 819/184/374 816/183/373 833/200/420 846/216/418
f 875/238/461 872/239/462 873/240/463 876/241/464
f 872/239/465 874/242/466 888/243/467 873/240/468
f 877/244/469 875/238/461 876/241/464 878/245/787
f 879/246/471 877/244/472 878/245/473 880/247/474
f 881/248/475 879/246/471 880/247/474 882/249/476
f 883/250/477 881/248/478 882/249/479 884/251/480
f 885/252/481 883/250/477 884/251/480 886/253/482
f 874/242/466 885/252/483 886/253/484 888/243/467
f 886/253/482 884/251/480 928/254/485 887/255/486
f 888/243/467 886/253/484 887/255/788 889/256/488
f 873/240/468 888/243/467 889/256/488 890/257/489
f 889/256/488 891/258/490 893/259/491 890/257/489
f 887/255/788 892/260/492 891/258/490 889/256/488
f 892/260/492 896/261/493 894/262/494 891/258/490
f 891/258/490 894/262/494 895/263/495 893/259/491
f 894/262/494 897/264/496 899/265/497 895/263/495
f 896/261/493 898/266/498 897/264/496 894/262/494
f 898/266/498 902/267/499 900/268/500 897/264/496
f 897/264/496 900/268/500 901/269/501 899/265/497
f 903/270/502 906/271/503 901/269/504 900/268/505
f 904/272/506 903/270/502 900/268/505 902/267/507
f 917/273/789 905/274/509 903/270/502 904/272/506
f 905/274/509 907/275/790 906/271/503 903/270/502
f 899/265/511 901/269/512 906/271/513 908/276/514
f 908/276/514 906/271/513 907/275/515 910/277/516
f 909/278/517 908/276/514 910/277/516 911/279/518
f 895/263/519 899/265/511 908/276/514 909/278/517
f 911/279/520 910/277/791 912/280/792 913/281/523
f 910/277/791 907/275/524 905/274/525 912/280/792
f 913/281/523 912/280/792 914/282/526 916/283/527
f 912/280/792 905/274/525 917/273/793 914/282/526
f 914/282/529 917/273/530 904/272/531 915/284/532
f 916/283/533 914/282/529 915/284/532 918/285/534
f 919/286/535 916/283/533 918/285/534 920/287/794
f 922/288/537 913/281/523 916/283/527 919/286/538
f 921/289/539 919/286/535 920/287/794 928/254/485
f 923/290/540 922/288/537 919/286/538 921/289/541
f 925/291/542 924/292/543 922/288/537 923/290/540
f 924/292/543 911/279/520 913/281/523 922/288/537
f 927/293/544 926/294/545 924/292/546 925/291/547
f 926/294/545 909/278/517 911/279/518 924/292/546
f 890/257/548 893/259/549 926/294/545 927/293/544
f 893/259/549 895/263/519 909/278/517 926/294/545
f 878/245/787 876/241/464 927/293/544 925/291/547
f 876/241/464 873/240/463 890/257/548 927/293/544
f 880/247/474 878/245/473 925/291/542 923/290/540
f 882/249/476 880/247/474 923/290/540 921/289/541
f 884/251/480 882/249/479 921/289/539 928/254/485
f 928/254/485 920/287/794 892/260/550 887/255/486
f 920/287/794 918/285/534 896/261/551 892/260/550
f 918/285/534 915/284/532 898/266/552 896/261/551
f 915/284/532 904/272/531 902/267/553 898/266/552
f 932/295/554 929/296/555 930/297/556 933/298/557
f 929/296/558 931/299/559 945/300/560 930/297/561
f 934/301/562 932/295/554 933/298/557 935/302/563
f 936/303/564 934/301/565 935/302/566 937/304/567
f 938/305/795 936/303/564 937/304/567 939/306/796
f 940/307/570 938/305/571 939/306/572 941/308/573
f 942/309/574 940/307/570 941/308/573 943/310/575
f 931/299/559 942/309/576 943/310/577 945/300/560
f 943/310/575 941/308/573 969/311/578 944/312/579
f 945/300/560 943/310/577 944/312/580 946/313/581
f 930/297/561 945/300/560 946/313/581 947/314/582
f 946/313/581 948/315/583 950/316/584 947/314/582
f 944/312/580 949/317/585 948/315/583 946/313/581
f 949/317/585 953/318/586 951/319/797 948/315/583
f 948/315/583 951/319/797 952/320/588 950/316/584
f 954/321/589 957/322/590 952/320/591 951/319/592
f 955/323/593 954/321/589 951/319/592 953/318/594
f 968/324/595 956/325/798 954/321/589 955/323/593
f 956/325/798 958/326/597 957/322/590 954/321/589
f 950/316/598 952/320/591 957/322/590 959/327/599
f 959/327/599 957/322/590 958/326/597 961/328/600
f 960/329/799 959/327/599 961/328/600 962/330/602
f 947/314/603 950/316/598 959/327/599 960/329/799
f 962/330/604 961/328/605 963/331/800 964/332/607
f 961/328/605 958/326/597 956/325/798 963/331/800
f 964/332/607 963/331/800 965/333/801 967/334/802
f 963/331/800 956/325/798 968/324/595 965/333/801
f 965/333/610 968/324/611 955/323/612 966/335/613
f 967/334/614 965/333/610 966/335/613 969/311/578
f 941/308/573 939/306/572 967/334/614 969/311/578
f 939/306/796 937/304/567 964/332/607 967/334/802
f 969/311/578 966/335/613 949/317/615 944/312/579
f 966/335/613 955/323/612 953/318/616 949/317/615
f 937/304/567 935/302/566 962/330/604 964/332/607
f 935/302/563 933/298/557 960/329/799 962/330/602
f 933/298/557 930/297/556 947/314/603 960/329/799
f 1068/336/617 971/337/618 975/337/619 1069/336/620
f 1071/336/621 983/337/622 987/337/623 1072/336/624
f 1072/336/624 987/337/623 991/337/625 1073/336/626
f 1073/336/626 991/337/625 995/337/627 1074/336/628
f 1074/336/628 995/337/627 999/337/629 1075/336/630
f 1075/336/630 999/337/629 1003/337/631 1076/336/632
f 1076/336/632 1003/337/631 1007/337/633 1077/336/634
f 1077/336/634 1007/337/633 1011/337/635 1078/336/636
f 1078/336/636 1011/337/635 1015/337/637 1067/336/638
f 1069/336/620 975/337/619 979/337/639 1070/336/640
f 1070/336/640 979/337/639 983/337/622 1071/336/621
f 1067/336/638 1015/337/637 971/337/618 1068/336/617
f 975/337/619 971/337/618 974/338/641 978/338/642
f 978/338/642 974/338/641 973/339/643 977/339/644
f 977/339/644 973/339/643 972/340/645 976/340/803
f 976/340/803 972/340/645 970/341/647
f 979/337/639 975/337/619 978/338/642 982/338/648
f 982/338/648 978/338/642 977/339/644 981/339/649
f 981/339/649 977/339/644 976/340/803 980/340/804
f 980/340/804 976/340/803 970/341/647
f 983/337/622 979/337/639 982/338/648 986/338/651
f 986/338/651 982/338/648 981/339/649 985/339/652
f 985/339/652 981/339/649 980/340/804 984/340/653
f 984/340/653 980/340/804 970/341/647
f 987/337/623 983/337/622 986/338/651 990/338/654
f 990/338/654 986/338/651 985/339/652 989/339/655
f 989/339/655 985/339/652 984/340/653 988/340/805
f 988/340/805 984/340/653 970/341/647
f 991/337/625 987/337/623 990/338/654 994/338/657
f 994/338/657 990/338/654 989/339/655 993/339/658
f 993/339/658 989/339/655 988/340/805 992/340/806
f 992/340/806 988/340/805 970/341/647
f 995/337/627 991/337/625 994/338/657 998/338/660
f 998/338/660 994/338/657 993/339/658 997/339/661
f 997/339/661 993/339/658 992/340/806 996/340/662
f 996/340/662 992/340/806 970/341/647
f 999/337/629 995/337/627 998/338/660 1002/338/663
f 1002/338/663 998/338/660 997/339/661 1001/339/664
f 1001/339/664 997/339/661 996/340/662 1000/340/807
f 1000/340/807 996/340/662 970/341/647
f 1003/337/631 999/337/629 1002/338/663 1006/338/666
f 1006/338/666 1002/338/663 1001/339/664 1005/339/667
f 1005/339/667 1001/339/664 1000/340/807 1004/340/808
f 1004/340/808 1000/340/807 970/341/647
f 1007/337/633 1003/337/631 1006/338/666 1010/338/669
f 1010/338/669 1006/338/666 1005/339/667 1009/339/670
f 1009/339/670 1005/339/667 1004/340/808 1008/340/671
f 1008/340/671 1004/340/808 970/341/647
f 1011/337/635 1007/337/633 1010/338/669 1014/338/672
f 1014/338/672 1010/338/669 1009/339/670 1013/339/673
f 1013/339/673 1009/339/670 1008/340/671 1012/340/809
f 1012/340/809 1008/340/671 970/341/647
f 1015/337/637 1011/337/635 1014/338/672 1018/338/675
f 1018/338/675 1014/338/672 1013/339/673 1017/339/676
f 1017/339/676 1013/339/673 1012/340/809 1016/340/810
f 1016/340/810 1012/340/809 970/341/647
f 971/337/618 1015/337/637 1018/338/675 974/338/641
f 974/338/641 1018/338/675 1017/339/676 973/339/643
f 973/339/643 1017/339/676 1016/340/810 972/340/645
f 972/340/645 1016/340/810 970/341/647
f 1020/342/811 1023/342/812 1025/343/680 1022/343/681
f 1022/343/681 1025/343/680 1026/344/682 1021/344/683
f 1079/345/684 1080/345/685 1024/346/686 1019/346/687
f 1023/342/812 1027/342/688 1029/343/813 1025/343/680
f 1025/343/680 1029/343/813 1030/344/690 1026/344/682
f 1080/345/685 1081/345/691 1028/346/692 1024/346/686
f 1027/342/688 1031/342/693 1033/343/694 1029/343/813
f 1029/343/813 1033/343/694 1034/344/695 1030/344/690
f 1081/345/691 1082/345/696 1032/346/697 1028/346/692
f 1031/342/693 1035/342/698 1037/343/699 1033/343/694
f 1033/343/694 1037/343/699 1038/344/700 1034/344/695
f 1082/345/696 1083/345/701 1036/346/702 1032/346/697
f 1035/342/698 1039/342/814 1041/343/704 1037/343/699
f 1037/343/699 1041/343/704 1042/344/705 1038/344/700
f 1083/345/701 1084/345/706 1040/346/707 1036/346/702
f 1039/342/814 1043/342/815 1045/343/709 1041/343/704
f 1041/343/704 1045/343/709 1046/344/710 1042/344/705
f 1084/345/706 1085/345/711 1044/346/712 1040/346/707
f 1043/342/815 1047/342/816 1049/343/714 1045/343/709
f 1045/343/709 1049/343/714 1050/344/715 1046/344/710
f 1085/345/711 1086/345/716 1048/346/717 1044/346/712
f 1047/342/816 1051/342/718 1053/343/719 1049/343/714
f 1049/343/714 1053/343/719 1054/344/720 1050/344/715
f 1086/345/716 1087/345/721 1052/346/722 1048/346/717
f 1051/342/718 1055/342/723 1057/343/724 1053/343/719
f 1053/343/719 1057/343/724 1058/344/725 1054/344/720
f 1087/345/721 1088/345/726 1056/346/727 1052/346/722
f 1055/342/723 1059/342/728 1061/343/729 1057/343/724
f 1057/343/724 1061/343/729 1062/344/730 1058/344/725
f 1088/345/726 1089/345/731 1060/346/732 1056/346/727
f 1059/342/728 1063/342/733 1065/343/817 1061/343/729
f 1061/343/729 1065/343/817 1066/344/735 1062/344/730
f 1089/345/731 1090/345/736 1064/346/737 1060/346/732
f 1063/342/733 1020/342/811 1022/343/681 1065/343/817
f 1065/343/817 1022/343/681 1021/344/683 1066/344/735
f 1090/345/736 1079/345/684 1019/346/687 1064/346/737
f 1019/346/687 1024/346/686 1028/346/692 1032/346/697 1036/346/702 1040/346/707 1044/346/712 1048/346/717 1052/346/722 1056/346/727 1060/346/732 1064/346/737
f 1102/347/738 1067/336/638 1068/336/617 1091/347/739
f 1093/347/740 1070/336/640 1071/336/621 1094/347/741
f 1092/347/742 1069/336/620 1070/336/640 1093/347/740
f 1101/347/743 1078/336/636 1067/336/638 1102/347/738
f 1100/347/744 1077/336/634 1078/336/636 1101/347/743
f 1099/347/745 1076/336/632 1077/336/634 1100/347/744
f 1098/347/746 1075/336/630 1076/336/632 1099/347/745
f 1097/347/818 1074/336/628 1075/336/630 1098/347/746
f 1096/347/748 1073/336/626 1074/336/628 1097/347/818
f 1095/347/749 1072/336/624 1073/336/626 1096/347/748
f 1094/347/741 1071/336/621 1072/336/624 1095/347/749
f 1091/347/739 1068/336/617 1069/336/620 1092/347/742
f 1066/344/735 1021/344/683 1079/345/684 1090/345/736
f 1062/344/730 1066/344/735 1090/345/736 1089/345/731
f 1058/344/725 1062/344/730 1089/345/731 1088/345/726
f 1054/344/720 1058/344/725 1088/345/726 1087/345/721
f 1050/344/715 1054/344/720 1087/345/721 1086/345/716
f 1046/344/710 1050/344/715 1086/345/716 1085/345/711
f 1042/344/705 1046/344/710 1085/345/711 1084/345/706
f 1038/344/700 1042/344/705 1084/345/706 1083/345/701
f 1034/344/695 1038/344/700 1083/345/701 1082/345/696
f 1030/344/690 1034/344/695 1082/345/696 1081/345/691
f 1026/344/682 1030/344/690 1081/345/691 1080/345/685
f 1021/344/683 1026/344/682 1080/345/685 1079/345/684
f 1103/348/750 1091/347/739 1092/347/742 1104/348/751
f 1106/348/752 1094/347/741 1095/347/749 1107/348/753
f 1107/348/753 1095/347/749 1096/347/748 1108/348/754
f 1108/348/754 1096/347/748 1097/347/818 1109/348/755
f 1109/348/755 1097/347/818 1098/347/746 1110/348/756
f 1110/348/756 1098/347/746 1099/347/745 1111/348/757
f 1111/348/757 1099/347/745 1100/347/744 1112/348/758
f 1112/348/758 1100/347/744 1101/347/743 1113/348/759
f 1113/348/759 1101/347/743 1102/347/738 1114/348/760
f 1104/348/751 1092/347/742 1093/347/740 1105/348/761
f 1105/348/761 1093/347/740 1094/347/741 1106/348/752
f 1114/348/760 1102/347/738 1091/347/739 1103/348/750
f 1063/342/733 1114/348/760 1103/348/750 1020/342/811
f 1027/342/688 1105/348/761 1106/348/752 1031/342/693
f 1023/342/812 1104/348/751 1105/348/761 1027/342/688
f 1059/342/728 1113/348/759 1114/348/760 1063/342/733
f 1055/342/723 1112/348/758 1113/348/759 1059/342/728
f 1051/342/718 1111/348/757 1112/348/758 1055/342/723
f 1047/342/816 1110/348/756 1111/348/757 1051/342/718
f 1043/342/815 1109/348/755 1110/348/756 1047/342/816
f 1039/342/814 1108/348/754 1109/348/755 1043/342/815
f 1035/342/698 1107/348/753 1108/348/754 1039/342/814
f 1031/342/693 1106/348/752 1107/348/753 1035/342/698
f 1020/342/811 1103/348/750 1104/348/751 1023/342/812
f 1118/10/98 1115/11/99 1116/12/100 1119/13/101
f 1115/11/102 1117/14/103 1131/15/104 1116/12/105
f 1120/16/106 1118/10/98 1119/13/101 1121/17/819
f 1122/18/108 1120/16/109 1121/17/110 1123/19/111
f 1124/20/112 1122/18/108 1123/19/111 1125/21/113
f 1126/22/114 1124/20/820 1125/21/116 1127/23/117
f 1128/24/118 1126/22/114 1127/23/117 1129/25/119
f 1117/14/103 1128/24/120 1129/25/121 1131/15/104
f 1129/25/119 1127/23/117 1152/26/122 1130/27/123
f 1131/15/104 1129/25/121 1130/27/124 1132/28/125
f 1116/12/105 1131/15/104 1132/28/125 1133/29/126
f 1132/28/125 1134/30/127 1136/31/128 1133/29/126
f 1130/27/124 1135/32/129 1134/30/127 1132/28/125
f 1135/32/129 1138/33/130 1137/34/131 1134/30/127
f 1134/30/127 1137/34/131 1140/35/132 1136/31/128
f 1138/33/130 1159/36/133 1139/37/134 1137/34/131
f 1137/34/131 1139/37/134 1141/38/135 1140/35/132
f 1140/35/136 1141/38/137 1143/39/138 1142/40/139
f 1136/31/140 1140/35/136 1142/40/139 1145/41/141
f 1142/40/139 1143/39/138 1186/42/142 1144/43/143
f 1145/41/141 1142/40/139 1144/43/143 1147/44/144
f 1146/45/145 1145/41/141 1147/44/144 1149/46/146
f 1133/29/147 1136/31/140 1145/41/141 1146/45/145
f 1147/44/148 1144/43/149 1187/47/150 1148/48/151
f 1149/46/152 1147/44/148 1148/48/151 1150/49/153
f 1123/19/111 1121/17/110 1149/46/152 1150/49/153
f 1121/17/819 1119/13/101 1146/45/145 1149/46/146
f 1150/49/153 1148/48/151 1153/50/154 1151/51/155
f 1125/21/113 1123/19/111 1150/49/153 1151/51/155
f 1151/51/156 1153/50/157 1155/52/158 1152/26/122
f 1127/23/117 1125/21/116 1151/51/156 1152/26/122
f 1148/48/151 1187/47/150 1154/53/159 1153/50/154
f 1153/50/157 1154/53/160 1156/54/161 1155/52/158
f 1152/26/122 1155/52/158 1135/32/162 1130/27/123
f 1155/52/158 1156/54/161 1138/33/163 1135/32/162
f 1154/53/160 1158/55/164 1157/56/165 1156/54/161
f 1156/54/161 1157/56/165 1159/36/166 1138/33/163
f 1158/55/164 1162/57/167 1160/58/168 1157/56/165
f 1157/56/165 1160/58/168 1161/59/169 1159/36/166
f 1160/58/168 1163/60/170 1165/61/171 1161/59/169
f 1162/57/167 1164/62/172 1163/60/170 1160/58/168
f 1164/62/172 1167/63/173 1166/64/174 1163/60/170
f 1163/60/170 1166/64/174 1169/65/175 1165/61/171
f 1167/63/173 1181/66/176 1168/67/177 1166/64/174
f 1166/64/174 1168/67/177 1170/68/178 1169/65/175
f 1165/61/179 1169/65/180 1170/68/181 1172/69/182
f 1168/67/177 1179/70/183 1171/71/184 1170/68/178
f 1172/69/182 1170/68/181 1171/71/821 1174/72/186
f 1173/73/187 1172/69/182 1174/72/186 1175/74/188
f 1161/59/189 1165/61/179 1172/69/182 1173/73/187
f 1175/74/190 1174/72/191 1176/75/192 1177/76/193
f 1174/72/191 1171/71/194 1179/70/195 1176/75/192
f 1177/76/193 1176/75/192 1178/77/196 1185/78/197
f 1176/75/192 1179/70/195 1180/79/198 1178/77/196
f 1181/66/176 1180/79/199 1179/70/183 1168/67/177
f 1178/77/200 1180/79/201 1181/66/202 1182/80/203
f 1182/80/203 1181/66/202 1167/63/204 1164/62/205
f 1183/81/206 1182/80/203 1164/62/205 1162/57/207
f 1185/78/208 1178/77/200 1182/80/203 1183/81/206
f 1184/82/767 1183/81/206 1162/57/207 1158/55/210
f 1186/42/211 1185/78/208 1183/81/206 1184/82/767
f 1143/39/138 1177/76/193 1185/78/197 1186/42/142
f 1144/43/149 1186/42/211 1184/82/767 1187/47/150
f 1187/47/150 1184/82/767 1158/55/210 1154/53/159
f 1141/38/137 1175/74/190 1177/76/193 1143/39/138
f 1139/37/134 1173/73/187 1175/74/188 1141/38/135
f 1159/36/133 1161/59/189 1173/73/187 1139/37/134
f 1119/13/101 1116/12/100 1133/29/147 1146/45/145
f 1188/83/212 1190/84/213 1204/85/214 1189/86/215
f 1191/87/216 1188/83/217 1189/86/218 1192/88/768
f 1193/89/220 1191/87/216 1192/88/768 1194/90/221
f 1195/91/222 1193/89/223 1194/90/224 1196/92/225
f 1197/93/226 1195/91/222 1196/92/225 1198/94/227
f 1199/95/228 1197/93/229 1198/94/230 1200/96/231
f 1201/97/232 1199/95/228 1200/96/231 1202/98/233
f 1190/84/213 1201/97/234 1202/98/235 1204/85/214
f 1204/85/214 1202/98/235 1203/99/236 1205/100/237
f 1202/98/233 1200/96/231 1225/101/238 1203/99/239
f 1189/86/215 1204/85/214 1205/100/237 1206/102/240
f 1205/100/237 1207/103/241 1209/104/242 1206/102/240
f 1203/99/236 1208/105/243 1207/103/241 1205/100/237
f 1208/105/243 1211/106/244 1210/107/245 1207/103/241
f 1207/103/241 1210/107/245 1213/108/246 1209/104/242
f 1211/106/244 1232/109/770 1212/110/248 1210/107/245
f 1210/107/245 1212/110/248 1214/111/249 1213/108/246
f 1213/108/250 1214/111/251 1216/112/252 1215/113/253
f 1209/104/254 1213/108/250 1215/113/253 1218/114/255
f 1215/113/253 1216/112/252 1242/115/256 1217/116/257
f 1218/114/255 1215/113/253 1217/116/257 1220/117/258
f 1206/102/259 1209/104/254 1218/114/255 1219/118/260
f 1219/118/260 1218/114/255 1220/117/258 1222/119/261
f 1222/119/262 1220/117/263 1221/120/264 1223/121/265
f 1220/117/263 1217/116/266 1244/122/267 1221/120/264
f 1196/92/225 1194/90/224 1222/119/262 1223/121/265
f 1194/90/221 1192/88/768 1219/118/260 1222/119/261
f 1198/94/227 1196/92/225 1223/121/265 1224/123/268
f 1223/121/265 1221/120/264 1226/124/269 1224/123/268
f 1200/96/231 1198/94/230 1224/123/270 1225/101/238
f 1224/123/270 1226/124/271 1228/125/272 1225/101/238
f 1221/120/264 1244/122/267 1227/126/273 1226/124/269
f 1226/124/271 1227/126/274 1229/127/275 1228/125/272
f 1225/101/238 1228/125/272 1208/105/276 1203/99/239
f 1228/125/272 1229/127/275 1211/106/277 1208/105/276
f 1227/126/274 1231/128/278 1230/129/279 1229/127/275
f 1229/127/275 1230/129/279 1232/109/280 1211/106/277
f 1231/128/278 1234/130/281 1233/131/282 1230/129/279
f 1230/129/279 1233/131/282 1236/132/283 1232/109/280
f 1234/130/281 1241/133/284 1235/134/285 1233/131/282
f 1233/131/282 1235/134/285 1237/135/286 1236/132/283
f 1232/109/770 1236/132/287 1237/135/288 1212/110/248
f 1212/110/248 1237/135/288 1238/136/289 1214/111/249
f 1235/134/285 1239/137/290 1238/136/291 1237/135/286
f 1214/111/251 1238/136/292 1239/137/293 1216/112/252
f 1241/133/284 1240/138/771 1239/137/290 1235/134/285
f 1216/112/252 1239/137/293 1240/138/822 1242/115/256
f 1242/115/296 1240/138/297 1241/133/298 1243/139/299
f 1217/116/266 1242/115/296 1243/139/299 1244/122/267
f 1244/122/267 1243/139/299 1231/128/300 1227/126/273
f 1243/139/299 1241/133/298 1234/130/773 1231/128/300
f 1192/88/768 1189/86/218 1206/102/259 1219/118/260
f 1248/140/302 1245/141/303 1246/142/304 1249/143/305
f 1245/141/306 1247/144/307 1261/145/308 1246/142/309
f 1250/146/310 1248/140/302 1249/143/305 1251/147/311
f 1252/148/312 1250/146/774 1251/147/775 1253/149/315
f 1254/150/316 1252/148/312 1253/149/315 1255/151/317
f 1256/152/318 1254/150/319 1255/151/320 1257/153/321
f 1258/154/322 1256/152/318 1257/153/321 1259/155/323
f 1247/144/307 1258/154/324 1259/155/325 1261/145/308
f 1259/155/323 1257/153/321 1285/156/326 1260/157/823
f 1261/145/308 1259/155/325 1260/157/328 1262/158/329
f 1246/142/309 1261/145/308 1262/158/329 1263/159/330
f 1262/158/329 1264/160/331 1266/161/332 1263/159/330
f 1260/157/328 1265/162/333 1264/160/331 1262/158/329
f 1265/162/333 1269/163/334 1267/164/335 1264/160/331
f 1264/160/331 1267/164/335 1268/165/336 1266/161/332
f 1270/166/337 1273/167/338 1268/165/339 1267/164/340
f 1271/168/341 1270/166/337 1267/164/340 1269/163/342
f 1284/169/343 1272/170/344 1270/166/337 1271/168/341
f 1272/170/344 1274/171/345 1273/167/338 1270/166/337
f 1266/161/346 1268/165/347 1273/167/348 1275/172/349
f 1275/172/349 1273/167/348 1274/171/350 1277/173/351
f 1276/174/352 1275/172/349 1277/173/351 1278/175/353
f 1263/159/354 1266/161/346 1275/172/349 1276/174/352
f 1278/175/355 1277/173/356 1279/176/357 1280/177/358
f 1277/173/356 1274/171/359 1272/170/360 1279/176/357
f 1280/177/358 1279/176/357 1281/178/361 1283/179/362
f 1279/176/357 1272/170/360 1284/169/363 1281/178/361
f 1281/178/364 1284/169/365 1271/168/366 1282/180/367
f 1283/179/368 1281/178/364 1282/180/367 1285/156/326
f 1257/153/321 1255/151/320 1283/179/368 1285/156/326
f 1255/151/317 1253/149/315 1280/177/358 1283/179/362
f 1285/156/326 1282/180/367 1265/162/369 1260/157/823
f 1282/180/367 1271/168/366 1269/163/370 1265/162/369
f 1253/149/315 1251/147/775 1278/175/355 1280/177/358
f 1251/147/311 1249/143/305 1276/174/352 1278/175/353
f 1249/143/305 1246/142/304 1263/159/354 1276/174/352
f 1289/181/371 1286/182/372 1287/183/373 1290/184/374
f 1286/182/375 1288/185/376 1302/186/377 1287/183/378
f 1291/187/379 1289/181/371 1290/184/374 1292/188/380
f 1293/189/381 1291/187/382 1292/188/383 1294/190/384
f 1295/191/385 1293/189/381 1294/190/384 1296/192/386
f 1297/193/387 1295/191/388 1296/192/389 1298/194/824
f 1299/195/391 1297/193/387 1298/194/824 1300/196/781
f 1288/185/376 1299/195/393 1300/196/394 1302/186/377
f 1300/196/781 1298/194/824 1323/197/395 1301/198/396
f 1302/186/377 1300/196/394 1301/198/397 1303/199/398
f 1287/183/378 1302/186/377 1303/199/398 1304/200/825
f 1303/199/398 1305/201/400 1307/202/401 1304/200/825
f 1301/198/397 1306/203/402 1305/201/400 1303/199/398
f 1306/203/402 1309/204/403 1308/205/404 1305/201/400
f 1305/201/400 1308/205/404 1311/206/405 1307/202/401
f 1309/204/403 1330/207/406 1310/208/407 1308/205/404
f 1308/205/404 1310/208/407 1312/209/784 1311/206/405
f 1311/206/409 1312/209/410 1314/210/411 1313/211/412
f 1307/202/413 1311/206/409 1313/211/412 1316/212/414
f 1313/211/412 1314/210/411 1340/213/415 1315/214/416
f 1316/212/414 1313/211/412 1315/214/416 1318/215/417
f 1317/216/418 1316/212/414 1318/215/417 1320/217/419
f 1304/200/420 1307/202/413 1316/212/414 1317/216/418
f 1318/215/421 1315/214/422 1342/218/423 1319/219/424
f 1320/217/425 1318/215/421 1319/219/424 1321/220/426
f 1294/190/384 1292/188/383 1320/217/425 1321/220/426
f 1292/188/380 1290/184/374 1317/216/418 1320/217/419
f 1321/220/426 1319/219/424 1324/221/427 1322/222/428
f 1296/192/386 1294/190/384 1321/220/426 1322/222/428
f 1322/222/429 1324/221/430 1326/223/431 1323/197/395
f 1298/194/824 1296/192/389 1322/222/429 1323/197/395
f 1319/219/424 1342/218/423 1325/224/432 1324/221/427
f 1324/221/430 1325/224/433 1327/225/434 1326/223/431
f 1323/197/395 1326/223/431 1306/203/435 1301/198/396
f 1326/223/431 1327/225/434 1309/204/436 1306/203/435
f 1325/224/433 1329/226/437 1328/227/438 1327/225/434
f 1327/225/434 1328/227/438 1330/207/439 1309/204/436
f 1329/226/437 1332/228/440 1331/229/441 1328/227/438
f 1328/227/438 1331/229/441 1334/230/442 1330/207/439
f 1332/228/440 1339/231/443 1333/232/444 1331/229/441
f 1331/229/441 1333/232/444 1335/233/445 1334/230/442
f 1330/207/406 1334/230/446 1335/233/447 1310/208/407
f 1333/232/444 1337/234/448 1336/235/449 1335/233/445
f 1310/208/407 1335/233/447 1336/235/450 1312/209/784
f 1312/209/410 1336/235/451 1337/234/452 1314/210/411
f 1339/231/443 1338/236/453 1337/234/448 1333/232/444
f 1314/210/411 1337/234/452 1338/236/454 1340/213/415
f 1340/213/455 1338/236/456 1339/231/457 1341/237/458
f 1315/214/422 1340/213/455 1341/237/458 1342/218/423
f 1342/218/423 1341/237/458 1329/226/459 1325/224/432
f 1341/237/458 1339/231/457 1332/228/460 1329/226/459
f 1290/184/374 1287/183/373 1304/200/420 1317/216/418
f 1346/238/461 1343/239/462 1344/240/463 1347/241/464
f 1343/239/465 1345/242/466 1359/243/467 1344/240/468
f 1348/244/469 1346/238/461 1347/241/464 1349/245/787
f 1350/246/471 1348/244/472 1349/245/473 1351/247/474
f 1352/248/475 1350/246/471 1351/247/474 1353/249/476
f 1354/250/477 1352/248/478 1353/249/479 1355/251/480
f 1356/252/826 1354/250/477 1355/251/480 1357/253/482
f 1345/242/466 1356/252/483 1357/253/484 1359/243/467
f 1357/253/482 1355/251/480 1399/254/485 1358/255/486
f 1359/243/467 1357/253/484 1358/255/487 1360/256/488
f 1344/240/468 1359/243/467 1360/256/488 1361/257/489
f 1360/256/488 1362/258/490 1364/259/491 1361/257/489
f 1358/255/487 1363/260/492 1362/258/490 1360/256/488
f 1363/260/492 1367/261/493 1365/262/494 1362/258/490
f 1362/258/490 1365/262/494 1366/263/495 1364/259/491
f 1365/262/494 1368/264/496 1370/265/497 1366/263/495
f 1367/261/493 1369/266/498 1368/264/496 1365/262/494
f 1369/266/498 1373/267/499 1371/268/500 1368/264/496
f 1368/264/496 1371/268/500 1372/269/501 1370/265/497
f 1374/270/502 1377/271/503 1372/269/504 1371/268/505
f 1375/272/506 1374/270/502 1371/268/505 1373/267/507
f 1388/273/508 1376/274/509 1374/270/502 1375/272/506
f 1376/274/509 1378/275/790 1377/271/503 1374/270/502
f 1370/265/511 1372/269/512 1377/271/513 1379/276/514
f 1379/276/514 1377/271/513 1378/275/515 1381/277/516
f 1380/278/517 1379/276/514 1381/277/516 1382/279/518
f 1366/263/519 1370/265/511 1379/276/514 1380/278/517
f 1382/279/520 1381/277/521 1383/280/522 1384/281/523
f 1381/277/521 1378/275/524 1376/274/525 1383/280/522
f 1384/281/523 1383/280/522 1385/282/526 1387/283/527
f 1383/280/522 1376/274/525 1388/273/528 1385/282/526
f 1385/282/529 1388/273/530 1375/272/531 1386/284/532
f 1387/283/533 1385/282/529 1386/284/532 1389/285/534
f 1390/286/535 1387/283/533 1389/285/534 1391/287/536
f 1393/288/537 1384/281/523 1387/283/527 1390/286/538
f 1392/289/539 1390/286/535 1391/287/536 1399/254/485
f 1394/290/540 1393/288/537 1390/286/538 1392/289/541
f 1396/291/542 1395/292/543 1393/288/537 1394/290/540
f 1395/292/543 1382/279/520 1384/281/523 1393/288/537
f 1398/293/544 1397/294/545 1395/292/546 1396/291/547
f 1397/294/545 1380/278/517 1382/279/518 1395/292/546
f 1361/257/548 1364/259/549 1397/294/545 1398/293/544
f 1364/259/549 1366/263/519 1380/278/517 1397/294/545
f 1349/245/787 1347/241/464 1398/293/544 1396/291/547
f 1347/241/464 1344/240/463 1361/257/548 1398/293/544
f 1351/247/474 1349/245/473 1396/291/542 1394/290/540
f 1353/249/476 1351/247/474 1394/290/540 1392/289/541
f 1355/251/480 1353/249/479 1392/289/539 1399/254/485
f 1399/254/485 1391/287/536 1363/260/550 1358/255/486
f 1391/287/536 1389/285/534 1367/261/551 1363/260/550
f 1389/285/534 1386/284/532 1369/266/552 1367/261/551
f 1386/284/532 1375/272/531 1373/267/553 1369/266/552
f 1403/295/554 1400/296/555 1401/297/556 1404/298/557
f 1400/296/558 1402/299/559 1416/300/560 1401/297/561
f 1405/301/562 1403/295/554 1404/298/557 1406/302/563
f 1407/303/564 1405/301/565 1406/302/566 1408/304/567
f 1409/305/795 1407/303/564 1408/304/567 1410/306/796
f 1411/307/570 1409/305/571 1410/306/572 1412/308/573
f 1413/309/574 1411/307/570 1412/308/573 1414/310/575
f 1402/299/559 1413/309/576 1414/310/577 1416/300/560
f 1414/310/575 1412/308/573 1440/311/578 1415/312/579
f 1416/300/560 1414/310/577 1415/312/580 1417/313/581
f 1401/297/561 1416/300/560 1417/313/581 1418/314/582
f 1417/313/581 1419/315/583 1421/316/584 1418/314/582
f 1415/312/580 1420/317/585 1419/315/583 1417/313/581
f 1420/317/585 1424/318/586 1422/319/797 1419/315/583
f 1419/315/583 1422/319/797 1423/320/588 1421/316/584
f 1425/321/589 1428/322/590 1423/320/591 1422/319/592
f 1426/323/593 1425/321/589 1422/319/592 1424/318/594
f 1439/324/595 1427/325/596 1425/321/589 1426/323/593
f 1427/325/596 1429/326/597 1428/322/590 1425/321/589
f 1421/316/598 1423/320/591 1428/322/590 1430/327/599
f 1430/327/599 1428/322/590 1429/326/597 1432/328/600
f 1431/329/601 1430/327/599 1432/328/600 1433/330/602
f 1418/314/603 1421/316/598 1430/327/599 1431/329/601
f 1433/330/604 1432/328/827 1434/331/606 1435/332/607
f 1432/328/827 1429/326/597 1427/325/596 1434/331/606
f 1435/332/607 1434/331/606 1436/333/608 1438/334/609
f 1434/331/606 1427/325/596 1439/324/595 1436/333/608
f 1436/333/610 1439/324/611 1426/323/612 1437/335/613
f 1438/334/614 1436/333/610 1437/335/613 1440/311/578
f 1412/308/573 1410/306/572 1438/334/614 1440/311/578
f 1410/306/796 1408/304/567 1435/332/607 1438/334/609
f 1440/311/578 1437/335/613 1420/317/615 1415/312/579
f 1437/335/613 1426/323/612 1424/318/616 1420/317/615
f 1408/304/567 1406/302/566 1433/330/604 1435/332/607
f 1406/302/563 1404/298/557 1431/329/601 1433/330/602
f 1404/298/557 1401/297/556 1418/314/603 1431/329/601
f 1539/336/617 1442/337/618 1446/337/619 1540/336/620
f 1542/336/621 1454/337/622 1458/337/623 1543/336/624
f 1543/336/624 1458/337/623 1462/337/625 1544/336/626
f 1544/336/626 1462/337/625 1466/337/627 1545/336/628
f 1545/336/628 1466/337/627 1470/337/629 1546/336/630
f 1546/336/630 1470/337/629 1474/337/631 1547/336/632
f 1547/336/632 1474/337/631 1478/337/633 1548/336/634
f 1548/336/634 1478/337/633 1482/337/635 1549/336/636
f 1549/336/636 1482/337/635 1486/337/637 1538/336/638
f 1540/336/620 1446/337/619 1450/337/639 1541/336/640
f 1541/336/640 1450/337/639 1454/337/622 1542/336/621
f 1538/336/638 1486/337/637 1442/337/618 1539/336/617
f 1446/337/619 1442/337/618 1445/338/641 1449/338/642
f 1449/338/642 1445/338/641 1444/339/643 1448/339/644
f 1448/339/644 1444/339/643 1443/340/645 1447/340/646
f 1447/340/646 1443/340/645 1441/341/647
f 1450/337/639 1446/337/619 1449/338/642 1453/338/648
f 1453/338/648 1449/338/642 1448/339/644 1452/339/649
f 1452/339/649 1448/339/644 1447/340/646 1451/340/650
f 1451/340/650 1447/340/646 1441/341/647
f 1454/337/622 1450/337/639 1453/338/648 1457/338/651
f 1457/338/651 1453/338/648 1452/339/649 1456/339/652
f 1456/339/652 1452/339/649 1451/340/650 1455/340/653
f 1455/340/653 1451/340/650 1441/341/647
f 1458/337/623 1454/337/622 1457/338/651 1461/338/654
f 1461/338/654 1457/338/651 1456/339/652 1460/339/655
f 1460/339/655 1456/339/652 1455/340/653 1459/340/656
f 1459/340/656 1455/340/653 1441/341/647
f 1462/337/625 1458/337/623 1461/338/654 1465/338/657
f 1465/338/657 1461/338/654 1460/339/655 1464/339/658
f 1464/339/658 1460/339/655 1459/340/656 1463/340/659
f 1463/340/659 1459/340/656 1441/341/647
f 1466/337/627 1462/337/625 1465/338/657 1469/338/660
f 1469/338/660 1465/338/657 1464/339/658 1468/339/661
f 1468/339/661 1464/339/658 1463/340/659 1467/340/662
f 1467/340/662 1463/340/659 1441/341/647
f 1470/337/629 1466/337/627 1469/338/660 1473/338/663
f 1473/338/663 1469/338/660 1468/339/661 1472/339/664
f 1472/339/664 1468/339/661 1467/340/662 1471/340/665
f 1471/340/665 1467/340/662 1441/341/647
f 1474/337/631 1470/337/629 1473/338/663 1477/338/666
f 1477/338/666 1473/338/663 1472/339/664 1476/339/667
f 1476/339/667 1472/339/664 1471/340/665 1475/340/668
f 1475/340/668 1471/340/665 1441/341/647
f 1478/337/633 1474/337/631 1477/338/666 1481/338/669
f 1481/338/669 1477/338/666 1476/339/667 1480/339/670
f 1480/339/670 1476/339/667 1475/340/668 1479/340/671
f 1479/340/671 1475/340/668 1441/341/647
f 1482/337/635 1478/337/633 1481/338/669 1485/338/672
f 1485/338/672 1481/338/669 1480/339/670 1484/339/673
f 1484/339/673 1480/339/670 1479/340/671 1483/340/674
f 1483/340/674 1479/340/671 1441/341/647
f 1486/337/637 1482/337/635 1485/338/672 1489/338/675
f 1489/338/675 1485/338/672 1484/339/673 1488/339/676
f 1488/339/676 1484/339/673 1483/340/674 1487/340/677
f 1487/340/677 1483/340/674 1441/341/647
f 1442/337/618 1486/337/637 1489/338/675 1445/338/641
f 1445/338/641 1489/338/675 1488/339/676 1444/339/643
f 1444/339/643 1488/339/676 1487/340/677 1443/340/645
f 1443/340/645 1487/340/677 1441/341/647
f 1491/342/678 1494/342/679 1496/343/680 1493/343/681
f 1493/343/681 1496/343/680 1497/344/682 1492/344/683
f 1550/345/684 1551/345/685 1495/346/686 1490/346/687
f 1494/342/679 1498/342/688 1500/343/689 1496/343/680
f 1496/343/680 1500/343/689 1501/344/690 1497/344/682
f 1551/345/685 1552/345/691 1499/346/692 1495/346/686
f 1498/342/688 1502/342/693 1504/343/694 1500/343/689
f 1500/343/689 1504/343/694 1505/344/695 1501/344/690
f 1552/345/691 1553/345/696 1503/346/697 1499/346/692
f 1502/342/693 1506/342/698 1508/343/699 1504/343/694
f 1504/343/694 1508/343/699 1509/344/700 1505/344/695
f 1553/345/696 1554/345/701 1507/346/702 1503/346/697
f 1506/342/698 1510/342/703 1512/343/704 1508/343/699
f 1508/343/699 1512/343/704 1513/344/705 1509/344/700
f 1554/345/701 1555/345/706 1511/346/707 1507/346/702
f 1510/342/703 1514/342/708 1516/343/709 1512/343/704
f 1512/343/704 1516/343/709 1517/344/710 1513/344/705
f 1555/345/706 1556/345/711 1515/346/712 1511/346/707
f 1514/342/708 1518/342/713 1520/343/714 1516/343/709
f 1516/343/709 1520/343/714 1521/344/715 1517/344/710
f 1556/345/711 1557/345/716 1519/346/717 1515/346/712
f 1518/342/713 1522/342/718 1524/343/719 1520/343/714
f 1520/343/714 1524/343/719 1525/344/720 1521/344/715
f 1557/345/716 1558/345/721 1523/346/722 1519/346/717
f 1522/342/718 1526/342/723 1528/343/724 1524/343/719
f 1524/343/719 1528/343/724 1529/344/725 1525/344/720
f 1558/345/721 1559/345/726 1527/346/727 1523/346/722
f 1526/342/723 1530/342/728 1532/343/729 1528/343/724
f 1528/343/724 1532/343/729 1533/344/730 1529/344/725
f 1559/345/726 1560/345/731 1531/346/732 1527/346/727
f 1530/342/728 1534/342/733 1536/343/734 1532/343/729
f 1532/343/729 1536/343/734 1537/344/735 1533/344/730
f 1560/345/731 1561/345/736 1535/346/737 1531/346/732
f 1534/342/733 1491/342/678 1493/343/681 1536/343/734
f 1536/343/734 1493/343/681 1492/344/683 1537/344/735
f 1561/345/736 1550/345/684 1490/346/687 1535/346/737
f 1490/346/687 1495/346/686 1499/346/692 1503/346/697 1507/346/702 1511/346/707 1515/346/712 1519/346/717 1523/346/722 1527/346/727 1531/346/732 1535/346/737
f 1573/347/738 1538/336/638 1539/336/617 1562/347/739
f 1564/347/740 1541/336/640 1542/336/621 1565/347/741
f 1563/347/742 1540/336/620 1541/336/640 1564/347/740
f 1572/347/743 1549/336/636 1538/336/638 1573/347/738
f 1571/347/744 1548/336/634 1549/336/636 1572/347/743
f 1570/347/745 1547/336/632 1548/336/634 1571/347/744
f 1569/347/746 1546/336/630 1547/336/632 1570/347/745
f 1568/347/747 1545/336/628 1546/336/630 1569/347/746
f 1567/347/748 1544/336/626 1545/336/628 1568/347/747
f 1566/347/749 1543/336/624 1544/336/626 1567/347/748
f 1565/347/741 1542/336/621 1543/336/624 1566/347/749
f 1562/347/739 1539/336/617 1540/336/620 1563/347/742
f 1537/344/735 1492/344/683 1550/345/684 1561/345/736
f 1533/344/730 1537/344/735 1561/345/736 1560/345/731
f 1529/344/725 1533/344/730 1560/345/731 1559/345/726
f 1525/344/720 1529/344/725 1559/345/726 1558/345/721
f 1521/344/715 1525/344/720 1558/345/721 1557/345/716
f 1517/344/710 1521/344/715 1557/345/716 1556/345/711
f 1513/344/705 1517/344/710 1556/345/711 1555/345/706
f 1509/344/700 1513/344/705 1555/345/706 1554/345/701
f 1505/344/695 1509/344/700 1554/345/701 1553/345/696
f 1501/344/690 1505/344/695 1553/345/696 1552/345/691
f 1497/344/682 1501/344/690 1552/345/691 1551/345/685
f 1492/344/683 1497/344/682 1551/345/685 1550/345/684
f 1574/348/750 1562/347/739 1563/347/742 1575/348/751
f 1577/348/752 1565/347/741 1566/347/749 1578/348/753
f 1578/348/753 1566/347/749 1567/347/748 1579/348/754
f 1579/348/754 1567/347/748 1568/347/747 1580/348/755
f 1580/348/755 1568/347/747 1569/347/746 1581/348/756
f 1581/348/756 1569/347/746 1570/347/745 1582/348/757
f 1582/348/757 1570/347/745 1571/347/744 1583/348/758
f 1583/348/758 1571/347/744 1572/347/743 1584/348/759
f 1584/348/759 1572/347/743 1573/347/738 1585/348/760
f 1575/348/751 1563/347/742 1564/347/740 1576/348/761
f 1576/348/761 1564/347/740 1565/347/741 1577/348/752
f 1585/348/760 1573/347/738 1562/347/739 1574/348/750
f 1534/342/733 1585/348/760 1574/348/750 1491/342/678
f 1498/342/688 1576/348/761 1577/348/752 1502/342/693
f 1494/342/679 1575/348/751 1576/348/761 1498/342/688
f 1530/342/728 1584/348/759 1585/348/760 1534/342/733
f 1526/342/723 1583/348/758 1584/348/759 1530/342/728
f 1522/342/718 1582/348/757 1583/348/758 1526/342/723
f 1518/342/713 1581/348/756 1582/348/757 1522/342/718
f 1514/342/708 1580/348/755 1581/348/756 1518/342/713
f 1510/342/703 1579/348/754 1580/348/755 1514/342/708
f 1506/342/698 1578/348/753 1579/348/754 1510/342/703
f 1502/342/693 1577/348/752 1578/348/753 1506/342/698
f 1491/342/678 1574/348/750 1575/348/751 1494/342/679
f 1589/10/98 1586/11/99 1587/12/100 1590/13/101
f 1586/11/102 1588/14/103 1602/15/104 1587/12/105
f 1591/16/106 1589/10/98 1590/13/101 1592/17/107
f 1593/18/108 1591/16/109 1592/17/110 1594/19/111
f 1595/20/112 1593/18/108 1594/19/111 1596/21/113
f 1597/22/114 1595/20/820 1596/21/116 1598/23/117
f 1599/24/118 1597/22/114 1598/23/117 1600/25/119
f 1588/14/103 1599/24/120 1600/25/121 1602/15/104
f 1600/25/119 1598/23/117 1623/26/122 1601/27/123
f 1602/15/104 1600/25/121 1601/27/124 1603/28/125
f 1587/12/105 1602/15/104 1603/28/125 1604/29/126
f 1603/28/125 1605/30/127 1607/31/128 1604/29/126
f 1601/27/124 1606/32/129 1605/30/127 1603/28/125
f 1606/32/129 1609/33/130 1608/34/131 1605/30/127
f 1605/30/127 1608/34/131 1611/35/132 1607/31/128
f 1609/33/130 1630/36/133 1610/37/134 1608/34/131
f 1608/34/131 1610/37/134 1612/38/135 1611/35/132
f 1611/35/136 1612/38/137 1614/39/138 1613/40/139
f 1607/31/140 1611/35/136 1613/40/139 1616/41/141
f 1613/40/139 1614/39/138 1657/42/142 1615/43/143
f 1616/41/141 1613/40/139 1615/43/143 1618/44/144
f 1617/45/145 1616/41/141 1618/44/144 1620/46/146
f 1604/29/147 1607/31/140 1616/41/141 1617/45/145
f 1618/44/148 1615/43/149 1658/47/150 1619/48/151
f 1620/46/152 1618/44/148 1619/48/151 1621/49/153
f 1594/19/111 1592/17/110 1620/46/152 1621/49/153
f 1592/17/107 1590/13/101 1617/45/145 1620/46/146
f 1621/49/153 1619/48/151 1624/50/154 1622/51/155
f 1596/21/113 1594/19/111 1621/49/153 1622/51/155
f 1622/51/156 1624/50/157 1626/52/158 1623/26/122
f 1598/23/117 1596/21/116 1622/51/156 1623/26/122
f 1619/48/151 1658/47/150 1625/53/159 1624/50/154
f 1624/50/157 1625/53/160 1627/54/161 1626/52/158
f 1623/26/122 1626/52/158 1606/32/162 1601/27/123
f 1626/52/158 1627/54/161 1609/33/163 1606/32/162
f 1625/53/160 1629/55/164 1628/56/165 1627/54/161
f 1627/54/161 1628/56/165 1630/36/166 1609/33/163
f 1629/55/164 1633/57/167 1631/58/168 1628/56/165
f 1628/56/165 1631/58/168 1632/59/169 1630/36/166
f 1631/58/168 1634/60/170 1636/61/171 1632/59/169
f 1633/57/167 1635/62/172 1634/60/170 1631/58/168
f 1635/62/172 1638/63/173 1637/64/174 1634/60/170
f 1634/60/170 1637/64/174 1640/65/175 1636/61/171
f 1638/63/173 1652/66/176 1639/67/177 1637/64/174
f 1637/64/174 1639/67/177 1641/68/178 1640/65/175
f 1636/61/179 1640/65/180 1641/68/181 1643/69/182
f 1639/67/177 1650/70/183 1642/71/184 1641/68/178
f 1643/69/182 1641/68/181 1642/71/821 1645/72/186
f 1644/73/187 1643/69/182 1645/72/186 1646/74/188
f 1632/59/189 1636/61/179 1643/69/182 1644/73/187
f 1646/74/190 1645/72/191 1647/75/192 1648/76/193
f 1645/72/191 1642/71/194 1650/70/195 1647/75/192
f 1648/76/193 1647/75/192 1649/77/196 1656/78/197
f 1647/75/192 1650/70/195 1651/79/198 1649/77/196
f 1652/66/176 1651/79/199 1650/70/183 1639/67/177
f 1649/77/200 1651/79/201 1652/66/202 1653/80/203
f 1653/80/203 1652/66/202 1638/63/204 1635/62/205
f 1654/81/206 1653/80/203 1635/62/205 1633/57/207
f 1656/78/208 1649/77/200 1653/80/203 1654/81/206
f 1655/82/209 1654/81/206 1633/57/207 1629/55/210
f 1657/42/211 1656/78/208 1654/81/206 1655/82/209
f 1614/39/138 1648/76/193 1656/78/197 1657/42/142
f 1615/43/149 1657/42/211 1655/82/209 1658/47/150
f 1658/47/150 1655/82/209 1629/55/210 1625/53/159
f 1612/38/137 1646/74/190 1648/76/193 1614/39/138
f 1610/37/134 1644/73/187 1646/74/188 1612/38/135
f 1630/36/133 1632/59/189 1644/73/187 1610/37/134
f 1590/13/101 1587/12/100 1604/29/147 1617/45/145
f 1659/83/212 1661/84/213 1675/85/214 1660/86/215
f 1662/87/216 1659/83/217 1660/86/218 1663/88/219
f 1664/89/220 1662/87/216 1663/88/219 1665/90/221
f 1666/91/222 1664/89/223 1665/90/224 1667/92/225
f 1668/93/226 1666/91/222 1667/92/225 1669/94/227
f 1670/95/228 1668/93/229 1669/94/230 1671/96/231
f 1672/97/232 1670/95/228 1671/96/231 1673/98/233
f 1661/84/213 1672/97/234 1673/98/235 1675/85/214
f 1675/85/214 1673/98/235 1674/99/236 1676/100/237
f 1673/98/233 1671/96/231 1696/101/238 1674/99/239
f 1660/86/215 1675/85/214 1676/100/237 1677/102/240
f 1676/100/237 1678/103/241 1680/104/242 1677/102/240
f 1674/99/236 1679/105/243 1678/103/241 1676/100/237
f 1679/105/243 1682/106/244 1681/107/245 1678/103/241
f 1678/103/241 1681/107/245 1684/108/246 1680/104/242
f 1682/106/244 1703/109/247 1683/110/248 1681/107/245
f 1681/107/245 1683/110/248 1685/111/249 1684/108/246
f 1684/108/250 1685/111/251 1687/112/252 1686/113/253
f 1680/104/254 1684/108/250 1686/113/253 1689/114/255
f 1686/113/253 1687/112/252 1713/115/256 1688/116/257
f 1689/114/255 1686/113/253 1688/116/257 1691/117/258
f 1677/102/259 1680/104/254 1689/114/255 1690/118/260
f 1690/118/260 1689/114/255 1691/117/258 1693/119/261
f 1693/119/262 1691/117/263 1692/120/264 1694/121/265
f 1691/117/263 1688/116/266 1715/122/267 1692/120/264
f 1667/92/225 1665/90/224 1693/119/262 1694/121/265
f 1665/90/221 1663/88/219 1690/118/260 1693/119/261
f 1669/94/227 1667/92/225 1694/121/265 1695/123/268
f 1694/121/265 1692/120/264 1697/124/269 1695/123/268
f 1671/96/231 1669/94/230 1695/123/270 1696/101/238
f 1695/123/270 1697/124/271 1699/125/272 1696/101/238
f 1692/120/264 1715/122/267 1698/126/273 1697/124/269
f 1697/124/271 1698/126/274 1700/127/275 1699/125/272
f 1696/101/238 1699/125/272 1679/105/276 1674/99/239
f 1699/125/272 1700/127/275 1682/106/277 1679/105/276
f 1698/126/274 1702/128/278 1701/129/279 1700/127/275
f 1700/127/275 1701/129/279 1703/109/280 1682/106/277
f 1702/128/278 1705/130/281 1704/131/282 1701/129/279
f 1701/129/279 1704/131/282 1707/132/283 1703/109/280
f 1705/130/281 1712/133/284 1706/134/285 1704/131/282
f 1704/131/282 1706/134/285 1708/135/286 1707/132/283
f 1703/109/247 1707/132/287 1708/135/288 1683/110/248
f 1683/110/248 1708/135/288 1709/136/289 1685/111/249
f 1706/134/285 1710/137/290 1709/136/291 1708/135/286
f 1685/111/251 1709/136/292 1710/137/293 1687/112/252
f 1712/133/284 1711/138/771 1710/137/290 1706/134/285
f 1687/112/252 1710/137/293 1711/138/822 1713/115/256
f 1713/115/296 1711/138/297 1712/133/298 1714/139/299
f 1688/116/266 1713/115/296 1714/139/299 1715/122/267
f 1715/122/267 1714/139/299 1702/128/300 1698/126/273
f 1714/139/299 1712/133/298 1705/130/773 1702/128/300
f 1663/88/219 1660/86/218 1677/102/259 1690/118/260
f 1719/140/302 1716/141/303 1717/142/304 1720/143/305
f 1716/141/306 1718/144/307 1732/145/308 1717/142/309
f 1721/146/310 1719/140/302 1720/143/305 1722/147/311
f 1723/148/312 1721/146/774 1722/147/775 1724/149/315
f 1725/150/316 1723/148/312 1724/149/315 1726/151/317
f 1727/152/318 1725/150/319 1726/151/320 1728/153/321
f 1729/154/322 1727/152/318 1728/153/321 1730/155/323
f 1718/144/307 1729/154/324 1730/155/325 1732/145/308
f 1730/155/323 1728/153/321 1756/156/326 1731/157/823
f 1732/145/308 1730/155/325 1731/157/328 1733/158/329
f 1717/142/309 1732/145/308 1733/158/329 1734/159/330
f 1733/158/329 1735/160/331 1737/161/332 1734/159/330
f 1731/157/328 1736/162/333 1735/160/331 1733/158/329
f 1736/162/333 1740/163/334 1738/164/335 1735/160/331
f 1735/160/331 1738/164/335 1739/165/336 1737/161/332
f 1741/166/337 1744/167/338 1739/165/339 1738/164/340
f 1742/168/341 1741/166/337 1738/164/340 1740/163/342
f 1755/169/343 1743/170/344 1741/166/337 1742/168/341
f 1743/170/344 1745/171/345 1744/167/338 1741/166/337
f 1737/161/346 1739/165/347 1744/167/348 1746/172/349
f 1746/172/349 1744/167/348 1745/171/350 1748/173/351
f 1747/174/352 1746/172/349 1748/173/351 1749/175/353
f 1734/159/354 1737/161/346 1746/172/349 1747/174/352
f 1749/175/355 1748/173/356 1750/176/357 1751/177/358
f 1748/173/356 1745/171/359 1743/170/360 1750/176/357
f 1751/177/358 1750/176/357 1752/178/361 1754/179/362
f 1750/176/357 1743/170/360 1755/169/363 1752/178/361
f 1752/178/364 1755/169/365 1742/168/366 1753/180/367
f 1754/179/368 1752/178/364 1753/180/367 1756/156/326
f 1728/153/321 1726/151/320 1754/179/368 1756/156/326
f 1726/151/317 1724/149/315 1751/177/358 1754/179/362
f 1756/156/326 1753/180/367 1736/162/369 1731/157/823
f 1753/180/367 1742/168/366 1740/163/370 1736/162/369
f 1724/149/315 1722/147/775 1749/175/355 1751/177/358
f 1722/147/311 1720/143/305 1747/174/352 1749/175/353
f 1720/143/305 1717/142/304 1734/159/354 1747/174/352
f 1760/181/371 1757/182/372 1758/183/373 1761/184/374
f 1757/182/375 1759/185/376 1773/186/377 1758/183/378
f 1762/187/379 1760/181/371 1761/184/374 1763/188/380
f 1764/189/381 1762/187/382 1763/188/383 1765/190/384
f 1766/191/385 1764/189/381 1765/190/384 1767/192/386
f 1768/193/387 1766/191/388 1767/192/389 1769/194/824
f 1770/195/391 1768/193/387 1769/194/824 1771/196/781
f 1759/185/376 1770/195/393 1771/196/394 1773/186/377
f 1771/196/781 1769/194/824 1794/197/395 1772/198/396
f 1773/186/377 1771/196/394 1772/198/397 1774/199/398
f 1758/183/378 1773/186/377 1774/199/398 1775/200/825
f 1774/199/398 1776/201/400 1778/202/401 1775/200/825
f 1772/198/397 1777/203/402 1776/201/400 1774/199/398
f 1777/203/402 1780/204/403 1779/205/404 1776/201/400
f 1776/201/400 1779/205/404 1782/206/405 1778/202/401
f 1780/204/403 1801/207/406 1781/208/407 1779/205/404
f 1779/205/404 1781/208/407 1783/209/784 1782/206/405
f 1782/206/409 1783/209/410 1785/210/411 1784/211/412
f 1778/202/413 1782/206/409 1784/211/412 1787/212/414
f 1784/211/412 1785/210/411 1811/213/415 1786/214/416
f 1787/212/414 1784/211/412 1786/214/416 1789/215/417
f 1788/216/418 1787/212/414 1789/215/417 1791/217/419
f 1775/200/420 1778/202/413 1787/212/414 1788/216/418
f 1789/215/421 1786/214/422 1813/218/423 1790/219/424
f 1791/217/425 1789/215/421 1790/219/424 1792/220/426
f 1765/190/384 1763/188/383 1791/217/425 1792/220/426
f 1763/188/380 1761/184/374 1788/216/418 1791/217/419
f 1792/220/426 1790/219/424 1795/221/427 1793/222/428
f 1767/192/386 1765/190/384 1792/220/426 1793/222/428
f 1793/222/429 1795/221/430 1797/223/431 1794/197/395
f 1769/194/824 1767/192/389 1793/222/429 1794/197/395
f 1790/219/424 1813/218/423 1796/224/432 1795/221/427
f 1795/221/430 1796/224/433 1798/225/434 1797/223/431
f 1794/197/395 1797/223/431 1777/203/435 1772/198/396
f 1797/223/431 1798/225/434 1780/204/436 1777/203/435
f 1796/224/433 1800/226/437 1799/227/438 1798/225/434
f 1798/225/434 1799/227/438 1801/207/439 1780/204/436
f 1800/226/437 1803/228/440 1802/229/441 1799/227/438
f 1799/227/438 1802/229/441 1805/230/442 1801/207/439
f 1803/228/440 1810/231/443 1804/232/444 1802/229/441
f 1802/229/441 1804/232/444 1806/233/445 1805/230/442
f 1801/207/406 1805/230/446 1806/233/447 1781/208/407
f 1804/232/444 1808/234/448 1807/235/449 1806/233/445
f 1781/208/407 1806/233/447 1807/235/450 1783/209/784
f 1783/209/410 1807/235/451 1808/234/452 1785/210/411
f 1810/231/443 1809/236/453 1808/234/448 1804/232/444
f 1785/210/411 1808/234/452 1809/236/454 1811/213/415
f 1811/213/455 1809/236/456 1810/231/457 1812/237/458
f 1786/214/422 1811/213/455 1812/237/458 1813/218/423
f 1813/218/423 1812/237/458 1800/226/459 1796/224/432
f 1812/237/458 1810/231/457 1803/228/460 1800/226/459
f 1761/184/374 1758/183/373 1775/200/420 1788/216/418
f 1817/238/461 1814/239/462 1815/240/463 1818/241/464
f 1814/239/465 1816/242/466 1830/243/467 1815/240/468
f 1819/244/469 1817/238/461 1818/241/464 1820/245/787
f 1821/246/471 1819/244/472 1820/245/473 1822/247/474
f 1823/248/475 1821/246/471 1822/247/474 1824/249/476
f 1825/250/477 1823/248/478 1824/249/479 1826/251/480
f 1827/252/826 1825/250/477 1826/251/480 1828/253/482
f 1816/242/466 1827/252/483 1828/253/484 1830/243/467
f 1828/253/482 1826/251/480 1870/254/485 1829/255/486
f 1830/243/467 1828/253/484 1829/255/487 1831/256/488
f 1815/240/468 1830/243/467 1831/256/488 1832/257/489
f 1831/256/488 1833/258/490 1835/259/491 1832/257/489
f 1829/255/487 1834/260/492 1833/258/490 1831/256/488
f 1834/260/492 1838/261/493 1836/262/494 1833/258/490
f 1833/258/490 1836/262/494 1837/263/495 1835/259/491
f 1836/262/494 1839/264/496 1841/265/497 1837/263/495
f 1838/261/493 1840/266/498 1839/264/496 1836/262/494
f 1840/266/498 1844/267/499 1842/268/500 1839/264/496
f 1839/264/496 1842/268/500 1843/269/501 1841/265/497
f 1845/270/502 1848/271/503 1843/269/504 1842/268/505
f 1846/272/506 1845/270/502 1842/268/505 1844/267/507
f 1859/273/508 1847/274/509 1845/270/502 1846/272/506
f 1847/274/509 1849/275/790 1848/271/503 1845/270/502
f 1841/265/511 1843/269/512 1848/271/513 1850/276/514
f 1850/276/514 1848/271/513 1849/275/515 1852/277/516
f 1851/278/517 1850/276/514 1852/277/516 1853/279/518
f 1837/263/519 1841/265/511 1850/276/514 1851/278/517
f 1853/279/520 1852/277/521 1854/280/522 1855/281/523
f 1852/277/521 1849/275/524 1847/274/525 1854/280/522
f 1855/281/523 1854/280/522 1856/282/828 1858/283/527
f 1854/280/522 1847/274/525 1859/273/528 1856/282/828
f 1856/282/529 1859/273/530 1846/272/531 1857/284/532
f 1858/283/533 1856/282/529 1857/284/532 1860/285/534
f 1861/286/535 1858/283/533 1860/285/534 1862/287/536
f 1864/288/537 1855/281/523 1858/283/527 1861/286/538
f 1863/289/539 1861/286/535 1862/287/536 1870/254/485
f 1865/290/540 1864/288/537 1861/286/538 1863/289/541
f 1867/291/542 1866/292/543 1864/288/537 1865/290/540
f 1866/292/543 1853/279/520 1855/281/523 1864/288/537
f 1869/293/544 1868/294/545 1866/292/546 1867/291/547
f 1868/294/545 1851/278/517 1853/279/518 1866/292/546
f 1832/257/548 1835/259/549 1868/294/545 1869/293/544
f 1835/259/549 1837/263/519 1851/278/517 1868/294/545
f 1820/245/787 1818/241/464 1869/293/544 1867/291/547
f 1818/241/464 1815/240/463 1832/257/548 1869/293/544
f 1822/247/474 1820/245/473 1867/291/542 1865/290/540
f 1824/249/476 1822/247/474 1865/290/540 1863/289/541
f 1826/251/480 1824/249/479 1863/289/539 1870/254/485
f 1870/254/485 1862/287/536 1834/260/550 1829/255/486
f 1862/287/536 1860/285/534 1838/261/551 1834/260/550
f 1860/285/534 1857/284/532 1840/266/552 1838/261/551
f 1857/284/532 1846/272/531 1844/267/553 1840/266/552
f 1874/295/554 1871/296/555 1872/297/556 1875/298/557
f 1871/296/558 1873/299/559 1887/300/560 1872/297/561
f 1876/301/562 1874/295/554 1875/298/557 1877/302/563
f 1878/303/564 1876/301/565 1877/302/566 1879/304/567
f 1880/305/795 1878/303/564 1879/304/567 1881/306/796
f 1882/307/570 1880/305/571 1881/306/572 1883/308/573
f 1884/309/574 1882/307/570 1883/308/573 1885/310/575
f 1873/299/559 1884/309/576 1885/310/577 1887/300/560
f 1885/310/575 1883/308/573 1911/311/578 1886/312/579
f 1887/300/560 1885/310/577 1886/312/580 1888/313/581
f 1872/297/561 1887/300/560 1888/313/581 1889/314/582
f 1888/313/581 1890/315/583 1892/316/584 1889/314/582
f 1886/312/580 1891/317/585 1890/315/583 1888/313/581
f 1891/317/585 1895/318/586 1893/319/797 1890/315/583
f 1890/315/583 1893/319/797 1894/320/588 1892/316/584
f 1896/321/589 1899/322/590 1894/320/591 1893/319/592
f 1897/323/593 1896/321/589 1893/319/592 1895/318/594
f 1910/324/595 1898/325/596 1896/321/589 1897/323/593
f 1898/325/596 1900/326/597 1899/322/590 1896/321/589
f 1892/316/598 1894/320/591 1899/322/590 1901/327/599
f 1901/327/599 1899/322/590 1900/326/597 1903/328/600
f 1902/329/601 1901/327/599 1903/328/600 1904/330/602
f 1889/314/603 1892/316/598 1901/327/599 1902/329/601
f 1904/330/604 1903/328/827 1905/331/606 1906/332/607
f 1903/328/827 1900/326/597 1898/325/596 1905/331/606
f 1906/332/607 1905/331/606 1907/333/608 1909/334/609
f 1905/331/606 1898/325/596 1910/324/595 1907/333/608
f 1907/333/610 1910/324/611 1897/323/612 1908/335/613
f 1909/334/614 1907/333/610 1908/335/613 1911/311/578
f 1883/308/573 1881/306/572 1909/334/614 1911/311/578
f 1881/306/796 1879/304/567 1906/332/607 1909/334/609
f 1911/311/578 1908/335/613 1891/317/615 1886/312/579
f 1908/335/613 1897/323/612 1895/318/616 1891/317/615
f 1879/304/567 1877/302/566 1904/330/604 1906/332/607
f 1877/302/563 1875/298/557 1902/329/601 1904/330/602
f 1875/298/557 1872/297/556 1889/314/603 1902/329/601
f 2010/336/617 1913/337/618 1917/337/619 2011/336/620
f 2013/336/621 1925/337/622 1929/337/623 2014/336/624
f 2014/336/624 1929/337/623 1933/337/625 2015/336/626
f 2015/336/626 1933/337/625 1937/337/627 2016/336/628
f 2016/336/628 1937/337/627 1941/337/629 2017/336/630
f 2017/336/630 1941/337/629 1945/337/631 2018/336/632
f 2018/336/632 1945/337/631 1949/337/633 2019/336/634
f 2019/336/634 1949/337/633 1953/337/635 2020/336/636
f 2020/336/636 1953/337/635 1957/337/637 2009/336/638
f 2011/336/620 1917/337/619 1921/337/639 2012/336/640
f 2012/336/640 1921/337/639 1925/337/622 2013/336/621
f 2009/336/638 1957/337/637 1913/337/618 2010/336/617
f 1917/337/619 1913/337/618 1916/338/641 1920/338/642
f 1920/338/642 1916/338/641 1915/339/643 1919/339/644
f 1919/339/644 1915/339/643 1914/340/645 1918/340/646
f 1918/340/646 1914/340/645 1912/341/647
f 1921/337/639 1917/337/619 1920/338/642 1924/338/648
f 1924/338/648 1920/338/642 1919/339/644 1923/339/649
f 1923/339/649 1919/339/644 1918/340/646 1922/340/650
f 1922/340/650 1918/340/646 1912/341/647
f 1925/337/622 1921/337/639 1924/338/648 1928/338/651
f 1928/338/651 1924/338/648 1923/339/649 1927/339/652
f 1927/339/652 1923/339/649 1922/340/650 1926/340/653
f 1926/340/653 1922/340/650 1912/341/647
f 1929/337/623 1925/337/622 1928/338/651 1932/338/654
f 1932/338/654 1928/338/651 1927/339/652 1931/339/655
f 1931/339/655 1927/339/652 1926/340/653 1930/340/656
f 1930/340/656 1926/340/653 1912/341/647
f 1933/337/625 1929/337/623 1932/338/654 1936/338/657
f 1936/338/657 1932/338/654 1931/339/655 1935/339/658
f 1935/339/658 1931/339/655 1930/340/656 1934/340/659
f 1934/340/659 1930/340/656 1912/341/647
f 1937/337/627 1933/337/625 1936/338/657 1940/338/660
f 1940/338/660 1936/338/657 1935/339/658 1939/339/661
f 1939/339/661 1935/339/658 1934/340/659 1938/340/662
f 1938/340/662 1934/340/659 1912/341/647
f 1941/337/629 1937/337/627 1940/338/660 1944/338/663
f 1944/338/663 1940/338/660 1939/339/661 1943/339/664
f 1943/339/664 1939/339/661 1938/340/662 1942/340/665
f 1942/340/665 1938/340/662 1912/341/647
f 1945/337/631 1941/337/629 1944/338/663 1948/338/666
f 1948/338/666 1944/338/663 1943/339/664 1947/339/667
f 1947/339/667 1943/339/664 1942/340/665 1946/340/668
f 1946/340/668 1942/340/665 1912/341/647
f 1949/337/633 1945/337/631 1948/338/666 1952/338/669
f 1952/338/669 1948/338/666 1947/339/667 1951/339/670
f 1951/339/670 1947/339/667 1946/340/668 1950/340/671
f 1950/340/671 1946/340/668 1912/341/647
f 1953/337/635 1949/337/633 1952/338/669 1956/338/672
f 1956/338/672 1952/338/669 1951/339/670 1955/339/673
f 1955/339/673 1951/339/670 1950/340/671 1954/340/674
f 1954/340/674 1950/340/671 1912/341/647
f 1957/337/637 1953/337/635 1956/338/672 1960/338/675
f 1960/338/675 1956/338/672 1955/339/673 1959/339/676
f 1959/339/676 1955/339/673 1954/340/674 1958/340/677
f 1958/340/677 1954/340/674 1912/341/647
f 1913/337/618 1957/337/637 1960/338/675 1916/338/641
f 1916/338/641 1960/338/675 1959/339/676 1915/339/643
f 1915/339/643 1959/339/676 1958/340/677 1914/340/645
f 1914/340/645 1958/340/677 1912/341/647
f 1962/342/678 1965/342/679 1967/343/680 1964/343/681
f 1964/343/681 1967/343/680 1968/344/682 1963/344/683
f 2021/345/684 2022/345/685 1966/346/686 1961/346/687
f 1965/342/679 1969/342/688 1971/343/689 1967/343/680
f 1967/343/680 1971/343/689 1972/344/690 1968/344/682
f 2022/345/685 2023/345/691 1970/346/692 1966/346/686
f 1969/342/688 1973/342/693 1975/343/694 1971/343/689
f 1971/343/689 1975/343/694 1976/344/695 1972/344/690
f 2023/345/691 2024/345/696 1974/346/697 1970/346/692
f 1973/342/693 1977/342/698 1979/343/699 1975/343/694
f 1975/343/694 1979/343/699 1980/344/700 1976/344/695
f 2024/345/696 2025/345/701 1978/346/702 1974/346/697
f 1977/342/698 1981/342/703 1983/343/704 1979/343/699
f 1979/343/699 1983/343/704 1984/344/705 1980/344/700
f 2025/345/701 2026/345/706 1982/346/707 1978/346/702
f 1981/342/703 1985/342/708 1987/343/709 1983/343/704
f 1983/343/704 1987/343/709 1988/344/710 1984/344/705
f 2026/345/706 2027/345/711 1986/346/712 1982/346/707
f 1985/342/708 1989/342/713 1991/343/714 1987/343/709
f 1987/343/709 1991/343/714 1992/344/715 1988/344/710
f 2027/345/711 2028/345/716 1990/346/717 1986/346/712
f 1989/342/713 1993/342/718 1995/343/719 1991/343/714
f 1991/343/714 1995/343/719 1996/344/720 1992/344/715
f 2028/345/716 2029/345/721 1994/346/722 1990/346/717
f 1993/342/718 1997/342/723 1999/343/724 1995/343/719
f 1995/343/719 1999/343/724 2000/344/725 1996/344/720
f 2029/345/721 2030/345/726 1998/346/727 1994/346/722
f 1997/342/723 2001/342/728 2003/343/729 1999/343/724
f 1999/343/724 2003/343/729 2004/344/730 2000/344/725
f 2030/345/726 2031/345/731 2002/346/732 1998/346/727
f 2001/342/728 2005/342/733 2007/343/734 2003/343/729
f 2003/343/729 2007/343/734 2008/344/735 2004/344/730
f 2031/345/731 2032/345/736 2006/346/737 2002/346/732
f 2005/342/733 1962/342/678 1964/343/681 2007/343/734
f 2007/343/734 1964/343/681 1963/344/683 2008/344/735
f 2032/345/736 2021/345/684 1961/346/687 2006/346/737
f 1961/346/687 1966/346/686 1970/346/692 1974/346/697 1978/346/702 1982/346/707 1986/346/712 1990/346/717 1994/346/722 1998/346/727 2002/346/732 2006/346/737
f 2044/347/738 2009/336/638 2010/336/617 2033/347/739
f 2035/347/740 2012/336/640 2013/336/621 2036/347/741
f 2034/347/742 2011/336/620 2012/336/640 2035/347/740
f 2043/347/743 2020/336/636 2009/336/638 2044/347/738
f 2042/347/744 2019/336/634 2020/336/636 2043/347/743
f 2041/347/745 2018/336/632 2019/336/634 2042/347/744
f 2040/347/746 2017/336/630 2018/336/632 2041/347/745
f 2039/347/747 2016/336/628 2017/336/630 2040/347/746
f 2038/347/748 2015/336/626 2016/336/628 2039/347/747
f 2037/347/749 2014/336/624 2015/336/626 2038/347/748
f 2036/347/741 2013/336/621 2014/336/624 2037/347/749
f 2033/347/739 2010/336/617 2011/336/620 2034/347/742
f 2008/344/735 1963/344/683 2021/345/684 2032/345/736
f 2004/344/730 2008/344/735 2032/345/736 2031/345/731
f 2000/344/725 2004/344/730 2031/345/731 2030/345/726
f 1996/344/720 2000/344/725 2030/345/726 2029/345/721
f 1992/344/715 1996/344/720 2029/345/721 2028/345/716
f 1988/344/710 1992/344/715 2028/345/716 2027/345/711
f 1984/344/705 1988/344/710 2027/345/711 2026/345/706
f 1980/344/700 1984/344/705 2026/345/706 2025/345/701
f 1976/344/695 1980/344/700 2025/345/701 2024/345/696
f 1972/344/690 1976/344/695 2024/345/696 2023/345/691
f 1968/344/682 1972/344/690 2023/345/691 2022/345/685
f 1963/344/683 1968/344/682 2022/345/685 2021/345/684
f 2045/348/750 2033/347/739 2034/347/742 2046/348/751
f 2048/348/752 2036/347/741 2037/347/749 2049/348/753
f 2049/348/753 2037/347/749 2038/347/748 2050/348/754
f 2050/348/754 2038/347/748 2039/347/747 2051/348/755
f 2051/348/755 2039/347/747 2040/347/746 2052/348/756
f 2052/348/756 2040/347/746 2041/347/745 2053/348/757
f 2053/348/757 2041/347/745 2042/347/744 2054/348/758
f 2054/348/758 2042/347/744 2043/347/743 2055/348/759
f 2055/348/759 2043/347/743 2044/347/738 2056/348/760
f 2046/348/751 2034/347/742 2035/347/740 2047/348/761
f 2047/348/761 2035/347/740 2036/347/741 2048/348/752
f 2056/348/760 2044/347/738 2033/347/739 2045/348/750
f 2005/342/733 2056/348/760 2045/348/750 1962/342/678
f 1969/342/688 2047/348/761 2048/348/752 1973/342/693
f 1965/342/679 2046/348/751 2047/348/761 1969/342/688
f 2001/342/728 2055/348/759 2056/348/760 2005/342/733
f 1997/342/723 2054/348/758 2055/348/759 2001/342/728
f 1993/342/718 2053/348/757 2054/348/758 1997/342/723
f 1989/342/713 2052/348/756 2053/348/757 1993/342/718
f 1985/342/708 2051/348/755 2052/348/756 1989/342/713
f 1981/342/703 2050/348/754 2051/348/755 1985/342/708
f 1977/342/698 2049/348/753 2050/348/754 1981/342/703
f 1973/342/693 2048/348/752 2049/348/753 1977/342/698
f 1962/342/678 2045/348/750 2046/348/751 1965/342/679
