# Blender 5.0.0 Release Candidate
# www.blender.org
mtllib carrot_mid.mtl
o _3D_Tile_Farm_Field_01
v -0.900000 0.000000 0.900000
v -0.970711 0.029289 0.900000
v -0.957735 0.042265 0.957735
v -0.900000 0.029289 0.970711
v -0.900000 0.100000 1.000000
v -0.970711 0.100000 0.970711
v -0.433333 0.029289 0.970711
v -0.433333 0.100000 1.000000
v -0.433333 0.000000 0.900000
v -0.900000 -0.000000 -0.900000
v -0.333333 0.029289 0.970711
v -0.333333 0.000000 0.900000
v -0.433333 1.874608 1.000000
v -0.333333 0.100000 1.000000
v -0.233333 0.029289 0.970711
v -0.333333 1.874608 1.000000
v -0.233333 0.100000 1.000000
v -0.433333 1.900000 1.000000
v -0.333333 1.900000 1.000000
v -0.900000 1.874608 1.000000
v -0.233333 0.000000 0.900000
v -0.970711 1.874608 0.970711
v -0.900000 1.900000 1.000000
v -0.433333 1.970711 0.970711
v -0.970711 1.900000 0.970711
v -1.000000 1.874608 0.900000
v -1.000000 1.900000 0.900000
v -0.957735 1.957735 0.957735
v -0.970711 1.970711 0.900000
v -1.000000 1.900000 -0.900000
v -0.970711 1.970710 -0.900000
v -0.900000 1.970711 0.970711
v -1.000000 0.100000 0.900000
v -0.433333 2.000000 0.900000
v -0.375598 1.957735 0.957735
v -0.362622 1.970711 0.900000
v -0.900000 2.000000 0.900000
v -0.970711 0.029289 -0.900000
v -1.000000 0.100000 -0.900000
v -1.000000 1.874608 -0.900000
v -0.970711 1.899999 -0.970710
v -0.957735 1.957735 -0.957735
v -0.900000 2.000000 -0.900000
v -0.900000 1.970710 -0.970710
v -0.970711 1.874608 -0.970710
v -0.433333 2.000000 -0.900000
v -0.900000 1.900000 -1.000000
v -0.433333 1.970710 -0.970710
v -0.362622 1.970710 -0.900000
v -0.375598 1.957735 -0.957735
v -0.433333 1.900000 -1.000000
v -0.362622 1.899999 -0.970710
v -0.333333 1.900000 -0.900000
v -0.333333 1.900000 -1.000000
v -0.304044 1.899999 -0.970710
v -0.233333 1.900000 -1.000000
v -0.333333 1.900000 0.900000
v -0.304044 1.970711 0.900000
v -0.291068 1.957735 -0.957735
v -0.304044 1.970710 -0.900000
v -0.233333 2.000000 0.900000
v -0.233333 1.999999 -0.900000
v -0.233333 1.970710 -0.970710
v 0.233334 1.970710 -0.970710
v 0.233334 2.000000 -0.900000
v 0.233334 1.900000 -1.000000
v -0.233333 1.874608 -1.000000
v 0.233334 1.874608 -1.000000
v 0.333333 1.900000 -1.000000
v -0.333333 1.874608 -1.000000
v 0.333333 1.874608 -1.000000
v 0.433334 1.900000 -1.000000
v -0.433333 1.874608 -1.000000
v -0.333333 0.100000 -1.000000
v -0.233333 0.100000 -1.000000
v 0.233333 0.100000 -1.000000
v -0.433333 0.100000 -1.000000
v 0.433334 1.874608 -1.000000
v 0.333333 0.100000 -1.000000
v 0.233333 0.029289 -0.970711
v 0.900000 1.900000 -1.000000
v 0.433334 1.970710 -0.970710
v 0.900000 1.970710 -0.970710
v 0.433334 2.000000 -0.900000
v -0.900000 0.100000 -1.000000
v -0.433333 0.029289 -0.970711
v -0.333333 0.029289 -0.970711
v -0.233333 0.029289 -0.970711
v -0.900000 1.874608 -1.000000
v -0.433333 -0.000000 -0.900000
v -0.333333 -0.000000 -0.900000
v -0.900000 0.029289 -0.970711
v -0.957735 0.042265 -0.957735
v -0.970711 0.100000 -0.970711
v -0.233333 -0.000000 -0.900000
v 0.233333 -0.000000 -0.900000
v 0.233333 0.000000 0.900000
v 0.333333 0.029289 -0.970711
v 0.233333 0.029289 0.970711
v 0.333333 -0.000000 -0.900000
v 0.433333 0.100000 -1.000000
v 0.233333 0.100000 1.000000
v 0.333333 0.000000 0.900000
v 0.433333 0.029289 -0.970711
v 0.900000 1.874608 -1.000000
v 0.333333 0.029289 0.970711
v 0.433333 -0.000000 -0.900000
v 0.433333 0.000000 0.900000
v 0.900000 0.029289 -0.970711
v 0.900000 -0.000000 -0.900000
v 0.900000 0.100000 -1.000000
v 0.900000 0.000000 0.900000
v 0.957735 0.042265 -0.957735
v 0.970711 0.029289 -0.900000
v 0.970711 0.100000 -0.970711
v 0.970711 1.874608 -0.970710
v 0.970711 0.029289 0.900000
v 1.000000 0.100000 -0.900000
v 0.957735 0.042265 0.957735
v 0.900000 0.029289 0.970711
v 1.000000 0.100000 0.900000
v 0.970711 0.100000 0.970711
v 1.000000 1.874608 -0.900000
v 0.970711 1.899999 -0.970710
v 1.000000 1.900000 -0.900000
v 0.957735 1.957735 -0.957735
v 0.900000 2.000000 -0.900000
v 0.970711 1.970710 -0.900000
v 1.000000 1.874608 0.900000
v 1.000000 1.900000 0.900000
v 0.970711 1.874608 0.970711
v 0.970711 1.970711 0.900000
v 0.970711 1.900000 0.970711
v 0.957735 1.957735 0.957735
v 0.900000 2.000000 0.900000
v 0.900000 1.970711 0.970711
v 0.900000 1.900000 1.000000
v 0.900000 1.874608 1.000000
v 0.433334 2.000000 0.900000
v 0.433333 1.970711 0.970711
v 0.433334 1.900000 1.000000
v 0.375599 1.957735 0.957735
v 0.362623 1.970711 0.900000
v 0.333334 1.900000 0.900000
v 0.362623 1.900000 0.970711
v 0.362623 1.970710 -0.900000
v 0.333334 1.900000 -0.900000
v 0.375599 1.957735 -0.957735
v 0.304044 1.970711 0.900000
v 0.362623 1.899999 -0.970710
v 0.304044 1.970710 -0.900000
v 0.333333 1.900000 1.000000
v 0.304044 1.900000 0.970711
v 0.233334 1.900000 1.000000
v 0.291069 1.957735 0.957735
v 0.233334 1.970711 0.970711
v 0.233334 2.000000 0.900000
v 0.291069 1.957735 -0.957735
v 0.304044 1.899999 -0.970710
v -0.233333 1.970711 0.970711
v -0.233333 1.900000 1.000000
v -0.291068 1.957735 0.957735
v -0.304044 1.900000 0.970711
v -0.362622 1.900000 0.970711
v 0.433333 0.029289 0.970711
v 0.900000 0.100000 1.000000
v 0.333333 0.100000 1.000000
v 0.433333 0.100000 1.000000
v 0.233334 1.874608 1.000000
v 0.433334 1.874608 1.000000
v 0.333333 1.874608 1.000000
v -0.233333 1.874608 1.000000
vn -0.1794 -0.9673 0.1794
vn -0.5774 -0.5774 0.5774
vn -0.6965 -0.6965 0.1726
vn -0.1725 -0.6965 0.6965
vn -0.1794 -0.1794 0.9673
vn -0.6965 -0.1726 0.6965
vn -0.0000 -0.7071 0.7071
vn -0.0000 -0.1951 0.9808
vn -0.0000 -0.9808 0.1951
vn -0.1794 -0.9673 -0.1794
vn -0.0000 -0.0000 1.0000
vn 0.0765 0.2406 0.9676
vn -0.1951 -0.0000 0.9808
vn -0.7071 -0.0000 0.7071
vn -0.1794 0.1794 0.9673
vn 0.1725 0.6965 0.6965
vn -0.6965 0.1725 0.6965
vn -0.9808 -0.0000 0.1951
vn -0.9673 0.1794 0.1794
vn -0.5774 0.5773 0.5774
vn -0.6965 0.6965 0.1726
vn -0.9673 0.1794 -0.1794
vn -0.6965 0.6965 -0.1726
vn -0.1725 0.6965 0.6965
vn -0.9673 -0.1794 0.1794
vn 0.1794 0.9673 0.1794
vn 0.5774 0.5773 0.5774
vn 0.6965 0.6965 0.1726
vn -0.1794 0.9673 0.1794
vn -0.6965 -0.6965 -0.1726
vn -0.9673 -0.1794 -0.1794
vn -0.9808 -0.0000 -0.1951
vn -0.6965 0.1725 -0.6965
vn -0.5773 0.5774 -0.5774
vn -0.1794 0.9673 -0.1794
vn -0.1725 0.6965 -0.6965
vn -0.7071 -0.0000 -0.7071
vn 0.1794 0.9673 -0.1794
vn -0.1794 0.1794 -0.9673
vn 0.1725 0.6965 -0.6965
vn 0.6965 0.6965 -0.1726
vn 0.5773 0.5773 -0.5774
vn 0.0765 0.2406 -0.9676
vn 0.3223 0.8900 -0.3224
vn -0.0000 0.9530 -0.3029
vn -0.0000 1.0000 -0.0000
vn -0.3223 0.8901 -0.3223
vn -0.0765 0.2406 -0.9676
vn -0.0000 0.9530 0.3029
vn -0.0000 -0.0000 -1.0000
vn -0.0000 -0.1951 -0.9808
vn -0.0000 -0.7071 -0.7071
vn 0.1794 0.1794 -0.9673
vn -0.1794 -0.1794 -0.9673
vn -0.1951 -0.0000 -0.9808
vn -0.0000 -0.9808 -0.1951
vn -0.1725 -0.6965 -0.6965
vn -0.5774 -0.5774 -0.5774
vn -0.6965 -0.1726 -0.6965
vn 0.1951 -0.0000 -0.9808
vn 0.1725 -0.6965 -0.6965
vn 0.1794 -0.9673 -0.1794
vn 0.1794 -0.1794 -0.9673
vn 0.1794 -0.9673 0.1794
vn 0.5774 -0.5774 -0.5774
vn 0.6965 -0.6965 -0.1726
vn 0.6965 -0.1726 -0.6965
vn 0.7071 -0.0000 -0.7071
vn 0.6965 -0.6965 0.1726
vn 0.9673 -0.1794 -0.1794
vn 0.5774 -0.5774 0.5774
vn 0.1725 -0.6965 0.6965
vn 0.9673 -0.1794 0.1794
vn 0.6965 -0.1726 0.6965
vn 0.9808 -0.0000 -0.1951
vn 0.6965 0.1725 -0.6965
vn 0.9673 0.1794 -0.1794
vn 0.5773 0.5774 -0.5774
vn 0.9808 -0.0000 0.1951
vn 0.9673 0.1794 0.1794
vn 0.7071 -0.0000 0.7071
vn 0.6965 0.1726 0.6965
vn 0.1794 0.1794 0.9673
vn 0.1951 -0.0000 0.9808
vn -0.0765 0.2406 0.9676
vn -0.5774 0.5773 0.5773
vn -0.3223 0.8901 0.3223
vn -0.5773 0.5773 -0.5774
vn -0.3224 0.8900 -0.3224
vn 0.3223 0.8901 0.3223
vn 0.5774 0.5773 0.5773
vn 0.5774 0.5773 -0.5774
vn 0.3224 0.8900 -0.3224
vn -0.5774 0.5774 0.5774
vn -0.3224 0.8900 0.3223
vn 0.3223 0.8900 0.3224
vn 0.1794 -0.1794 0.9673
vt 0.083029 0.053703
vt 0.083038 0.053793
vt 0.083035 0.053766
vt 0.083050 0.053918
vt 0.083435 0.057764
vt 0.083439 0.057808
vt 0.083451 0.057931
vt 0.083449 0.057909
vt 0.083456 0.057982
s 1
usemtl Color_Palette_01.007
f 1/1/1 3/2/2 2/3/3
f 1/1/1 4/3/4 3/2/2
f 5/4/5 3/2/2 4/3/4
f 5/4/5 6/4/6 3/2/2
f 1/1/1 7/3/7 4/3/4
f 4/3/4 8/4/8 5/4/5
f 4/3/4 7/3/7 8/4/8
f 1/1/1 9/1/9 7/3/7
f 10/1/10 9/1/9 1/1/1
f 11/3/7 8/4/8 7/3/7
f 12/1/9 7/3/7 9/1/9
f 12/1/9 11/3/7 7/3/7
f 13/5/11 5/4/5 8/4/8
f 11/3/7 14/4/8 8/4/8
f 13/5/11 8/4/8 14/4/8
f 15/3/7 14/4/8 11/3/7
f 13/5/11 14/4/8 16/5/11
f 15/3/7 17/4/8 14/4/8
f 18/6/12 13/5/11 16/5/11
f 18/6/12 16/5/11 19/6/11
f 13/5/11 20/5/13 5/4/5
f 18/6/12 20/5/13 13/5/11
f 21/1/9 11/3/7 12/1/9
f 21/1/9 15/3/7 11/3/7
f 5/4/5 20/5/13 22/5/14
f 5/4/5 22/5/14 6/4/6
f 18/6/12 23/6/15 20/5/13
f 24/7/16 23/6/15 18/6/12
f 20/5/13 25/6/17 22/5/14
f 20/5/13 23/6/15 25/6/17
f 6/4/6 22/5/14 26/5/18
f 22/5/14 25/6/17 27/6/19
f 22/5/14 27/6/19 26/5/18
f 27/6/19 25/6/17 28/8/20
f 23/6/15 28/8/20 25/6/17
f 27/6/19 28/8/20 29/7/21
f 29/7/21 30/6/22 27/6/19
f 29/7/21 31/7/23 30/6/22
f 26/5/18 27/6/19 30/6/22
f 24/7/16 32/7/24 23/6/15
f 23/6/15 32/7/24 28/8/20
f 6/4/6 26/5/18 33/4/25
f 33/4/25 3/2/2 6/4/6
f 33/4/25 2/3/3 3/2/2
f 34/9/26 32/7/24 24/7/16
f 34/9/26 24/7/16 35/8/27
f 34/9/26 35/8/27 36/7/28
f 37/9/29 28/8/20 32/7/24
f 34/9/26 37/9/29 32/7/24
f 37/9/29 29/7/21 28/8/20
f 38/3/30 2/3/3 33/4/25
f 38/3/30 33/4/25 39/4/31
f 33/4/25 40/5/32 39/4/31
f 33/4/25 26/5/18 40/5/32
f 26/5/18 30/6/22 40/5/32
f 41/6/33 40/5/32 30/6/22
f 30/6/22 42/8/34 41/6/33
f 30/6/22 31/7/23 42/8/34
f 37/9/29 31/7/23 29/7/21
f 43/9/35 42/8/34 31/7/23
f 37/9/29 43/9/35 31/7/23
f 43/9/35 44/7/36 42/8/34
f 41/6/33 45/5/37 40/5/32
f 45/5/37 39/4/31 40/5/32
f 46/9/38 43/9/35 37/9/29
f 46/9/38 37/9/29 34/9/26
f 47/6/39 45/5/37 41/6/33
f 47/6/39 41/6/33 42/8/34
f 47/6/39 42/8/34 44/7/36
f 43/9/35 48/7/40 44/7/36
f 43/9/35 46/9/38 48/7/40
f 34/9/26 49/7/41 46/9/38
f 34/9/26 36/7/28 49/7/41
f 46/9/38 50/8/42 48/7/40
f 46/9/38 49/7/41 50/8/42
f 51/6/43 48/7/40 50/8/42
f 51/6/43 50/8/42 52/6/44
f 36/7/28 53/6/45 49/7/41
f 54/6/46 51/6/43 52/6/44
f 53/6/45 54/6/46 52/6/44
f 53/6/45 55/6/47 54/6/46
f 55/6/47 56/6/48 54/6/46
f 36/7/28 57/6/49 53/6/45
f 58/7/21 53/6/45 57/6/49
f 53/6/45 59/8/34 55/6/47
f 53/6/45 60/7/23 59/8/34
f 58/7/21 60/7/23 53/6/45
f 61/9/29 60/7/23 58/7/21
f 56/6/48 55/6/47 59/8/34
f 61/9/29 62/9/35 60/7/23
f 62/9/35 59/8/34 60/7/23
f 56/6/48 59/8/34 63/7/36
f 62/9/35 63/7/36 59/8/34
f 62/9/35 64/7/40 63/7/36
f 62/9/35 65/9/38 64/7/40
f 65/9/38 62/9/35 61/9/29
f 63/7/36 64/7/40 66/6/43
f 63/7/36 66/6/43 56/6/48
f 67/5/50 56/6/48 66/6/43
f 67/5/50 66/6/43 68/5/50
f 69/6/50 68/5/50 66/6/43
f 56/6/48 67/5/50 70/5/50
f 56/6/48 70/5/50 54/6/50
f 69/6/50 71/5/50 68/5/50
f 72/6/48 71/5/50 69/6/50
f 54/6/50 70/5/50 73/5/50
f 54/6/50 73/5/50 51/6/43
f 67/5/50 74/4/51 70/5/50
f 75/4/51 67/5/50 68/5/50
f 67/5/50 75/4/51 74/4/51
f 71/5/50 76/4/51 68/5/50
f 75/4/51 68/5/50 76/4/51
f 70/5/50 77/4/51 73/5/50
f 70/5/50 74/4/51 77/4/51
f 72/6/48 78/5/50 71/5/50
f 71/5/50 79/4/51 76/4/51
f 78/5/50 79/4/51 71/5/50
f 80/3/52 75/4/51 76/4/51
f 80/3/52 76/4/51 79/4/51
f 78/5/50 72/6/48 81/6/53
f 82/7/36 81/6/53 72/6/48
f 82/7/36 83/7/40 81/6/53
f 84/9/35 83/7/40 82/7/36
f 85/4/54 73/5/50 77/4/51
f 86/3/52 77/4/51 74/4/51
f 86/3/52 85/4/54 77/4/51
f 87/3/52 74/4/51 75/4/51
f 86/3/52 74/4/51 87/3/52
f 80/3/52 88/3/52 75/4/51
f 87/3/52 75/4/51 88/3/52
f 85/4/54 89/5/55 73/5/50
f 89/5/55 51/6/43 73/5/50
f 90/1/56 86/3/52 87/3/52
f 91/1/56 87/3/52 88/3/52
f 90/1/56 87/3/52 91/1/56
f 86/3/52 92/3/57 85/4/54
f 90/1/56 92/3/57 86/3/52
f 85/4/54 92/3/57 93/2/58
f 85/4/54 93/2/58 94/4/59
f 89/5/55 85/4/54 94/4/59
f 90/1/56 10/1/10 92/3/57
f 91/1/56 9/1/9 90/1/56
f 10/1/10 90/1/56 9/1/9
f 91/1/56 12/1/9 9/1/9
f 95/1/56 12/1/9 91/1/56
f 91/1/56 88/3/52 95/1/56
f 95/1/56 21/1/9 12/1/9
f 96/1/56 95/1/56 88/3/52
f 96/1/56 88/3/52 80/3/52
f 95/1/56 97/1/9 21/1/9
f 95/1/56 96/1/56 97/1/9
f 96/1/56 80/3/52 98/3/52
f 80/3/52 79/4/51 98/3/52
f 21/1/9 97/1/9 99/3/7
f 21/1/9 99/3/7 15/3/7
f 100/1/56 97/1/9 96/1/56
f 96/1/56 98/3/52 100/1/56
f 98/3/52 79/4/51 101/4/51
f 78/5/50 101/4/51 79/4/51
f 15/3/7 99/3/7 102/4/8
f 15/3/7 102/4/8 17/4/8
f 103/1/9 99/3/7 97/1/9
f 100/1/56 103/1/9 97/1/9
f 100/1/56 98/3/52 104/3/52
f 98/3/52 101/4/51 104/3/52
f 101/4/51 78/5/50 105/5/60
f 78/5/50 81/6/53 105/5/60
f 106/3/7 102/4/8 99/3/7
f 103/1/9 106/3/7 99/3/7
f 107/1/56 103/1/9 100/1/56
f 100/1/56 104/3/52 107/1/56
f 108/1/9 106/3/7 103/1/9
f 107/1/56 108/1/9 103/1/9
f 109/3/61 104/3/52 101/4/51
f 110/1/62 107/1/56 104/3/52
f 110/1/62 104/3/52 109/3/61
f 109/3/61 101/4/51 111/4/63
f 101/4/51 105/5/60 111/4/63
f 107/1/56 112/1/64 108/1/9
f 107/1/56 110/1/62 112/1/64
f 110/1/62 109/3/61 113/2/65
f 111/4/63 113/2/65 109/3/61
f 110/1/62 113/2/65 114/3/66
f 112/1/64 110/1/62 114/3/66
f 111/4/63 115/4/67 113/2/65
f 116/5/68 111/4/63 105/5/60
f 116/5/68 115/4/67 111/4/63
f 112/1/64 114/3/66 117/3/69
f 117/3/69 114/3/66 118/4/70
f 112/1/64 117/3/69 119/2/71
f 112/1/64 119/2/71 120/3/72
f 121/4/73 119/2/71 117/3/69
f 117/3/69 118/4/70 121/4/73
f 121/4/73 122/4/74 119/2/71
f 123/5/75 118/4/70 115/4/67
f 123/5/75 121/4/73 118/4/70
f 123/5/75 115/4/67 116/5/68
f 124/6/76 116/5/68 105/5/60
f 124/6/76 105/5/60 81/6/53
f 125/6/77 123/5/75 116/5/68
f 125/6/77 116/5/68 124/6/76
f 81/6/53 126/8/78 124/6/76
f 81/6/53 83/7/40 126/8/78
f 127/9/38 126/8/78 83/7/40
f 127/9/38 128/7/41 126/8/78
f 84/9/35 127/9/38 83/7/40
f 123/5/75 129/5/79 121/4/73
f 125/6/77 129/5/79 123/5/75
f 128/7/41 130/6/80 125/6/77
f 125/6/77 130/6/80 129/5/79
f 131/5/81 121/4/73 129/5/79
f 131/5/81 122/4/74 121/4/73
f 127/9/38 132/7/28 128/7/41
f 128/7/41 132/7/28 130/6/80
f 133/6/82 129/5/79 130/6/80
f 133/6/82 131/5/81 129/5/79
f 130/6/80 132/7/28 134/8/27
f 130/6/80 134/8/27 133/6/82
f 135/9/26 134/8/27 132/7/28
f 127/9/38 135/9/26 132/7/28
f 135/9/26 136/7/16 134/8/27
f 137/6/83 131/5/81 133/6/82
f 137/6/83 133/6/82 134/8/27
f 137/6/83 134/8/27 136/7/16
f 138/5/84 122/4/74 131/5/81
f 137/6/83 138/5/84 131/5/81
f 127/9/38 139/9/29 135/9/26
f 127/9/38 84/9/35 139/9/29
f 135/9/26 140/7/24 136/7/16
f 135/9/26 139/9/29 140/7/24
f 136/7/16 140/7/24 141/6/85
f 136/7/16 141/6/85 137/6/83
f 139/9/29 142/8/86 140/7/24
f 139/9/29 143/7/21 142/8/86
f 144/6/49 142/8/86 143/7/21
f 144/6/49 145/6/87 142/8/86
f 139/9/29 84/9/35 146/7/23
f 139/9/29 146/7/23 143/7/21
f 143/7/21 146/7/23 147/6/45
f 143/7/21 147/6/45 144/6/49
f 147/6/45 146/7/23 148/8/88
f 149/7/28 144/6/49 147/6/45
f 147/6/45 148/8/88 150/6/89
f 149/7/28 147/6/45 151/7/41
f 145/6/87 144/6/49 152/6/46
f 144/6/49 153/6/90 152/6/46
f 141/6/85 145/6/87 152/6/46
f 153/6/90 154/6/12 152/6/46
f 154/6/12 153/6/90 155/8/91
f 154/6/12 155/8/91 156/7/16
f 157/9/26 149/7/28 151/7/41
f 157/9/26 155/8/91 149/7/28
f 157/9/26 156/7/16 155/8/91
f 157/9/26 151/7/41 65/9/38
f 65/9/38 151/7/41 158/8/92
f 65/9/38 158/8/92 64/7/40
f 66/6/43 64/7/40 158/8/92
f 66/6/43 158/8/92 159/6/93
f 65/9/38 61/9/29 157/9/26
f 66/6/43 159/6/93 69/6/46
f 159/6/93 147/6/45 69/6/46
f 147/6/45 150/6/89 69/6/46
f 150/6/89 72/6/48 69/6/46
f 72/6/48 150/6/89 148/8/88
f 72/6/48 148/8/88 82/7/36
f 84/9/35 82/7/36 148/8/88
f 84/9/35 148/8/88 146/7/23
f 157/9/26 61/9/29 160/7/24
f 157/9/26 160/7/24 156/7/16
f 156/7/16 160/7/24 161/6/85
f 161/6/85 160/7/24 162/8/94
f 156/7/16 161/6/85 154/6/12
f 161/6/85 162/8/94 163/6/95
f 61/9/29 162/8/94 160/7/24
f 61/9/29 58/7/21 162/8/94
f 57/6/49 162/8/94 58/7/21
f 57/6/49 163/6/95 162/8/94
f 163/6/95 57/6/49 19/6/46
f 161/6/85 163/6/95 19/6/46
f 57/6/49 164/6/96 19/6/46
f 164/6/96 18/6/12 19/6/46
f 18/6/12 164/6/96 35/8/27
f 18/6/12 35/8/27 24/7/16
f 57/6/49 35/8/27 164/6/96
f 57/6/49 36/7/28 35/8/27
f 10/1/10 93/2/58 92/3/57
f 10/1/10 38/3/30 93/2/58
f 39/4/31 93/2/58 38/3/30
f 39/4/31 94/4/59 93/2/58
f 45/5/37 94/4/59 39/4/31
f 89/5/55 94/4/59 45/5/37
f 47/6/39 89/5/55 45/5/37
f 89/5/55 47/6/39 51/6/43
f 44/7/36 51/6/43 47/6/39
f 44/7/36 48/7/40 51/6/43
f 10/1/10 2/3/3 38/3/30
f 10/1/10 1/1/1 2/3/3
f 118/4/70 114/3/66 113/2/65
f 118/4/70 113/2/65 115/4/67
f 125/6/77 126/8/78 128/7/41
f 125/6/77 124/6/76 126/8/78
f 108/1/9 112/1/64 120/3/72
f 108/1/9 120/3/72 165/3/7
f 108/1/9 165/3/7 106/3/7
f 165/3/7 120/3/72 166/4/97
f 166/4/97 120/3/72 119/2/71
f 166/4/97 119/2/71 122/4/74
f 138/5/84 166/4/97 122/4/74
f 165/3/7 167/4/8 106/3/7
f 106/3/7 167/4/8 102/4/8
f 165/3/7 166/4/97 168/4/8
f 138/5/84 168/4/8 166/4/97
f 165/3/7 168/4/8 167/4/8
f 169/5/11 102/4/8 167/4/8
f 169/5/11 17/4/8 102/4/8
f 138/5/84 170/5/11 168/4/8
f 137/6/83 170/5/11 138/5/84
f 137/6/83 141/6/85 170/5/11
f 152/6/11 170/5/11 141/6/85
f 171/5/11 167/4/8 168/4/8
f 171/5/11 168/4/8 170/5/11
f 152/6/11 171/5/11 170/5/11
f 169/5/11 167/4/8 171/5/11
f 154/6/12 171/5/11 152/6/11
f 154/6/12 169/5/11 171/5/11
f 154/6/12 172/5/11 169/5/11
f 169/5/11 172/5/11 17/4/8
f 154/6/12 161/6/85 172/5/11
f 19/6/11 172/5/11 161/6/85
f 19/6/11 16/5/11 172/5/11
f 16/5/11 17/4/8 172/5/11
f 16/5/11 14/4/8 17/4/8
f 53/6/45 50/8/42 49/7/41
f 53/6/45 52/6/44 50/8/42
f 141/6/85 140/7/24 142/8/86
f 141/6/85 142/8/86 145/6/87
f 147/6/45 158/8/92 151/7/41
f 147/6/45 159/6/93 158/8/92
f 144/6/49 155/8/91 153/6/90
f 144/6/49 149/7/28 155/8/91
o Farm_Crop_Carrot_Step_02
v -0.554110 2.158347 -0.550342
v -0.549921 2.189544 -0.549864
v -0.572305 2.170552 -0.507000
v -0.516927 2.141870 -0.557912
v -0.508832 2.170824 -0.560901
v -0.480670 2.126748 -0.538901
v -0.470281 2.154978 -0.541745
v -0.470320 2.127458 -0.498055
v -0.458954 2.156336 -0.497885
v -0.481987 2.135600 -0.460590
v -0.474354 2.166905 -0.455677
v -0.523783 2.155146 -0.446125
v -0.514571 2.186799 -0.445312
v -0.560950 2.170253 -0.463977
v -0.552202 2.202196 -0.464049
v -0.540648 2.238995 -0.464438
v -0.563828 2.201673 -0.507528
v -0.554005 2.235959 -0.510446
v -0.541487 2.220779 -0.553859
v -0.539640 2.286543 -0.521746
v -0.524910 2.293506 -0.472374
v -0.528433 2.266987 -0.566887
v -0.521105 2.342093 -0.537313
v -0.502847 2.354656 -0.484769
v -0.497227 2.399638 -0.569730
v -0.512216 2.317133 -0.583391
v -0.489554 2.368793 -0.616062
v -0.469554 2.287526 -0.596395
v -0.446922 2.334999 -0.627488
v -0.421200 2.268807 -0.576282
v -0.486163 2.242265 -0.578955
v -0.499408 2.199815 -0.565488
v -0.441778 2.225378 -0.559325
v -0.426391 2.234332 -0.511241
v -0.458051 2.184097 -0.545536
v -0.445427 2.188495 -0.500467
v -0.459553 2.202007 -0.456531
v -0.500501 2.223636 -0.445655
v -0.438743 2.252713 -0.464960
v -0.414323 2.307718 -0.478025
v -0.480853 2.277273 -0.453024
v -0.455635 2.336599 -0.466249
v -0.425281 2.398287 -0.497464
v -0.383393 2.364601 -0.508620
v -0.476623 2.417674 -0.516360
v -0.393792 2.455916 -0.534774
v -0.446101 2.478376 -0.555413
v -0.352751 2.417609 -0.541703
v -0.357122 2.490268 -0.580572
v -0.319204 2.445764 -0.581815
v -0.406062 2.516474 -0.605122
v -0.318163 2.513195 -0.639875
v -0.291281 2.470314 -0.626192
v -0.313464 2.494820 -0.698498
v -0.364848 2.538787 -0.653543
v -0.371684 2.523847 -0.703333
v -0.382714 2.483314 -0.740866
v -0.431949 2.493351 -0.655896
v -0.469265 2.456696 -0.608345
v -0.430856 2.451354 -0.698411
v -0.464973 2.420346 -0.652918
v -0.392394 2.405160 -0.699723
v -0.422685 2.379072 -0.661256
v -0.342806 2.379047 -0.674706
v -0.339594 2.449333 -0.740473
v -0.309036 2.414411 -0.713047
v -0.286942 2.444670 -0.670193
v -0.317830 2.402618 -0.623573
v -0.347084 2.378223 -0.587133
v -0.375526 2.333363 -0.555338
v -0.370774 2.355072 -0.639405
v -0.396146 2.314330 -0.607508
v -0.403767 2.282809 -0.525559
v -0.522770 2.132281 -0.526916
v -0.527897 2.193691 -0.522231
v -0.542758 2.122442 -0.484654
v -0.474247 2.141647 -0.533356
v -0.477902 2.203603 -0.527246
v -0.434409 2.143409 -0.509583
v -0.435762 2.205333 -0.501434
v -0.427379 2.136103 -0.462372
v -0.429534 2.197411 -0.452380
v -0.449860 2.123970 -0.418964
v -0.451449 2.184605 -0.407773
v -0.497354 2.116116 -0.414932
v -0.501389 2.175726 -0.402888
v -0.536848 2.114364 -0.440653
v -0.542910 2.173451 -0.428286
v -0.551536 2.217843 -0.414427
v -0.550006 2.182474 -0.476327
v -0.559074 2.228337 -0.465655
v -0.536249 2.241903 -0.514498
v -0.575981 2.289783 -0.447987
v -0.568425 2.279198 -0.390855
v -0.551461 2.305315 -0.500913
v -0.598953 2.354883 -0.434495
v -0.592927 2.347134 -0.370501
v -0.636704 2.430866 -0.433363
v -0.571640 2.371628 -0.490602
v -0.609016 2.453691 -0.489909
v -0.511245 2.390328 -0.493863
v -0.547443 2.477645 -0.490793
v -0.456805 2.399839 -0.461673
v -0.494902 2.319758 -0.505367
v -0.483950 2.253596 -0.519168
v -0.444516 2.323468 -0.476240
v -0.438701 2.314149 -0.418343
v -0.438685 2.255524 -0.492228
v -0.432399 2.246274 -0.439564
v -0.455038 2.231675 -0.392797
v -0.507186 2.221041 -0.388087
v -0.463515 2.298369 -0.367310
v -0.479739 2.375550 -0.344205
v -0.519836 2.285168 -0.363101
v -0.540568 2.358271 -0.340572
v -0.577949 2.437578 -0.332711
v -0.515858 2.460838 -0.333796
v -0.632261 2.421290 -0.366593
v -0.617775 2.526628 -0.339168
v -0.556858 2.535734 -0.333174
v -0.620340 2.576568 -0.395401
v -0.666245 2.497012 -0.366996
v -0.672763 2.528118 -0.420448
v -0.648987 2.541752 -0.478904
v -0.597475 2.578515 -0.468058
v -0.537857 2.579461 -0.445216
v -0.546175 2.572567 -0.381467
v -0.492048 2.493392 -0.456149
v -0.487941 2.482961 -0.390120
v -0.452631 2.392199 -0.399417
v -0.473786 2.128563 -0.466656
v -0.470624 2.161719 -0.468352
v -0.469473 2.121602 -0.505239
v -0.508912 2.137201 -0.443294
v -0.506492 2.170662 -0.446307
v -0.552186 2.141297 -0.448860
v -0.551098 2.174924 -0.452526
v -0.573995 2.137490 -0.487465
v -0.572657 2.170748 -0.492076
v -0.567839 2.128799 -0.529246
v -0.567671 2.161684 -0.533965
v -0.533245 2.120927 -0.549661
v -0.531413 2.152962 -0.556384
v -0.489559 2.116311 -0.542395
v -0.486440 2.147987 -0.549808
v -0.480750 2.190964 -0.560713
v -0.465037 2.153852 -0.510221
v -0.458490 2.197599 -0.518847
v -0.464015 2.206690 -0.474200
v -0.439186 2.300096 -0.543179
v -0.463933 2.293822 -0.591401
v -0.444332 2.310751 -0.491379
v -0.423377 2.423762 -0.566849
v -0.424850 2.414099 -0.511289
v -0.445210 2.398514 -0.613278
v -0.476337 2.470744 -0.562846
v -0.494408 2.426748 -0.616583
v -0.540742 2.446821 -0.545661
v -0.469112 2.445207 -0.496532
v -0.524688 2.434387 -0.492334
v -0.487705 2.323218 -0.466229
v -0.501755 2.217033 -0.451384
v -0.540385 2.329729 -0.472732
v -0.548714 2.221931 -0.457768
v -0.564803 2.324181 -0.521501
v -0.570941 2.217038 -0.500137
v -0.559694 2.312778 -0.573340
v -0.515886 2.301192 -0.598026
v -0.565925 2.206669 -0.544432
v -0.545649 2.418148 -0.594520
v -0.527634 2.196671 -0.567405
v -0.468094 2.114346 -0.511080
v -0.471783 2.167158 -0.517415
v -0.514070 2.105042 -0.524145
v -0.451701 2.124469 -0.463018
v -0.456547 2.178117 -0.466715
v -0.463365 2.127971 -0.413914
v -0.469146 2.181863 -0.413876
v -0.510237 2.121932 -0.394478
v -0.517859 2.175087 -0.394284
v -0.558536 2.111670 -0.409720
v -0.567414 2.163797 -0.408317
v -0.572928 2.103932 -0.456842
v -0.583997 2.154839 -0.459929
v -0.559575 2.098709 -0.506002
v -0.570519 2.149007 -0.512938
v -0.585512 2.201847 -0.522783
v -0.521539 2.156297 -0.532391
v -0.532960 2.211196 -0.543693
v -0.479551 2.224993 -0.528174
v -0.557182 2.287614 -0.564156
v -0.615739 2.276991 -0.542048
v -0.497822 2.303934 -0.548161
v -0.585838 2.371101 -0.589431
v -0.651100 2.360496 -0.566662
v -0.615823 2.473602 -0.634604
v -0.520526 2.390280 -0.572951
v -0.548364 2.500577 -0.619199
v -0.502478 2.409975 -0.507024
v -0.531985 2.526666 -0.550835
v -0.519740 2.420715 -0.437920
v -0.480736 2.319759 -0.486236
v -0.464002 2.238165 -0.472594
v -0.495853 2.326590 -0.421280
v -0.554973 2.317697 -0.399985
v -0.477306 2.242865 -0.414601
v -0.529661 2.234641 -0.394076
v -0.582005 2.220406 -0.408267
v -0.599475 2.208641 -0.464632
v -0.613130 2.300583 -0.415419
v -0.648683 2.391964 -0.432294
v -0.630521 2.285199 -0.477728
v -0.666957 2.372009 -0.498730
v -0.705331 2.473873 -0.541137
v -0.688944 2.500133 -0.472613
v -0.685424 2.458643 -0.611917
v -0.728212 2.588461 -0.588376
v -0.717755 2.597644 -0.518704
v -0.668222 2.648216 -0.605400
v -0.710040 2.555923 -0.649424
v -0.652978 2.593717 -0.669561
v -0.583625 2.607843 -0.658334
v -0.583927 2.649038 -0.599090
v -0.591470 2.649592 -0.527237
v -0.662462 2.642093 -0.519762
v -0.552717 2.542189 -0.479832
v -0.621981 2.527571 -0.457515
v -0.584946 2.411644 -0.416684
v -0.502764 2.109535 -0.553064
v -0.495317 2.149423 -0.550580
v -0.549964 2.126098 -0.549331
v -0.478630 2.094173 -0.520026
v -0.466643 2.131367 -0.514346
v -0.476793 2.082914 -0.477814
v -0.464713 2.119118 -0.468673
v -0.507482 2.088125 -0.445814
v -0.497545 2.125116 -0.435602
v -0.549133 2.101374 -0.438548
v -0.543347 2.140664 -0.429401
v -0.579661 2.120591 -0.473218
v -0.570960 2.160277 -0.464668
v -0.581911 2.131427 -0.517600
v -0.573442 2.171935 -0.510305
v -0.559130 2.228541 -0.498740
v -0.540983 2.166278 -0.543521
v -0.524475 2.221494 -0.534834
v -0.476807 2.201759 -0.543775
v -0.474477 2.343993 -0.515868
v -0.515199 2.353480 -0.474896
v -0.421254 2.320709 -0.527188
v -0.415521 2.469989 -0.496558
v -0.357372 2.443489 -0.510276
v -0.462196 2.481491 -0.452525
v -0.371048 2.536556 -0.477069
v -0.418116 2.548290 -0.431573
v -0.312847 2.507565 -0.492691
v -0.321284 2.590666 -0.437843
v -0.275065 2.560420 -0.462693
v -0.370930 2.593104 -0.408849
v -0.293211 2.572207 -0.376818
v -0.357053 2.573459 -0.355133
v -0.287652 2.519880 -0.331732
v -0.247233 2.535385 -0.416361
v -0.246009 2.499586 -0.369829
v -0.279704 2.469541 -0.447740
v -0.321500 2.412147 -0.463707
v -0.275579 2.445888 -0.385525
v -0.315637 2.393009 -0.401608
v -0.323092 2.457675 -0.340071
v -0.361271 2.405811 -0.356839
v -0.381116 2.488013 -0.324859
v -0.413895 2.524258 -0.369663
v -0.420608 2.433000 -0.343710
v -0.341252 2.532361 -0.316263
v -0.455668 2.463088 -0.389921
v -0.477402 2.313152 -0.374204
v -0.510029 2.338807 -0.417525
v -0.527624 2.193523 -0.412713
v -0.424334 2.290755 -0.385221
v -0.479931 2.174930 -0.420612
v -0.384787 2.280014 -0.425520
v -0.445348 2.167191 -0.455626
v -0.388615 2.295418 -0.482725
v -0.447194 2.180630 -0.504583
v -0.556022 2.215743 -0.449901
v -0.456079 2.123704 -0.510931
v -0.461392 2.161336 -0.520573
v -0.497333 2.111850 -0.526254
v -0.444478 2.136403 -0.468934
v -0.450685 2.176162 -0.477387
v -0.459078 2.142372 -0.425158
v -0.466079 2.183336 -0.431763
v -0.503004 2.136794 -0.410052
v -0.511163 2.177026 -0.416359
v -0.544072 2.124453 -0.425614
v -0.553115 2.162723 -0.431155
v -0.555841 2.113188 -0.468065
v -0.565277 2.148812 -0.476010
v -0.540739 2.105859 -0.511181
v -0.549539 2.139951 -0.520676
v -0.563544 2.178519 -0.537663
v -0.504508 2.146823 -0.536390
v -0.517786 2.187151 -0.554556
v -0.472278 2.208472 -0.540236
v -0.568292 2.274303 -0.624420
v -0.619221 2.264616 -0.606821
v -0.515631 2.300414 -0.612028
v -0.635564 2.392648 -0.697712
v -0.574199 2.391323 -0.680127
v -0.687206 2.362922 -0.677118
v -0.654701 2.443168 -0.643820
v -0.707489 2.393854 -0.625012
v -0.640156 2.430401 -0.564820
v -0.577364 2.428519 -0.627580
v -0.580909 2.425351 -0.567227
v -0.506675 2.326821 -0.559586
v -0.463309 2.228851 -0.494872
v -0.525981 2.339227 -0.505987
v -0.480340 2.238813 -0.447080
v -0.578962 2.330158 -0.487533
v -0.526880 2.231447 -0.430919
v -0.630066 2.304221 -0.499872
v -0.639053 2.276927 -0.555040
v -0.570376 2.212036 -0.443859
v -0.691437 2.393884 -0.562672
v -0.581223 2.190344 -0.491905
v -0.499999 2.152984 -0.500000
v -0.499999 2.000000 -0.743128
v -0.499999 2.145949 -0.670608
v -0.499999 2.118034 -0.713962
v -0.499999 2.067676 -0.734759
v -0.378435 2.000000 -0.710555
v -0.414695 2.145949 -0.647750
v -0.393018 2.118034 -0.685297
v -0.382619 2.067676 -0.703307
v -0.289444 2.000000 -0.621564
v -0.352248 2.145949 -0.585304
v -0.314702 2.118034 -0.606981
v -0.296691 2.067676 -0.617379
v -0.256870 2.000000 -0.500000
v -0.329391 2.145949 -0.500000
v -0.286036 2.118034 -0.500000
v -0.265240 2.067676 -0.500000
v -0.289444 2.000000 -0.378435
v -0.352248 2.145949 -0.414696
v -0.314702 2.118034 -0.393018
v -0.296691 2.067676 -0.382620
v -0.378435 2.000000 -0.289444
v -0.414695 2.145949 -0.352249
v -0.393018 2.118034 -0.314702
v -0.382619 2.067676 -0.296692
v -0.499999 2.000000 -0.256871
v -0.499999 2.145949 -0.329391
v -0.499999 2.118034 -0.286037
v -0.499999 2.067676 -0.265240
v -0.621563 2.000000 -0.289444
v -0.585303 2.145949 -0.352249
v -0.606980 2.118034 -0.314702
v -0.617379 2.067676 -0.296692
v -0.710554 2.000000 -0.378435
v -0.647750 2.145949 -0.414696
v -0.685296 2.118034 -0.393018
v -0.703307 2.067676 -0.382620
v -0.743128 2.000000 -0.500000
v -0.670607 2.145949 -0.500000
v -0.713962 2.118034 -0.500000
v -0.734758 2.067676 -0.500000
v -0.710554 2.000000 -0.621564
v -0.647750 2.145949 -0.585304
v -0.685296 2.118034 -0.606981
v -0.703307 2.067676 -0.617379
v -0.621563 2.000000 -0.710555
v -0.585303 2.145949 -0.647750
v -0.606980 2.118034 -0.685297
v -0.617379 2.067676 -0.703307
v -0.614452 1.816300 -0.698238
v -0.499999 1.816300 -0.728906
v -0.385546 1.816300 -0.698238
v -0.301760 1.816300 -0.614453
v -0.271093 1.816300 -0.500000
v -0.301760 1.816300 -0.385546
v -0.385546 1.816300 -0.301761
v -0.499999 1.816300 -0.271093
v -0.614452 1.816300 -0.301761
v -0.698238 1.816300 -0.385546
v -0.728905 1.816300 -0.500000
v -0.698238 1.816300 -0.614453
v 0.445890 2.158347 0.449658
v 0.450079 2.189545 0.450136
v 0.427695 2.170552 0.493000
v 0.483074 2.141870 0.442088
v 0.491168 2.170824 0.439099
v 0.519330 2.126748 0.461099
v 0.529719 2.154978 0.458255
v 0.529680 2.127458 0.501945
v 0.541046 2.156336 0.502115
v 0.518013 2.135600 0.539410
v 0.525646 2.166905 0.544323
v 0.476217 2.155146 0.553875
v 0.485429 2.186799 0.554688
v 0.439050 2.170253 0.536023
v 0.447798 2.202196 0.535951
v 0.459352 2.238995 0.535562
v 0.436172 2.201673 0.492472
v 0.445995 2.235959 0.489554
v 0.458513 2.220779 0.446141
v 0.460360 2.286543 0.478254
v 0.475090 2.293506 0.527626
v 0.471567 2.266987 0.433113
v 0.478895 2.342093 0.462687
v 0.497153 2.354656 0.515231
v 0.502773 2.399638 0.430271
v 0.487784 2.317133 0.416609
v 0.510446 2.368793 0.383938
v 0.530446 2.287526 0.403605
v 0.553078 2.334999 0.372512
v 0.578800 2.268807 0.423718
v 0.513837 2.242265 0.421045
v 0.500592 2.199815 0.434512
v 0.558222 2.225378 0.440675
v 0.573609 2.234332 0.488759
v 0.541949 2.184097 0.454464
v 0.554573 2.188495 0.499533
v 0.540447 2.202007 0.543469
v 0.499499 2.223636 0.554345
v 0.561257 2.252713 0.535041
v 0.585677 2.307718 0.521976
v 0.519147 2.277273 0.546976
v 0.544365 2.336599 0.533751
v 0.574719 2.398287 0.502536
v 0.616607 2.364601 0.491381
v 0.523377 2.417674 0.483640
v 0.606208 2.455916 0.465226
v 0.553899 2.478376 0.444587
v 0.647250 2.417609 0.458298
v 0.642878 2.490268 0.419428
v 0.680796 2.445764 0.418185
v 0.593938 2.516474 0.394878
v 0.681837 2.513195 0.360125
v 0.708719 2.470314 0.373808
v 0.686536 2.494820 0.301502
v 0.635152 2.538787 0.346457
v 0.628316 2.523847 0.296667
v 0.617286 2.483314 0.259134
v 0.568051 2.493351 0.344105
v 0.530735 2.456696 0.391655
v 0.569144 2.451354 0.301589
v 0.535027 2.420346 0.347082
v 0.607606 2.405160 0.300277
v 0.577315 2.379072 0.338744
v 0.657194 2.379047 0.325294
v 0.660406 2.449333 0.259527
v 0.690964 2.414411 0.286953
v 0.713058 2.444670 0.329807
v 0.682170 2.402618 0.376427
v 0.652916 2.378223 0.412867
v 0.624474 2.333363 0.444662
v 0.629226 2.355072 0.360595
v 0.603854 2.314330 0.392492
v 0.596233 2.282809 0.474441
v 0.477230 2.132281 0.473084
v 0.472103 2.193691 0.477769
v 0.457242 2.122442 0.515346
v 0.525753 2.141647 0.466644
v 0.522098 2.203603 0.472754
v 0.565591 2.143409 0.490417
v 0.564238 2.205333 0.498566
v 0.572621 2.136103 0.537628
v 0.570466 2.197411 0.547620
v 0.550140 2.123970 0.581036
v 0.548551 2.184605 0.592227
v 0.502646 2.116116 0.585068
v 0.498611 2.175726 0.597112
v 0.463152 2.114364 0.559347
v 0.457090 2.173451 0.571714
v 0.448464 2.217843 0.585573
v 0.449994 2.182474 0.523673
v 0.440926 2.228337 0.534345
v 0.463751 2.241903 0.485502
v 0.424019 2.289783 0.552013
v 0.431575 2.279198 0.609145
v 0.448540 2.305315 0.499087
v 0.401048 2.354883 0.565505
v 0.407073 2.347135 0.629499
v 0.363297 2.430866 0.566637
v 0.428360 2.371628 0.509398
v 0.390984 2.453691 0.510091
v 0.488755 2.390328 0.506137
v 0.452557 2.477645 0.509207
v 0.543195 2.399839 0.538327
v 0.505098 2.319758 0.494633
v 0.516051 2.253596 0.480832
v 0.555484 2.323468 0.523760
v 0.561299 2.314149 0.581657
v 0.561315 2.255524 0.507772
v 0.567601 2.246274 0.560436
v 0.544962 2.231675 0.607203
v 0.492814 2.221041 0.611913
v 0.536485 2.298369 0.632690
v 0.520261 2.375550 0.655795
v 0.480164 2.285168 0.636899
v 0.459432 2.358271 0.659428
v 0.422051 2.437578 0.667289
v 0.484142 2.460838 0.666204
v 0.367739 2.421290 0.633407
v 0.382225 2.526628 0.660832
v 0.443142 2.535734 0.666826
v 0.379660 2.576568 0.604599
v 0.333755 2.497012 0.633004
v 0.327237 2.528118 0.579552
v 0.351013 2.541753 0.521097
v 0.402525 2.578515 0.531942
v 0.462144 2.579461 0.554784
v 0.453825 2.572567 0.618533
v 0.507952 2.493392 0.543852
v 0.512059 2.482961 0.609880
v 0.547369 2.392199 0.600583
v 0.526214 2.128563 0.533344
v 0.529376 2.161719 0.531648
v 0.530527 2.121602 0.494761
v 0.491088 2.137201 0.556706
v 0.493508 2.170662 0.553693
v 0.447814 2.141297 0.551140
v 0.448902 2.174924 0.547474
v 0.426006 2.137490 0.512535
v 0.427343 2.170748 0.507924
v 0.432161 2.128799 0.470754
v 0.432329 2.161684 0.466035
v 0.466755 2.120927 0.450339
v 0.468587 2.152962 0.443616
v 0.510441 2.116311 0.457605
v 0.513560 2.147987 0.450192
v 0.519250 2.190964 0.439287
v 0.534963 2.153853 0.489779
v 0.541510 2.197600 0.481153
v 0.535985 2.206690 0.525800
v 0.560814 2.300096 0.456821
v 0.536067 2.293822 0.408599
v 0.555668 2.310751 0.508621
v 0.576623 2.423762 0.433151
v 0.575150 2.414099 0.488711
v 0.554790 2.398514 0.386722
v 0.523663 2.470744 0.437154
v 0.505592 2.426748 0.383417
v 0.459258 2.446821 0.454339
v 0.530888 2.445207 0.503468
v 0.475312 2.434387 0.507666
v 0.512295 2.323218 0.533771
v 0.498245 2.217033 0.548616
v 0.459615 2.329729 0.527268
v 0.451286 2.221931 0.542232
v 0.435197 2.324181 0.478499
v 0.429059 2.217038 0.499864
v 0.440306 2.312778 0.426660
v 0.484114 2.301193 0.401974
v 0.434075 2.206669 0.455568
v 0.454351 2.418148 0.405480
v 0.472366 2.196671 0.432595
v 0.531906 2.114346 0.488920
v 0.528217 2.167158 0.482585
v 0.485930 2.105042 0.475855
v 0.548299 2.124469 0.536982
v 0.543453 2.178117 0.533285
v 0.536635 2.127972 0.586086
v 0.530854 2.181864 0.586124
v 0.489763 2.121932 0.605522
v 0.482141 2.175087 0.605716
v 0.441464 2.111670 0.590280
v 0.432587 2.163797 0.591683
v 0.427072 2.103932 0.543158
v 0.416003 2.154839 0.540071
v 0.440425 2.098709 0.493998
v 0.429481 2.149007 0.487062
v 0.414488 2.201847 0.477217
v 0.478461 2.156297 0.467609
v 0.467040 2.211196 0.456307
v 0.520449 2.224993 0.471827
v 0.442818 2.287614 0.435844
v 0.384261 2.276991 0.457952
v 0.502178 2.303935 0.451839
v 0.414162 2.371101 0.410569
v 0.348900 2.360496 0.433338
v 0.384177 2.473602 0.365396
v 0.479474 2.390280 0.427049
v 0.451636 2.500577 0.380801
v 0.497522 2.409975 0.492976
v 0.468015 2.526666 0.449165
v 0.480260 2.420715 0.562080
v 0.519264 2.319759 0.513764
v 0.535998 2.238165 0.527406
v 0.504147 2.326590 0.578720
v 0.445027 2.317697 0.600016
v 0.522694 2.242865 0.585399
v 0.470339 2.234641 0.605924
v 0.417995 2.220406 0.591733
v 0.400525 2.208641 0.535368
v 0.386870 2.300583 0.584581
v 0.351317 2.391964 0.567706
v 0.369479 2.285199 0.522272
v 0.333043 2.372009 0.501270
v 0.294669 2.473873 0.458863
v 0.311056 2.500134 0.527387
v 0.314576 2.458643 0.388083
v 0.271788 2.588461 0.411625
v 0.282245 2.597644 0.481296
v 0.331778 2.648216 0.394600
v 0.289960 2.555923 0.350576
v 0.347022 2.593717 0.330439
v 0.416375 2.607843 0.341666
v 0.416073 2.649038 0.400910
v 0.408530 2.649592 0.472763
v 0.337538 2.642093 0.480238
v 0.447283 2.542189 0.520168
v 0.378019 2.527571 0.542485
v 0.415054 2.411644 0.583316
v 0.497236 2.109535 0.446936
v 0.504683 2.149423 0.449420
v 0.450036 2.126098 0.450669
v 0.521370 2.094173 0.479974
v 0.533357 2.131367 0.485654
v 0.523207 2.082915 0.522186
v 0.535287 2.119118 0.531327
v 0.492518 2.088125 0.554186
v 0.502455 2.125116 0.564398
v 0.450867 2.101374 0.561452
v 0.456653 2.140664 0.570599
v 0.420339 2.120591 0.526782
v 0.429040 2.160277 0.535332
v 0.418089 2.131427 0.482400
v 0.426558 2.171935 0.489695
v 0.440870 2.228541 0.501260
v 0.459017 2.166278 0.456479
v 0.475525 2.221494 0.465166
v 0.523193 2.201759 0.456225
v 0.525523 2.343993 0.484132
v 0.484801 2.353480 0.525104
v 0.578746 2.320709 0.472812
v 0.584480 2.469989 0.503442
v 0.642628 2.443489 0.489724
v 0.537804 2.481491 0.547475
v 0.628952 2.536556 0.522931
v 0.581884 2.548290 0.568426
v 0.687153 2.507565 0.507309
v 0.678716 2.590666 0.562157
v 0.724935 2.560420 0.537307
v 0.629071 2.593104 0.591151
v 0.706789 2.572207 0.623182
v 0.642947 2.573459 0.644867
v 0.712348 2.519880 0.668268
v 0.752767 2.535385 0.583639
v 0.753991 2.499586 0.630171
v 0.720296 2.469541 0.552260
v 0.678500 2.412147 0.536293
v 0.724421 2.445888 0.614475
v 0.684363 2.393009 0.598392
v 0.676908 2.457675 0.659929
v 0.638729 2.405812 0.643161
v 0.618885 2.488013 0.675141
v 0.586105 2.524258 0.630337
v 0.579392 2.433000 0.656290
v 0.658748 2.532362 0.683737
v 0.544333 2.463088 0.610079
v 0.522598 2.313152 0.625796
v 0.489971 2.338807 0.582475
v 0.472376 2.193523 0.587287
v 0.575666 2.290755 0.614779
v 0.520069 2.174930 0.579388
v 0.615213 2.280014 0.574480
v 0.554652 2.167191 0.544374
v 0.611385 2.295418 0.517275
v 0.552806 2.180630 0.495417
v 0.443978 2.215743 0.550100
v 0.543921 2.123704 0.489069
v 0.538608 2.161337 0.479427
v 0.502667 2.111851 0.473746
v 0.555523 2.136403 0.531066
v 0.549315 2.176162 0.522613
v 0.540922 2.142372 0.574842
v 0.533921 2.183336 0.568237
v 0.496996 2.136794 0.589948
v 0.488837 2.177026 0.583641
v 0.455928 2.124453 0.574386
v 0.446885 2.162723 0.568845
v 0.444159 2.113188 0.531935
v 0.434723 2.148812 0.523990
v 0.459261 2.105859 0.488819
v 0.450461 2.139951 0.479324
v 0.436456 2.178519 0.462337
v 0.495492 2.146823 0.463610
v 0.482214 2.187151 0.445445
v 0.527722 2.208472 0.459765
v 0.431708 2.274303 0.375580
v 0.380779 2.264616 0.393179
v 0.484369 2.300414 0.387972
v 0.364436 2.392648 0.302288
v 0.425801 2.391323 0.319873
v 0.312794 2.362923 0.322882
v 0.345299 2.443168 0.356180
v 0.292511 2.393854 0.374988
v 0.359844 2.430401 0.435180
v 0.422636 2.428519 0.372420
v 0.419091 2.425351 0.432774
v 0.493325 2.326821 0.440415
v 0.536691 2.228851 0.505128
v 0.474019 2.339227 0.494013
v 0.519660 2.238813 0.552920
v 0.421038 2.330158 0.512467
v 0.473120 2.231447 0.569081
v 0.369934 2.304221 0.500128
v 0.360947 2.276927 0.444960
v 0.429624 2.212036 0.556141
v 0.308564 2.393884 0.437328
v 0.418777 2.190344 0.508095
v 0.500001 2.152984 0.500000
v 0.500001 2.000000 0.256872
v 0.500001 2.145949 0.329392
v 0.500001 2.118034 0.286038
v 0.500001 2.067676 0.265241
v 0.621565 2.000000 0.289445
v 0.585305 2.145949 0.352250
v 0.606982 2.118034 0.314703
v 0.617381 2.067676 0.296693
v 0.710557 2.000000 0.378436
v 0.647752 2.145949 0.414696
v 0.685298 2.118034 0.393019
v 0.703309 2.067676 0.382621
v 0.743130 2.000000 0.500000
v 0.670609 2.145949 0.500000
v 0.713964 2.118034 0.500000
v 0.734760 2.067676 0.500000
v 0.710557 2.000000 0.621565
v 0.647752 2.145949 0.585305
v 0.685298 2.118034 0.606982
v 0.703309 2.067676 0.617380
v 0.621565 2.000000 0.710556
v 0.585305 2.145949 0.647751
v 0.606982 2.118034 0.685298
v 0.617381 2.067676 0.703308
v 0.500001 2.000000 0.743129
v 0.500001 2.145949 0.670609
v 0.500001 2.118034 0.713963
v 0.500001 2.067676 0.734760
v 0.378437 2.000000 0.710556
v 0.414697 2.145949 0.647751
v 0.393020 2.118034 0.685298
v 0.382621 2.067676 0.703308
v 0.289446 2.000000 0.621565
v 0.352250 2.145949 0.585305
v 0.314704 2.118034 0.606982
v 0.296693 2.067676 0.617380
v 0.256873 2.000000 0.500000
v 0.329393 2.145949 0.500000
v 0.286038 2.118034 0.500000
v 0.265242 2.067676 0.500000
v 0.289446 2.000000 0.378436
v 0.352250 2.145949 0.414696
v 0.314704 2.118034 0.393019
v 0.296693 2.067676 0.382621
v 0.378437 2.000000 0.289445
v 0.414697 2.145949 0.352250
v 0.393020 2.118034 0.314703
v 0.382621 2.067676 0.296693
v 0.385548 1.816300 0.301762
v 0.500001 1.816300 0.271094
v 0.614454 1.816300 0.301762
v 0.698240 1.816300 0.385547
v 0.728907 1.816300 0.500000
v 0.698240 1.816300 0.614454
v 0.614454 1.816300 0.698239
v 0.500001 1.816300 0.728907
v 0.385548 1.816300 0.698239
v 0.301762 1.816300 0.614454
v 0.271095 1.816300 0.500000
v 0.301762 1.816300 0.385547
v -0.554110 2.158347 0.449658
v -0.549921 2.189545 0.450136
v -0.572305 2.170552 0.493000
v -0.516927 2.141870 0.442088
v -0.508832 2.170824 0.439099
v -0.480670 2.126748 0.461099
v -0.470281 2.154978 0.458255
v -0.470320 2.127458 0.501945
v -0.458954 2.156336 0.502115
v -0.481987 2.135600 0.539410
v -0.474354 2.166905 0.544323
v -0.523783 2.155146 0.553875
v -0.514571 2.186799 0.554688
v -0.560950 2.170253 0.536023
v -0.552202 2.202196 0.535951
v -0.540648 2.238995 0.535562
v -0.563828 2.201673 0.492472
v -0.554005 2.235959 0.489554
v -0.541487 2.220779 0.446141
v -0.539640 2.286543 0.478254
v -0.524910 2.293506 0.527626
v -0.528433 2.266987 0.433113
v -0.521105 2.342093 0.462687
v -0.502847 2.354656 0.515231
v -0.497227 2.399638 0.430271
v -0.512216 2.317133 0.416609
v -0.489554 2.368793 0.383938
v -0.469554 2.287526 0.403605
v -0.446922 2.334999 0.372512
v -0.421200 2.268807 0.423718
v -0.486163 2.242265 0.421045
v -0.499408 2.199815 0.434512
v -0.441778 2.225378 0.440675
v -0.426391 2.234332 0.488759
v -0.458051 2.184097 0.454464
v -0.445427 2.188495 0.499533
v -0.459553 2.202007 0.543469
v -0.500501 2.223636 0.554345
v -0.438743 2.252713 0.535041
v -0.414323 2.307718 0.521976
v -0.480853 2.277273 0.546976
v -0.455635 2.336599 0.533751
v -0.425281 2.398287 0.502536
v -0.383393 2.364601 0.491381
v -0.476623 2.417674 0.483640
v -0.393792 2.455916 0.465226
v -0.446101 2.478376 0.444587
v -0.352751 2.417609 0.458298
v -0.357122 2.490268 0.419428
v -0.319204 2.445764 0.418185
v -0.406062 2.516474 0.394878
v -0.318163 2.513195 0.360125
v -0.291281 2.470314 0.373808
v -0.313464 2.494820 0.301502
v -0.364848 2.538787 0.346457
v -0.371684 2.523847 0.296667
v -0.382714 2.483314 0.259134
v -0.431949 2.493351 0.344105
v -0.469265 2.456696 0.391655
v -0.430856 2.451354 0.301589
v -0.464973 2.420346 0.347082
v -0.392394 2.405160 0.300277
v -0.422685 2.379072 0.338744
v -0.342806 2.379047 0.325294
v -0.339595 2.449333 0.259527
v -0.309036 2.414411 0.286953
v -0.286942 2.444670 0.329807
v -0.317830 2.402618 0.376427
v -0.347084 2.378223 0.412867
v -0.375526 2.333363 0.444662
v -0.370774 2.355072 0.360595
v -0.396146 2.314330 0.392492
v -0.403767 2.282809 0.474441
v -0.522770 2.132281 0.473084
v -0.527897 2.193691 0.477769
v -0.542758 2.122442 0.515346
v -0.474247 2.141647 0.466644
v -0.477902 2.203603 0.472754
v -0.434409 2.143409 0.490417
v -0.435762 2.205333 0.498566
v -0.427379 2.136103 0.537628
v -0.429534 2.197411 0.547620
v -0.449860 2.123970 0.581036
v -0.451449 2.184605 0.592227
v -0.497354 2.116116 0.585068
v -0.501389 2.175726 0.597112
v -0.536848 2.114364 0.559347
v -0.542910 2.173451 0.571714
v -0.551536 2.217843 0.585573
v -0.550006 2.182474 0.523673
v -0.559074 2.228337 0.534345
v -0.536249 2.241903 0.485502
v -0.575981 2.289783 0.552013
v -0.568425 2.279198 0.609145
v -0.551461 2.305315 0.499087
v -0.598952 2.354883 0.565505
v -0.592927 2.347135 0.629499
v -0.636704 2.430866 0.566637
v -0.571640 2.371628 0.509398
v -0.609016 2.453691 0.510091
v -0.511245 2.390328 0.506137
v -0.547443 2.477645 0.509207
v -0.456805 2.399839 0.538327
v -0.494902 2.319758 0.494633
v -0.483950 2.253596 0.480832
v -0.444516 2.323468 0.523760
v -0.438701 2.314149 0.581657
v -0.438685 2.255524 0.507772
v -0.432399 2.246274 0.560436
v -0.455038 2.231675 0.607203
v -0.507186 2.221041 0.611913
v -0.463515 2.298369 0.632690
v -0.479739 2.375550 0.655795
v -0.519836 2.285168 0.636899
v -0.540568 2.358271 0.659428
v -0.577949 2.437578 0.667289
v -0.515858 2.460838 0.666204
v -0.632261 2.421290 0.633407
v -0.617775 2.526628 0.660832
v -0.556858 2.535734 0.666826
v -0.620340 2.576568 0.604599
v -0.666245 2.497012 0.633004
v -0.672763 2.528118 0.579552
v -0.648987 2.541753 0.521097
v -0.597475 2.578515 0.531942
v -0.537857 2.579461 0.554784
v -0.546175 2.572567 0.618533
v -0.492048 2.493392 0.543852
v -0.487941 2.482961 0.609880
v -0.452631 2.392199 0.600583
v -0.473786 2.128563 0.533344
v -0.470624 2.161719 0.531648
v -0.469473 2.121602 0.494761
v -0.508912 2.137201 0.556706
v -0.506492 2.170662 0.553693
v -0.552186 2.141297 0.551140
v -0.551098 2.174924 0.547474
v -0.573994 2.137490 0.512535
v -0.572657 2.170748 0.507924
v -0.567839 2.128799 0.470754
v -0.567671 2.161684 0.466035
v -0.533245 2.120927 0.450339
v -0.531413 2.152962 0.443616
v -0.489559 2.116311 0.457605
v -0.486440 2.147987 0.450192
v -0.480750 2.190964 0.439287
v -0.465037 2.153853 0.489779
v -0.458490 2.197600 0.481153
v -0.464015 2.206690 0.525800
v -0.439186 2.300096 0.456821
v -0.463933 2.293822 0.408599
v -0.444332 2.310751 0.508621
v -0.423377 2.423762 0.433151
v -0.424850 2.414099 0.488711
v -0.445210 2.398514 0.386722
v -0.476337 2.470744 0.437154
v -0.494408 2.426748 0.383417
v -0.540742 2.446821 0.454339
v -0.469112 2.445207 0.503468
v -0.524688 2.434387 0.507666
v -0.487705 2.323218 0.533771
v -0.501755 2.217033 0.548616
v -0.540385 2.329729 0.527268
v -0.548714 2.221931 0.542232
v -0.564803 2.324181 0.478499
v -0.570941 2.217038 0.499864
v -0.559694 2.312778 0.426660
v -0.515886 2.301193 0.401974
v -0.565925 2.206669 0.455568
v -0.545649 2.418148 0.405480
v -0.527634 2.196671 0.432595
v -0.468094 2.114346 0.488920
v -0.471783 2.167158 0.482585
v -0.514070 2.105042 0.475855
v -0.451701 2.124469 0.536982
v -0.456547 2.178117 0.533285
v -0.463365 2.127972 0.586086
v -0.469146 2.181864 0.586124
v -0.510237 2.121932 0.605522
v -0.517859 2.175087 0.605716
v -0.558536 2.111670 0.590280
v -0.567414 2.163797 0.591683
v -0.572928 2.103932 0.543158
v -0.583997 2.154839 0.540071
v -0.559575 2.098709 0.493998
v -0.570519 2.149007 0.487062
v -0.585512 2.201847 0.477217
v -0.521539 2.156297 0.467609
v -0.532960 2.211196 0.456307
v -0.479551 2.224993 0.471827
v -0.557182 2.287614 0.435844
v -0.615739 2.276991 0.457952
v -0.497822 2.303935 0.451839
v -0.585838 2.371101 0.410569
v -0.651100 2.360496 0.433338
v -0.615823 2.473602 0.365396
v -0.520526 2.390280 0.427049
v -0.548364 2.500577 0.380801
v -0.502478 2.409975 0.492976
v -0.531985 2.526666 0.449165
v -0.519740 2.420715 0.562080
v -0.480736 2.319759 0.513764
v -0.464002 2.238165 0.527406
v -0.495853 2.326590 0.578720
v -0.554973 2.317697 0.600016
v -0.477306 2.242865 0.585399
v -0.529661 2.234641 0.605924
v -0.582005 2.220406 0.591733
v -0.599475 2.208641 0.535368
v -0.613130 2.300583 0.584581
v -0.648683 2.391964 0.567706
v -0.630521 2.285199 0.522272
v -0.666957 2.372009 0.501270
v -0.705331 2.473873 0.458863
v -0.688944 2.500134 0.527387
v -0.685424 2.458643 0.388083
v -0.728212 2.588461 0.411625
v -0.717755 2.597644 0.481296
v -0.668222 2.648216 0.394600
v -0.710040 2.555923 0.350576
v -0.652978 2.593717 0.330439
v -0.583625 2.607843 0.341666
v -0.583927 2.649038 0.400910
v -0.591470 2.649592 0.472763
v -0.662462 2.642093 0.480238
v -0.552717 2.542189 0.520168
v -0.621981 2.527571 0.542485
v -0.584946 2.411644 0.583316
v -0.502764 2.109535 0.446936
v -0.495317 2.149423 0.449420
v -0.549964 2.126098 0.450669
v -0.478630 2.094173 0.479974
v -0.466643 2.131367 0.485654
v -0.476793 2.082915 0.522186
v -0.464713 2.119118 0.531327
v -0.507482 2.088125 0.554186
v -0.497545 2.125116 0.564398
v -0.549133 2.101374 0.561452
v -0.543347 2.140664 0.570599
v -0.579661 2.120591 0.526782
v -0.570960 2.160277 0.535332
v -0.581911 2.131427 0.482400
v -0.573442 2.171935 0.489695
v -0.559130 2.228541 0.501260
v -0.540983 2.166278 0.456479
v -0.524475 2.221494 0.465166
v -0.476807 2.201759 0.456225
v -0.474477 2.343993 0.484132
v -0.515199 2.353480 0.525104
v -0.421254 2.320709 0.472812
v -0.415521 2.469989 0.503442
v -0.357372 2.443489 0.489724
v -0.462196 2.481491 0.547475
v -0.371048 2.536556 0.522931
v -0.418116 2.548290 0.568426
v -0.312847 2.507565 0.507309
v -0.321284 2.590666 0.562157
v -0.275065 2.560420 0.537307
v -0.370930 2.593104 0.591151
v -0.293211 2.572207 0.623182
v -0.357053 2.573459 0.644867
v -0.287652 2.519880 0.668268
v -0.247233 2.535385 0.583639
v -0.246009 2.499586 0.630171
v -0.279704 2.469541 0.552260
v -0.321500 2.412147 0.536293
v -0.275579 2.445888 0.614475
v -0.315637 2.393009 0.598392
v -0.323092 2.457675 0.659929
v -0.361271 2.405812 0.643161
v -0.381116 2.488013 0.675141
v -0.413895 2.524258 0.630337
v -0.420608 2.433000 0.656290
v -0.341252 2.532362 0.683737
v -0.455668 2.463088 0.610079
v -0.477402 2.313152 0.625796
v -0.510029 2.338807 0.582475
v -0.527624 2.193523 0.587287
v -0.424334 2.290755 0.614779
v -0.479931 2.174930 0.579388
v -0.384787 2.280014 0.574480
v -0.445348 2.167191 0.544374
v -0.388615 2.295418 0.517275
v -0.447194 2.180630 0.495417
v -0.556022 2.215743 0.550100
v -0.456079 2.123704 0.489069
v -0.461392 2.161337 0.479427
v -0.497333 2.111851 0.473746
v -0.444478 2.136403 0.531066
v -0.450685 2.176162 0.522613
v -0.459078 2.142372 0.574842
v -0.466079 2.183336 0.568237
v -0.503004 2.136794 0.589948
v -0.511163 2.177026 0.583641
v -0.544072 2.124453 0.574386
v -0.553115 2.162723 0.568845
v -0.555841 2.113188 0.531935
v -0.565277 2.148812 0.523990
v -0.540739 2.105859 0.488819
v -0.549539 2.139951 0.479324
v -0.563544 2.178519 0.462337
v -0.504508 2.146823 0.463610
v -0.517786 2.187151 0.445445
v -0.472278 2.208472 0.459765
v -0.568292 2.274303 0.375580
v -0.619221 2.264616 0.393179
v -0.515631 2.300414 0.387972
v -0.635564 2.392648 0.302288
v -0.574199 2.391323 0.319873
v -0.687206 2.362923 0.322882
v -0.654701 2.443168 0.356180
v -0.707489 2.393854 0.374988
v -0.640156 2.430401 0.435180
v -0.577364 2.428519 0.372420
v -0.580909 2.425351 0.432774
v -0.506675 2.326821 0.440415
v -0.463309 2.228851 0.505128
v -0.525981 2.339227 0.494013
v -0.480340 2.238813 0.552920
v -0.578962 2.330158 0.512467
v -0.526880 2.231447 0.569081
v -0.630066 2.304221 0.500128
v -0.639053 2.276927 0.444960
v -0.570376 2.212036 0.556141
v -0.691437 2.393884 0.437328
v -0.581223 2.190344 0.508095
v -0.499999 2.152984 0.500000
v -0.499999 2.000000 0.256872
v -0.499999 2.145949 0.329392
v -0.499999 2.118034 0.286038
v -0.499999 2.067676 0.265241
v -0.378435 2.000000 0.289445
v -0.414695 2.145949 0.352250
v -0.393018 2.118034 0.314703
v -0.382619 2.067676 0.296693
v -0.289444 2.000000 0.378436
v -0.352248 2.145949 0.414696
v -0.314702 2.118034 0.393019
v -0.296691 2.067676 0.382621
v -0.256870 2.000000 0.500000
v -0.329391 2.145949 0.500000
v -0.286036 2.118034 0.500000
v -0.265240 2.067676 0.500000
v -0.289444 2.000000 0.621565
v -0.352248 2.145949 0.585305
v -0.314702 2.118034 0.606982
v -0.296691 2.067676 0.617380
v -0.378435 2.000000 0.710556
v -0.414695 2.145949 0.647751
v -0.393018 2.118034 0.685298
v -0.382619 2.067676 0.703308
v -0.499999 2.000000 0.743129
v -0.499999 2.145949 0.670609
v -0.499999 2.118034 0.713963
v -0.499999 2.067676 0.734760
v -0.621563 2.000000 0.710556
v -0.585303 2.145949 0.647751
v -0.606980 2.118034 0.685298
v -0.617379 2.067676 0.703308
v -0.710554 2.000000 0.621565
v -0.647750 2.145949 0.585305
v -0.685296 2.118034 0.606982
v -0.703307 2.067676 0.617380
v -0.743128 2.000000 0.500000
v -0.670607 2.145949 0.500000
v -0.713962 2.118034 0.500000
v -0.734758 2.067676 0.500000
v -0.710554 2.000000 0.378436
v -0.647750 2.145949 0.414696
v -0.685296 2.118034 0.393019
v -0.703307 2.067676 0.382621
v -0.621563 2.000000 0.289445
v -0.585303 2.145949 0.352250
v -0.606980 2.118034 0.314703
v -0.617379 2.067676 0.296693
v -0.614452 1.816300 0.301762
v -0.499999 1.816300 0.271094
v -0.385546 1.816300 0.301762
v -0.301760 1.816300 0.385547
v -0.271093 1.816300 0.500000
v -0.301760 1.816300 0.614454
v -0.385546 1.816300 0.698239
v -0.499999 1.816300 0.728907
v -0.614452 1.816300 0.698239
v -0.698238 1.816300 0.614454
v -0.728905 1.816300 0.500000
v -0.698238 1.816300 0.385547
v 0.445890 2.158347 -0.550342
v 0.450079 2.189544 -0.549864
v 0.427695 2.170552 -0.507000
v 0.483074 2.141870 -0.557912
v 0.491168 2.170824 -0.560901
v 0.519330 2.126748 -0.538901
v 0.529719 2.154978 -0.541745
v 0.529680 2.127458 -0.498055
v 0.541046 2.156336 -0.497885
v 0.518013 2.135600 -0.460590
v 0.525646 2.166905 -0.455677
v 0.476217 2.155146 -0.446125
v 0.485429 2.186799 -0.445312
v 0.439050 2.170253 -0.463977
v 0.447798 2.202196 -0.464049
v 0.459352 2.238995 -0.464438
v 0.436172 2.201673 -0.507528
v 0.445995 2.235959 -0.510446
v 0.458513 2.220779 -0.553859
v 0.460360 2.286542 -0.521746
v 0.475090 2.293506 -0.472374
v 0.471567 2.266987 -0.566887
v 0.478895 2.342093 -0.537313
v 0.497153 2.354656 -0.484769
v 0.502773 2.399638 -0.569730
v 0.487784 2.317133 -0.583391
v 0.510446 2.368793 -0.616062
v 0.530446 2.287525 -0.596395
v 0.553078 2.334999 -0.627488
v 0.578800 2.268807 -0.576282
v 0.513837 2.242264 -0.578955
v 0.500592 2.199815 -0.565488
v 0.558222 2.225378 -0.559325
v 0.573609 2.234332 -0.511241
v 0.541949 2.184097 -0.545536
v 0.554573 2.188495 -0.500467
v 0.540447 2.202007 -0.456531
v 0.499499 2.223636 -0.445655
v 0.561257 2.252713 -0.464960
v 0.585677 2.307718 -0.478025
v 0.519147 2.277273 -0.453024
v 0.544365 2.336599 -0.466249
v 0.574719 2.398287 -0.497464
v 0.616607 2.364601 -0.508620
v 0.523377 2.417674 -0.516360
v 0.606208 2.455916 -0.534774
v 0.553899 2.478376 -0.555413
v 0.647250 2.417609 -0.541703
v 0.642878 2.490268 -0.580572
v 0.680796 2.445764 -0.581815
v 0.593938 2.516474 -0.605122
v 0.681837 2.513195 -0.639875
v 0.708719 2.470314 -0.626192
v 0.686536 2.494820 -0.698498
v 0.635152 2.538786 -0.653543
v 0.628316 2.523847 -0.703333
v 0.617286 2.483314 -0.740866
v 0.568051 2.493351 -0.655896
v 0.530735 2.456696 -0.608345
v 0.569144 2.451354 -0.698411
v 0.535027 2.420346 -0.652918
v 0.607606 2.405160 -0.699723
v 0.577315 2.379072 -0.661256
v 0.657194 2.379047 -0.674706
v 0.660406 2.449333 -0.740473
v 0.690964 2.414411 -0.713047
v 0.713058 2.444670 -0.670193
v 0.682170 2.402618 -0.623573
v 0.652916 2.378223 -0.587133
v 0.624474 2.333363 -0.555338
v 0.629226 2.355072 -0.639405
v 0.603854 2.314330 -0.607508
v 0.596233 2.282809 -0.525559
v 0.477230 2.132281 -0.526916
v 0.472103 2.193691 -0.522231
v 0.457242 2.122442 -0.484654
v 0.525753 2.141647 -0.533356
v 0.522098 2.203603 -0.527246
v 0.565591 2.143409 -0.509583
v 0.564238 2.205333 -0.501434
v 0.572621 2.136103 -0.462372
v 0.570466 2.197411 -0.452380
v 0.550140 2.123970 -0.418964
v 0.548551 2.184605 -0.407773
v 0.502646 2.116116 -0.414932
v 0.498611 2.175726 -0.402888
v 0.463152 2.114364 -0.440653
v 0.457090 2.173451 -0.428286
v 0.448464 2.217843 -0.414427
v 0.449994 2.182474 -0.476327
v 0.440926 2.228337 -0.465655
v 0.463751 2.241903 -0.514498
v 0.424019 2.289783 -0.447987
v 0.431575 2.279198 -0.390855
v 0.448540 2.305315 -0.500913
v 0.401048 2.354883 -0.434495
v 0.407073 2.347134 -0.370501
v 0.363297 2.430866 -0.433363
v 0.428360 2.371628 -0.490602
v 0.390984 2.453691 -0.489909
v 0.488755 2.390328 -0.493863
v 0.452557 2.477645 -0.490793
v 0.543195 2.399839 -0.461673
v 0.505098 2.319758 -0.505367
v 0.516051 2.253596 -0.519168
v 0.555484 2.323468 -0.476240
v 0.561299 2.314149 -0.418343
v 0.561315 2.255524 -0.492228
v 0.567601 2.246274 -0.439564
v 0.544962 2.231675 -0.392797
v 0.492814 2.221041 -0.388087
v 0.536485 2.298368 -0.367310
v 0.520261 2.375550 -0.344205
v 0.480164 2.285168 -0.363101
v 0.459432 2.358271 -0.340572
v 0.422051 2.437578 -0.332711
v 0.484142 2.460838 -0.333796
v 0.367739 2.421290 -0.366593
v 0.382225 2.526628 -0.339168
v 0.443142 2.535734 -0.333174
v 0.379660 2.576568 -0.395401
v 0.333755 2.497012 -0.366996
v 0.327237 2.528118 -0.420448
v 0.351013 2.541752 -0.478904
v 0.402525 2.578515 -0.468058
v 0.462144 2.579461 -0.445216
v 0.453825 2.572567 -0.381467
v 0.507952 2.493392 -0.456149
v 0.512059 2.482961 -0.390120
v 0.547369 2.392199 -0.399417
v 0.526214 2.128563 -0.466656
v 0.529376 2.161719 -0.468352
v 0.530527 2.121602 -0.505239
v 0.491088 2.137201 -0.443294
v 0.493508 2.170662 -0.446307
v 0.447814 2.141297 -0.448860
v 0.448902 2.174924 -0.452526
v 0.426006 2.137490 -0.487465
v 0.427343 2.170748 -0.492076
v 0.432161 2.128799 -0.529246
v 0.432329 2.161683 -0.533965
v 0.466755 2.120927 -0.549661
v 0.468587 2.152962 -0.556384
v 0.510441 2.116311 -0.542395
v 0.513560 2.147987 -0.549808
v 0.519250 2.190964 -0.560713
v 0.534963 2.153852 -0.510221
v 0.541510 2.197599 -0.518847
v 0.535985 2.206690 -0.474200
v 0.560814 2.300096 -0.543179
v 0.536067 2.293822 -0.591401
v 0.555668 2.310751 -0.491379
v 0.576623 2.423762 -0.566849
v 0.575150 2.414099 -0.511289
v 0.554790 2.398514 -0.613278
v 0.523663 2.470744 -0.562846
v 0.505592 2.426748 -0.616583
v 0.459258 2.446821 -0.545661
v 0.530888 2.445207 -0.496532
v 0.475312 2.434387 -0.492334
v 0.512295 2.323218 -0.466229
v 0.498245 2.217033 -0.451384
v 0.459615 2.329729 -0.472732
v 0.451286 2.221931 -0.457768
v 0.435197 2.324181 -0.521501
v 0.429059 2.217038 -0.500137
v 0.440306 2.312778 -0.573340
v 0.484114 2.301192 -0.598026
v 0.434075 2.206669 -0.544432
v 0.454351 2.418148 -0.594520
v 0.472366 2.196671 -0.567405
v 0.531906 2.114346 -0.511080
v 0.528217 2.167158 -0.517415
v 0.485930 2.105042 -0.524145
v 0.548299 2.124469 -0.463018
v 0.543453 2.178117 -0.466715
v 0.536635 2.127971 -0.413914
v 0.530854 2.181863 -0.413876
v 0.489763 2.121932 -0.394478
v 0.482141 2.175087 -0.394284
v 0.441464 2.111670 -0.409720
v 0.432587 2.163797 -0.408317
v 0.427072 2.103932 -0.456842
v 0.416003 2.154839 -0.459929
v 0.440425 2.098709 -0.506002
v 0.429481 2.149007 -0.512938
v 0.414488 2.201847 -0.522783
v 0.478461 2.156297 -0.532391
v 0.467040 2.211196 -0.543693
v 0.520449 2.224992 -0.528174
v 0.442818 2.287614 -0.564156
v 0.384261 2.276991 -0.542048
v 0.502178 2.303934 -0.548161
v 0.414162 2.371101 -0.589431
v 0.348900 2.360496 -0.566662
v 0.384177 2.473602 -0.634604
v 0.479474 2.390280 -0.572951
v 0.451636 2.500577 -0.619199
v 0.497522 2.409975 -0.507024
v 0.468015 2.526666 -0.550835
v 0.480260 2.420715 -0.437920
v 0.519264 2.319759 -0.486236
v 0.535998 2.238165 -0.472594
v 0.504147 2.326590 -0.421280
v 0.445027 2.317697 -0.399985
v 0.522694 2.242865 -0.414601
v 0.470339 2.234640 -0.394076
v 0.417995 2.220406 -0.408267
v 0.400525 2.208641 -0.464632
v 0.386870 2.300583 -0.415419
v 0.351317 2.391964 -0.432294
v 0.369479 2.285199 -0.477728
v 0.333043 2.372009 -0.498730
v 0.294669 2.473873 -0.541137
v 0.311056 2.500133 -0.472613
v 0.314576 2.458643 -0.611917
v 0.271788 2.588461 -0.588376
v 0.282245 2.597644 -0.518704
v 0.331778 2.648216 -0.605400
v 0.289960 2.555923 -0.649424
v 0.347022 2.593717 -0.669561
v 0.416375 2.607843 -0.658334
v 0.416073 2.649038 -0.599090
v 0.408530 2.649592 -0.527237
v 0.337538 2.642093 -0.519762
v 0.447283 2.542189 -0.479832
v 0.378019 2.527571 -0.457515
v 0.415054 2.411644 -0.416684
v 0.497236 2.109535 -0.553064
v 0.504683 2.149423 -0.550580
v 0.450036 2.126098 -0.549331
v 0.521370 2.094173 -0.520026
v 0.533357 2.131367 -0.514346
v 0.523207 2.082914 -0.477814
v 0.535287 2.119118 -0.468673
v 0.492518 2.088125 -0.445814
v 0.502455 2.125116 -0.435602
v 0.450867 2.101374 -0.438548
v 0.456653 2.140664 -0.429401
v 0.420339 2.120591 -0.473218
v 0.429040 2.160277 -0.464668
v 0.418089 2.131427 -0.517600
v 0.426558 2.171935 -0.510305
v 0.440870 2.228541 -0.498740
v 0.459017 2.166278 -0.543521
v 0.475525 2.221494 -0.534834
v 0.523193 2.201759 -0.543775
v 0.525523 2.343993 -0.515868
v 0.484801 2.353480 -0.474896
v 0.578746 2.320709 -0.527188
v 0.584480 2.469989 -0.496558
v 0.642628 2.443489 -0.510276
v 0.537804 2.481491 -0.452525
v 0.628952 2.536556 -0.477069
v 0.581884 2.548290 -0.431573
v 0.687153 2.507565 -0.492691
v 0.678716 2.590666 -0.437843
v 0.724935 2.560420 -0.462693
v 0.629071 2.593104 -0.408849
v 0.706789 2.572206 -0.376818
v 0.642947 2.573459 -0.355133
v 0.712348 2.519880 -0.331732
v 0.752767 2.535385 -0.416361
v 0.753991 2.499586 -0.369829
v 0.720296 2.469541 -0.447740
v 0.678500 2.412147 -0.463707
v 0.724421 2.445888 -0.385525
v 0.684363 2.393008 -0.401608
v 0.676908 2.457675 -0.340071
v 0.638729 2.405811 -0.356839
v 0.618885 2.488013 -0.324859
v 0.586105 2.524258 -0.369663
v 0.579392 2.433000 -0.343710
v 0.658748 2.532361 -0.316263
v 0.544333 2.463088 -0.389921
v 0.522598 2.313152 -0.374204
v 0.489971 2.338807 -0.417525
v 0.472376 2.193523 -0.412713
v 0.575666 2.290754 -0.385221
v 0.520069 2.174930 -0.420612
v 0.615213 2.280014 -0.425520
v 0.554652 2.167191 -0.455626
v 0.611385 2.295418 -0.482725
v 0.552806 2.180630 -0.504583
v 0.443978 2.215743 -0.449901
v 0.543921 2.123704 -0.510931
v 0.538608 2.161336 -0.520573
v 0.502667 2.111850 -0.526254
v 0.555523 2.136403 -0.468934
v 0.549315 2.176162 -0.477387
v 0.540922 2.142372 -0.425158
v 0.533921 2.183336 -0.431763
v 0.496996 2.136794 -0.410052
v 0.488837 2.177026 -0.416359
v 0.455928 2.124453 -0.425614
v 0.446885 2.162723 -0.431155
v 0.444159 2.113188 -0.468065
v 0.434723 2.148812 -0.476010
v 0.459261 2.105859 -0.511181
v 0.450461 2.139951 -0.520676
v 0.436456 2.178519 -0.537663
v 0.495492 2.146823 -0.536390
v 0.482214 2.187151 -0.554556
v 0.527722 2.208472 -0.540236
v 0.431708 2.274303 -0.624420
v 0.380779 2.264616 -0.606821
v 0.484369 2.300414 -0.612028
v 0.364436 2.392648 -0.697712
v 0.425801 2.391323 -0.680127
v 0.312794 2.362922 -0.677118
v 0.345299 2.443168 -0.643820
v 0.292511 2.393854 -0.625012
v 0.359844 2.430401 -0.564820
v 0.422636 2.428519 -0.627580
v 0.419091 2.425351 -0.567227
v 0.493325 2.326821 -0.559586
v 0.536691 2.228851 -0.494872
v 0.474019 2.339227 -0.505987
v 0.519660 2.238813 -0.447080
v 0.421038 2.330158 -0.487533
v 0.473120 2.231447 -0.430919
v 0.369934 2.304221 -0.499872
v 0.360947 2.276927 -0.555040
v 0.429624 2.212036 -0.443859
v 0.308564 2.393884 -0.562672
v 0.418777 2.190344 -0.491905
v 0.500001 2.152984 -0.500000
v 0.500001 2.000000 -0.743128
v 0.500001 2.145949 -0.670608
v 0.500001 2.118034 -0.713962
v 0.500001 2.067676 -0.734759
v 0.621565 2.000000 -0.710555
v 0.585305 2.145949 -0.647750
v 0.606982 2.118034 -0.685297
v 0.617381 2.067676 -0.703307
v 0.710557 2.000000 -0.621564
v 0.647752 2.145949 -0.585304
v 0.685298 2.118034 -0.606981
v 0.703309 2.067676 -0.617379
v 0.743130 2.000000 -0.500000
v 0.670609 2.145949 -0.500000
v 0.713964 2.118034 -0.500000
v 0.734760 2.067676 -0.500000
v 0.710557 2.000000 -0.378435
v 0.647752 2.145949 -0.414696
v 0.685298 2.118034 -0.393018
v 0.703309 2.067676 -0.382620
v 0.621565 2.000000 -0.289444
v 0.585305 2.145949 -0.352249
v 0.606982 2.118034 -0.314702
v 0.617381 2.067676 -0.296692
v 0.500001 2.000000 -0.256871
v 0.500001 2.145949 -0.329391
v 0.500001 2.118034 -0.286037
v 0.500001 2.067676 -0.265240
v 0.378437 2.000000 -0.289444
v 0.414697 2.145949 -0.352249
v 0.393020 2.118034 -0.314702
v 0.382621 2.067676 -0.296692
v 0.289446 2.000000 -0.378435
v 0.352250 2.145949 -0.414696
v 0.314704 2.118034 -0.393018
v 0.296693 2.067676 -0.382620
v 0.256873 2.000000 -0.500000
v 0.329393 2.145949 -0.500000
v 0.286038 2.118034 -0.500000
v 0.265242 2.067676 -0.500000
v 0.289446 2.000000 -0.621564
v 0.352250 2.145949 -0.585304
v 0.314704 2.118034 -0.606981
v 0.296693 2.067676 -0.617379
v 0.378437 2.000000 -0.710555
v 0.414697 2.145949 -0.647750
v 0.393020 2.118034 -0.685297
v 0.382621 2.067676 -0.703307
v 0.385548 1.816300 -0.698238
v 0.500001 1.816300 -0.728906
v 0.614454 1.816300 -0.698238
v 0.698240 1.816300 -0.614453
v 0.728907 1.816300 -0.500000
v 0.698240 1.816300 -0.385546
v 0.614454 1.816300 -0.301761
v 0.500001 1.816300 -0.271093
v 0.385548 1.816300 -0.301761
v 0.301762 1.816300 -0.385546
v 0.271095 1.816300 -0.500000
v 0.301762 1.816300 -0.614453
vn 0.1037 -0.1191 -0.9875
vn -0.2287 0.0061 -0.9735
vn -0.2613 -0.0269 -0.9649
vn 0.0494 -0.1353 -0.9896
vn -0.9024 0.1831 -0.3901
vn -0.9686 0.2305 -0.0935
vn -0.9664 0.2504 -0.0573
vn -0.9068 0.1986 -0.3720
vn 0.3728 -0.2126 -0.9032
vn 0.3575 -0.2343 -0.9040
vn 0.9352 -0.3494 0.0573
vn 0.9073 -0.3561 -0.2235
vn 0.9001 -0.3766 -0.2191
vn 0.9256 -0.3672 0.0917
vn 0.8765 -0.3079 0.3701
vn 0.8653 -0.3263 0.3806
vn -0.0718 -0.0331 0.9969
vn 0.2213 -0.1469 0.9641
vn 0.2200 -0.1126 0.9690
vn -0.0998 0.0115 0.9949
vn -0.4028 0.1032 0.9095
vn -0.3928 0.1241 0.9112
vn -0.9341 0.2575 0.2475
vn -0.9293 0.2744 0.2471
vn -0.0520 0.0913 0.9945
vn -0.3536 0.1925 0.9154
vn -0.9229 0.2990 0.2427
vn -0.9644 0.2622 -0.0360
vn -0.9203 0.2005 -0.3359
vn -0.9591 0.2804 -0.0391
vn -0.9287 0.1968 -0.3144
vn -0.9123 0.3387 0.2303
vn -0.8868 0.4148 0.2039
vn -0.9418 0.3345 -0.0336
vn -0.9284 0.2149 -0.3030
vn -0.8558 0.4886 0.1698
vn -0.9243 0.3765 -0.0622
vn -0.9265 0.2292 -0.2985
vn -0.4335 -0.2576 -0.8635
vn -0.4806 -0.3297 -0.8126
vn -0.2213 -0.4903 -0.8430
vn -0.1554 -0.4009 -0.9029
vn -0.3708 -0.1804 -0.9110
vn -0.0744 -0.3084 -0.9483
vn 0.0692 -0.6065 -0.7921
vn 0.1554 -0.5073 -0.8477
vn 0.2392 -0.4044 -0.8828
vn -0.0072 -0.2303 -0.9731
vn 0.3049 -0.3176 -0.8979
vn -0.3220 -0.1169 -0.9395
vn 0.8756 -0.4430 -0.1925
vn 0.8476 -0.5076 -0.1548
vn 0.9030 -0.4123 0.1206
vn 0.9177 -0.3865 0.0921
vn 0.8887 -0.4073 -0.2105
vn 0.9207 -0.3774 0.0997
vn 0.8834 -0.3001 0.3599
vn 0.8713 -0.3159 0.3755
vn 0.2497 -0.0203 0.9681
vn 0.3002 0.0561 0.9522
vn -0.0019 0.1734 0.9849
vn 0.8862 -0.3002 0.3529
vn 0.3696 0.1562 0.9160
vn 0.0851 0.2972 0.9510
vn -0.2951 0.2702 0.9165
vn -0.1999 0.4063 0.8916
vn 0.4301 0.2652 0.8629
vn 0.1650 0.4207 0.8921
vn -0.1082 0.5354 0.8376
vn 0.4842 0.3620 0.7966
vn 0.2351 0.5513 0.8005
vn 0.0011 0.6766 0.7363
vn 0.3637 0.6617 0.6557
vn 0.1589 0.7956 0.5846
vn 0.5573 0.4767 0.6798
vn 0.7979 0.5333 0.2810
vn 0.6272 0.7533 0.1980
vn 0.3951 0.9085 0.1362
vn 0.8759 0.3165 -0.3643
vn 0.6927 0.5400 -0.4781
vn 0.4476 0.7194 -0.5312
vn -0.6314 0.7737 -0.0524
vn -0.5526 0.8230 -0.1317
vn -0.6524 0.6827 -0.3292
vn -0.7288 0.6352 -0.2555
vn 0.6134 0.3596 -0.7032
vn 0.3733 0.5376 -0.7561
vn -0.6995 0.5391 -0.4690
vn -0.7720 0.4650 -0.4333
vn -0.8579 0.4995 -0.1208
vn -0.8861 0.3094 -0.3452
vn -0.7781 0.6220 0.0878
vn -0.5221 -0.3879 -0.7596
vn -0.4765 -0.4126 -0.7764
vn -0.2880 -0.5911 -0.7534
vn -0.3102 -0.5633 -0.7658
vn -0.3926 -0.3899 -0.8330
vn -0.2278 -0.5471 -0.8055
vn -0.0735 -0.7365 -0.6725
vn -0.0286 -0.7102 -0.7034
vn -0.0411 -0.6817 -0.7305
vn 0.7960 0.1499 -0.5864
vn 0.7186 -0.6954 0.0060
vn 0.7618 -0.6478 -0.0105
vn 0.8398 -0.5238 0.1429
vn 0.8109 -0.5525 0.1929
vn 0.8841 -0.3341 0.3269
vn 0.8530 -0.3573 0.3805
vn 0.8375 -0.5083 0.2005
vn 0.8588 -0.3341 0.3883
vn 0.7350 -0.6771 -0.0356
vn 0.8871 -0.4437 0.1273
vn 0.8875 -0.2956 0.3534
vn 0.8164 -0.5653 -0.1180
vn -0.8974 -0.0444 -0.4391
vn -0.9827 -0.0922 -0.1607
vn -0.9756 -0.1214 -0.1828
vn -0.8951 -0.0621 -0.4416
vn 0.1849 0.1026 -0.9774
vn -0.1300 0.0772 -0.9885
vn -0.1265 0.1077 -0.9861
vn 0.2055 0.1403 -0.9685
vn 0.5102 0.1187 -0.8518
vn 0.5059 0.1566 -0.8483
vn 0.9855 -0.0020 0.1694
vn 0.9905 0.0472 -0.1290
vn 0.9908 0.0647 -0.1185
vn 0.9880 0.0069 0.1543
vn 0.8973 -0.0487 0.4388
vn 0.9008 -0.0551 0.4307
vn -0.2254 -0.2110 0.9511
vn 0.1207 -0.1829 0.9757
vn 0.1335 -0.2403 0.9615
vn -0.1864 -0.2716 0.9442
vn -0.5136 -0.2145 0.8308
vn -0.4937 -0.2739 0.8254
vn -0.9848 -0.1300 0.1150
vn -0.9786 -0.1753 0.1076
vn -0.9628 -0.2554 0.0879
vn -0.9647 -0.1815 -0.1906
vn -0.1531 -0.3615 0.9197
vn -0.4498 -0.3737 0.8112
vn -0.8902 -0.0975 -0.4451
vn -0.9475 -0.2498 -0.1994
vn -0.8753 -0.1571 -0.4574
vn -0.9452 -0.3201 0.0638
vn -0.9144 -0.4035 0.0314
vn -0.9049 -0.3603 -0.2266
vn -0.8236 -0.2840 -0.4910
vn -0.9079 -0.4190 -0.0131
vn -0.8854 -0.3806 -0.2668
vn -0.8120 -0.3225 -0.4865
vn -0.0679 0.0659 -0.9955
vn -0.0207 0.0930 -0.9954
vn 0.2085 0.1957 -0.9582
vn 0.2243 0.1630 -0.9608
vn -0.1134 0.1551 -0.9814
vn 0.1955 0.2106 -0.9578
vn 0.4268 0.2844 -0.8585
vn 0.4675 0.2338 -0.8525
vn 0.4728 0.2444 -0.8466
vn -0.1239 0.1606 -0.9792
vn 0.1963 0.2006 -0.9598
vn 0.4899 0.2203 -0.8435
vn 0.9903 0.0972 -0.0989
vn 0.9867 0.1453 -0.0733
vn 0.9780 0.0761 0.1940
vn 0.9860 0.0239 0.1649
vn 0.9621 0.2706 -0.0331
vn 0.9447 0.2247 0.2388
vn 0.9044 -0.0544 0.4233
vn 0.8985 0.0045 0.4389
vn 0.1474 -0.3135 0.9381
vn 0.1406 -0.2959 0.9448
vn -0.1367 -0.3607 0.9226
vn 0.8607 0.1689 0.4803
vn 0.0995 -0.1730 0.9799
vn -0.1535 -0.2556 0.9545
vn -0.4182 -0.3976 0.8167
vn -0.4244 -0.3310 0.8428
vn 0.0141 -0.0367 0.9992
vn -0.2245 -0.1345 0.9652
vn -0.4461 -0.2205 0.8674
vn -0.0892 0.4126 0.9065
vn -0.3860 0.3627 0.8482
vn -0.6321 0.2322 0.7393
vn -0.0630 0.9263 0.3715
vn -0.3955 0.8740 0.2823
vn -0.6786 0.7095 0.1901
vn -0.9271 -0.3724 -0.0415
vn -0.8986 -0.3302 -0.2890
vn -0.8384 -0.2839 -0.4652
vn -0.3144 0.9489 -0.0283
vn -0.6040 0.7877 -0.1212
vn -0.0061 0.1730 -0.9849
vn 0.1801 0.2624 -0.9480
vn 0.0047 0.9978 0.0657
vn 0.3781 0.3483 -0.8577
vn 0.8995 0.4346 0.0455
vn 0.8612 0.4995 0.0946
vn 0.8304 0.4763 0.2889
vn 0.8717 0.4022 0.2799
vn 0.7879 0.3474 0.5085
vn 0.7473 0.4218 0.5134
vn 0.2367 0.0613 0.9696
vn 0.5412 0.0141 0.8408
vn 0.5344 0.0247 0.8449
vn 0.2148 0.0733 0.9739
vn 0.9851 -0.1002 0.1397
vn 0.9741 -0.1530 -0.1664
vn 0.9746 -0.1654 -0.1511
vn 0.9832 -0.1112 0.1450
vn -0.1224 0.1047 0.9869
vn -0.1231 0.1118 0.9861
vn -0.9831 0.0491 0.1762
vn -0.8747 0.0906 0.4761
vn -0.8784 0.0976 0.4679
vn -0.9815 0.0564 0.1831
vn -0.9911 0.0038 -0.1328
vn -0.9920 0.0087 -0.1257
vn -0.2042 -0.1905 -0.9602
vn -0.5352 -0.1306 -0.8346
vn -0.5393 -0.1491 -0.8288
vn -0.2277 -0.2057 -0.9517
vn 0.1266 -0.2242 -0.9663
vn 0.1180 -0.2393 -0.9637
vn 0.8750 -0.1898 -0.4454
vn 0.8742 -0.2057 -0.4398
vn -0.2347 -0.2388 -0.9423
vn 0.0994 -0.2742 -0.9565
vn 0.8719 -0.2433 -0.4251
vn 0.9693 -0.1995 -0.1438
vn 0.9796 -0.1391 0.1449
vn 0.9673 -0.2007 -0.1550
vn 0.9836 -0.1491 0.1011
vn 0.8875 -0.2375 -0.3949
vn 0.9030 -0.2112 -0.3741
vn 0.9698 -0.1815 -0.1627
vn 0.9880 -0.1416 0.0622
vn 0.1580 0.9707 -0.1811
vn 0.2382 0.9274 0.2882
vn 0.6369 0.7482 0.1860
vn 0.6040 0.7595 -0.2416
vn 0.0453 0.7914 -0.6096
vn 0.4617 0.6329 -0.6215
vn -0.3839 0.7919 -0.4749
vn -0.3252 0.9424 -0.0779
vn -0.2072 0.9201 0.3323
vn 0.4894 0.0829 0.8681
vn 0.4597 0.1185 0.8801
vn 0.2212 0.1748 0.9594
vn 0.2154 0.1403 0.9664
vn -0.0295 0.2192 0.9752
vn -0.0691 0.1848 0.9804
vn 0.2112 0.0932 0.9730
vn -0.1167 0.1339 0.9841
vn 0.5226 0.0415 0.8516
vn -0.8853 0.1194 0.4495
vn -0.8955 0.1820 0.4062
vn -0.9764 0.1417 0.1628
vn -0.9814 0.0747 0.1766
vn -0.8995 0.2290 0.3720
vn -0.9676 0.1958 0.1592
vn -0.9919 0.0930 -0.0870
vn -0.9931 0.0226 -0.1150
vn -0.9863 0.1524 -0.0626
vn -0.4863 -0.1365 -0.8630
vn -0.4419 -0.0857 -0.8930
vn -0.2098 -0.1365 -0.9682
vn -0.2245 -0.1941 -0.9550
vn -0.5361 -0.1775 -0.8253
vn 0.0617 -0.2367 -0.9696
vn 0.0337 -0.1786 -0.9834
vn 0.9954 0.0767 -0.0578
vn 0.9484 0.0465 -0.3137
vn 0.9505 0.0636 -0.3042
vn 0.9945 0.0961 -0.0410
vn 0.2992 -0.1009 -0.9489
vn -0.0268 -0.1593 -0.9869
vn -0.0070 -0.1813 -0.9834
vn 0.3048 -0.1169 -0.9452
vn 0.9692 0.1034 0.2233
vn 0.9681 0.1209 0.2193
vn 0.0465 -0.0077 0.9989
vn 0.3725 0.0446 0.9270
vn 0.3662 0.0542 0.9290
vn 0.0597 -0.0013 0.9982
vn -0.2745 -0.0576 0.9599
vn -0.2637 -0.0585 0.9628
vn -0.9768 -0.2108 0.0389
vn -0.9306 -0.1749 0.3215
vn -0.9218 -0.2070 0.3279
vn -0.9680 -0.2428 0.0634
vn -0.9475 -0.2283 -0.2241
vn -0.9420 -0.2611 -0.2110
vn -0.3375 -0.1987 -0.9201
vn -0.3288 -0.2288 -0.9163
vn -0.9430 -0.3214 0.0861
vn -0.9200 -0.3479 -0.1802
vn -0.3029 -0.2996 -0.9047
vn 0.0115 -0.2321 -0.9726
vn 0.3075 -0.1463 -0.9402
vn 0.0160 -0.2755 -0.9612
vn 0.3013 -0.1733 -0.9377
vn -0.2728 -0.3534 -0.8948
vn -0.2320 -0.4143 -0.8801
vn 0.0351 -0.3447 -0.9381
vn 0.3087 -0.2416 -0.9200
vn -0.1857 -0.4070 -0.8943
vn 0.0540 -0.3443 -0.9373
vn 0.2856 -0.2629 -0.9216
vn 0.9453 0.1414 -0.2940
vn 0.9429 0.1952 -0.2699
vn 0.9568 0.2853 -0.0556
vn 0.9725 0.2291 -0.0428
vn 0.9418 0.1514 -0.3001
vn 0.9768 0.2085 -0.0493
vn 0.9180 0.3608 0.1644
vn 0.9366 0.2925 0.1927
vn 0.9481 0.2506 0.1955
vn 0.9873 0.1540 -0.0404
vn 0.9608 0.1845 0.2071
vn 0.9484 0.1131 -0.2961
vn 0.3048 0.1998 0.9312
vn 0.2543 0.3115 0.9156
vn -0.0178 0.2441 0.9696
vn 0.0218 0.1240 0.9920
vn 0.3434 0.1099 0.9327
vn 0.0554 0.0426 0.9976
vn -0.2629 0.0372 0.9641
vn -0.2544 -0.0346 0.9665
vn -0.9022 -0.2742 0.3331
vn -0.8942 -0.3015 0.3308
vn -0.9260 -0.3651 0.0960
vn -0.2867 0.1613 0.9443
vn -0.9106 -0.2593 0.3217
vn -0.9358 -0.3385 0.0988
vn -0.8997 -0.4085 -0.1540
vn -0.9009 -0.4067 -0.1514
vn -0.9450 -0.1828 0.2714
vn -0.9621 -0.2677 0.0529
vn -0.9275 -0.3355 -0.1647
vn -0.9322 0.3238 0.1615
vn -0.9444 0.2942 -0.1469
vn -0.8972 0.1568 -0.4129
vn -0.3859 0.9213 0.0476
vn -0.3766 0.8738 -0.3077
vn -0.3445 0.7079 -0.6166
vn -0.1641 -0.3536 -0.9209
vn 0.0611 -0.2921 -0.9544
vn -0.0322 0.9521 -0.3041
vn -0.0068 0.7898 -0.6133
vn 0.2513 -0.2266 -0.9410
vn 0.9324 0.2577 -0.2533
vn 0.9382 0.3394 -0.0680
vn -0.0532 0.9980 0.0347
vn 0.9020 0.4111 0.1323
vn 0.1675 0.4272 0.8885
vn 0.1114 0.4719 0.8746
vn -0.0889 0.4251 0.9008
vn -0.0689 0.3704 0.9263
vn -0.3050 0.2924 0.9063
vn -0.3080 0.3511 0.8842
vn 0.8976 -0.2189 -0.3826
vn 0.7594 -0.1238 -0.6387
vn 0.7469 -0.1479 -0.6483
vn 0.8809 -0.2395 -0.4083
vn -0.0728 0.1175 -0.9904
vn -0.3729 0.1948 -0.9072
vn -0.4009 0.2282 -0.8873
vn -0.0855 0.1439 -0.9859
vn 0.9504 -0.2879 -0.1177
vn 0.9411 -0.3146 -0.1238
vn 0.3870 -0.3355 0.8589
vn 0.6321 -0.3701 0.6808
vn 0.6170 -0.3952 0.6805
vn 0.3452 -0.3568 0.8680
vn 0.0636 -0.2578 0.9641
vn 0.0466 -0.2833 0.9579
vn -0.9129 0.0950 0.3970
vn -0.7695 -0.0020 0.6386
vn -0.7745 0.0176 0.6324
vn -0.9163 0.1207 0.3818
vn -0.9769 0.1896 0.0987
vn -0.9722 0.2081 0.1074
vn -0.6640 0.2576 -0.7020
vn -0.6596 0.2832 -0.6962
vn -0.8993 0.1802 0.3985
vn -0.9542 0.2671 0.1346
vn -0.6413 0.3332 -0.6911
vn -0.4017 0.2735 -0.8740
vn -0.1065 0.1832 -0.9773
vn -0.3868 0.2981 -0.8727
vn -0.1203 0.1986 -0.9727
vn -0.6123 0.3687 -0.6994
vn -0.5555 0.4599 -0.6927
vn -0.3485 0.3817 -0.8561
vn -0.1043 0.2674 -0.9579
vn -0.2485 0.5530 -0.7953
vn -0.0463 0.4454 -0.8941
vn -0.4391 0.6291 -0.6414
vn -0.3539 0.7204 -0.5965
vn -0.1757 0.6459 -0.7429
vn -0.0117 0.5500 -0.8351
vn 0.4782 0.7940 0.3754
vn 0.6874 0.6866 0.2366
vn 0.5953 0.8034 0.0155
vn 0.3858 0.9113 0.1441
vn 0.2287 0.8429 0.4870
vn 0.1482 0.9535 0.2625
vn 0.2931 0.6753 0.6768
vn 0.5275 0.6189 0.5820
vn 0.7311 0.5179 0.4441
vn 0.7181 -0.2100 -0.6635
vn 0.7756 -0.1408 -0.6154
vn 0.8574 -0.2600 -0.4442
vn 0.8122 -0.3384 -0.4752
vn 0.8966 -0.3686 -0.2456
vn 0.8566 -0.4527 -0.2477
vn 0.7781 -0.3971 -0.4866
vn 0.8352 -0.5009 -0.2271
vn 0.6691 -0.2717 -0.6917
vn 0.5191 -0.5276 0.6725
vn 0.5074 -0.5063 0.6973
vn 0.3197 -0.4255 0.8466
vn 0.3002 -0.4359 0.8485
vn 0.5224 -0.4440 0.7280
vn 0.3649 -0.3710 0.8540
vn 0.1023 -0.3122 0.9445
vn 0.0681 -0.3151 0.9466
vn 0.1600 -0.2643 0.9511
vn -0.6281 0.3322 0.7036
vn -0.5690 0.4123 0.7115
vn -0.6475 0.5344 0.5433
vn -0.7262 0.4609 0.5100
vn -0.7062 0.2119 0.6756
vn -0.8281 0.3332 0.4508
vn -0.7444 0.1446 0.6519
vn -0.8693 0.2465 0.4283
vn 0.3202 -0.4050 0.8564
vn 0.0650 -0.2997 0.9518
vn -0.7695 0.0761 0.6341
vn 0.3189 -0.3995 0.8595
vn 0.0406 -0.3118 0.9493
vn 0.5827 -0.4503 0.6765
vn 0.5577 -0.4780 0.6786
vn 0.8524 -0.3070 -0.4233
vn 0.8167 -0.3666 -0.4456
vn 0.8739 -0.4495 -0.1850
vn 0.9111 -0.3852 -0.1470
vn 0.7235 -0.2048 -0.6593
vn 0.6958 -0.2549 -0.6715
vn -0.9284 0.3303 0.1700
vn -0.8814 0.4214 0.2133
vn -0.7747 0.5603 0.2930
vn -0.6942 0.6307 0.3469
vn 0.9890 0.1480 0.0023
vn 0.9580 0.0780 -0.2761
vn 0.9574 0.1032 -0.2696
vn 0.9816 0.1908 0.0106
vn 0.3894 -0.1791 -0.9035
vn 0.0628 -0.2655 -0.9621
vn 0.0899 -0.3244 -0.9416
vn 0.3978 -0.2237 -0.8898
vn 0.9364 0.2062 0.2839
vn 0.9270 0.2572 0.2729
vn -0.0370 0.1402 0.9894
vn 0.2931 0.2033 0.9342
vn 0.2799 0.2620 0.9236
vn -0.0329 0.1927 0.9807
vn -0.3601 0.0616 0.9309
vn -0.3565 0.0969 0.9292
vn -0.9673 -0.2529 0.0215
vn -0.9348 -0.1777 0.3075
vn -0.9269 -0.2073 0.3129
vn -0.9541 -0.2959 0.0467
vn -0.9146 -0.3055 -0.2650
vn -0.8975 -0.3658 -0.2464
vn -0.2695 -0.3205 -0.9081
vn -0.2497 -0.3932 -0.8849
vn -0.9035 -0.4190 0.0906
vn -0.8275 -0.5303 -0.1845
vn -0.1815 -0.5736 -0.7988
vn 0.1378 -0.4776 -0.8677
vn 0.4141 -0.3408 -0.8440
vn 0.1327 -0.5364 -0.8334
vn 0.3730 -0.4080 -0.8333
vn -0.1031 -0.6238 -0.7748
vn -0.0767 -0.5837 -0.8084
vn 0.0841 -0.5190 -0.8507
vn 0.3130 -0.3953 -0.8636
vn -0.2854 0.9098 -0.3014
vn 0.5432 0.8135 -0.2077
vn 0.5889 0.6461 -0.4855
vn -0.1826 0.7203 -0.6692
vn -0.6690 0.7151 -0.2027
vn -0.6108 0.5016 -0.6126
vn -0.5141 0.6532 0.5558
vn -0.2127 0.8333 0.5103
vn 0.4146 0.8241 0.3859
vn 0.9043 0.3200 -0.2826
vn 0.8940 0.4423 -0.0715
vn 0.8222 0.5476 0.1556
vn 0.9494 0.3140 -0.0053
vn 0.8869 0.4007 0.2300
vn 0.9451 0.1810 -0.2721
vn 0.2299 0.4413 0.8674
vn 0.1559 0.5979 0.7863
vn -0.1053 0.4986 0.8604
vn -0.0570 0.3558 0.9328
vn -0.3537 0.3614 0.8627
vn -0.3669 0.2208 0.9036
vn -0.8789 -0.3634 0.3090
vn -0.8837 -0.3778 0.2762
vn -0.8623 -0.5019 0.0670
vn -0.8618 -0.4988 0.0922
vn -0.8989 -0.2920 0.3266
vn -0.7987 -0.5920 -0.1079
vn -0.8180 -0.5698 -0.0787
vn -0.0000 -0.1074 -0.9942
vn -0.0000 0.0225 -0.9997
vn 0.4999 0.0225 -0.8658
vn 0.4971 -0.1074 -0.8610
vn 0.9942 -0.1074 -0.0000
vn 0.9997 0.0225 -0.0000
vn 0.8658 0.0225 0.4999
vn 0.8610 -0.1074 0.4971
vn 0.4999 0.0225 0.8658
vn 0.4971 -0.1074 0.8610
vn -0.0000 0.0225 0.9997
vn -0.0000 -0.1074 0.9942
vn -0.4999 0.0225 0.8658
vn -0.4971 -0.1074 0.8610
vn -0.8658 0.0225 0.4999
vn -0.8610 -0.1074 0.4971
vn -0.9997 0.0225 -0.0000
vn -0.9942 -0.1074 -0.0000
vn -0.8658 0.0225 -0.4999
vn -0.8610 -0.1074 -0.4971
vn -0.4999 0.0225 -0.8658
vn -0.4971 -0.1074 -0.8610
vn 0.8658 0.0225 -0.4999
vn 0.8610 -0.1074 -0.4971
vn -0.0000 0.2492 -0.9684
vn 0.4842 0.2492 -0.8387
vn -0.0000 0.6172 -0.7868
vn 0.3934 0.6172 -0.6814
vn -0.0000 0.9403 -0.3405
vn 0.1702 0.9403 -0.2949
vn -0.0000 1.0000 -0.0000
vn 0.8387 0.2492 -0.4842
vn 0.6814 0.6172 -0.3934
vn 0.2949 0.9403 -0.1702
vn 0.9684 0.2492 -0.0000
vn 0.7868 0.6172 -0.0000
vn 0.3405 0.9403 -0.0000
vn 0.8387 0.2492 0.4842
vn 0.6814 0.6172 0.3934
vn 0.2949 0.9403 0.1702
vn 0.4842 0.2492 0.8387
vn 0.3934 0.6172 0.6814
vn 0.1702 0.9403 0.2949
vn -0.0000 0.2492 0.9684
vn -0.0000 0.6172 0.7868
vn -0.0000 0.9403 0.3405
vn -0.4842 0.2492 0.8387
vn -0.3934 0.6172 0.6814
vn -0.1702 0.9403 0.2949
vn -0.8387 0.2492 0.4842
vn -0.6814 0.6172 0.3934
vn -0.2949 0.9403 0.1702
vn -0.9684 0.2492 -0.0000
vn -0.7868 0.6172 -0.0000
vn -0.3405 0.9403 -0.0000
vn -0.8387 0.2492 -0.4842
vn -0.6814 0.6172 -0.3934
vn -0.2949 0.9403 -0.1702
vn -0.4842 0.2492 -0.8387
vn -0.3934 0.6172 -0.6814
vn -0.1702 0.9403 -0.2949
vn 0.1037 -0.1191 -0.9874
vn 0.3576 -0.2343 -0.9040
vn 0.2212 -0.1469 0.9641
vn 0.2496 -0.0203 0.9681
vn 0.4842 0.3621 0.7966
vn 0.8871 -0.4438 0.1273
vn 0.2055 0.1403 -0.9686
vn -0.9079 -0.4190 -0.0132
vn -0.8784 0.0975 0.4679
vn 0.5226 0.0415 0.8515
vn 0.3076 -0.1463 -0.9402
vn 0.0160 -0.2756 -0.9612
vn 0.5577 -0.4779 0.6786
vn -0.3602 0.0616 0.9309
vn -0.3566 0.0969 0.9292
vn -0.2127 0.8333 0.5102
vn -0.5351 -0.1306 -0.8346
vn 0.3047 -0.1169 -0.9452
vn 0.5952 0.8034 0.0155
vn 0.3197 -0.4254 0.8466
vn 0.9580 0.0781 -0.2761
vn 0.9494 0.3140 -0.0052
vt 0.283801 0.053065
vt 0.283533 0.053701
vt 0.282510 0.056120
vt 0.282805 0.055422
vt 0.283373 0.054079
vt 0.282334 0.056535
vt 0.284029 0.052526
vt 0.283055 0.054830
vt 0.283957 0.052698
vt 0.282975 0.055020
vt 0.283798 0.053074
vt 0.282800 0.055434
vt 0.283529 0.053710
vt 0.282505 0.056132
vt 0.283300 0.054251
vt 0.282254 0.056725
vt 0.281360 0.058838
vt 0.281084 0.059491
vt 0.281181 0.059262
vt 0.281383 0.058784
vt 0.279500 0.063237
vt 0.279780 0.062575
vt 0.279345 0.063604
vt 0.277469 0.068041
vt 0.277692 0.067513
vt 0.278060 0.066642
vt 0.275513 0.072667
vt 0.275806 0.071972
vt 0.276266 0.070884
vt 0.276815 0.069587
vt 0.278532 0.065527
vt 0.280176 0.061638
vt 0.277231 0.068604
vt 0.278899 0.064659
vt 0.280496 0.060881
vt 0.281712 0.058006
vt 0.281988 0.057353
vt 0.278669 0.065201
vt 0.280338 0.061256
vt 0.281891 0.057583
vt 0.280055 0.061925
vt 0.281689 0.058062
vt 0.279662 0.062855
vt 0.278295 0.066087
vt 0.277830 0.067187
vt 0.276459 0.070429
vt 0.275919 0.071705
vt 0.274767 0.074430
vt 0.274152 0.075883
vt 0.273696 0.076963
vt 0.273145 0.078266
vt 0.272619 0.079510
vt 0.273837 0.076629
vt 0.273222 0.078084
vt 0.272508 0.079771
vt 0.272005 0.080961
vt 0.273668 0.077029
vt 0.272872 0.078910
vt 0.272324 0.080207
vt 0.272986 0.078641
vt 0.273483 0.077465
vt 0.272893 0.078862
vt 0.273567 0.077268
vt 0.274050 0.076125
vt 0.274593 0.074841
vt 0.274265 0.075617
vt 0.275219 0.073361
vt 0.274797 0.074359
vt 0.275686 0.072256
vt 0.274111 0.075981
vt 0.274424 0.075242
vt 0.275321 0.073120
vt 0.276928 0.069319
vt 0.283622 0.053489
vt 0.283753 0.053180
vt 0.282282 0.056659
vt 0.282139 0.056997
vt 0.283493 0.053793
vt 0.281997 0.057331
vt 0.283404 0.054006
vt 0.281899 0.057564
vt 0.283496 0.053786
vt 0.282000 0.057324
vt 0.283628 0.053476
vt 0.282144 0.056985
vt 0.283756 0.053172
vt 0.282285 0.056651
vt 0.283846 0.052961
vt 0.282383 0.056419
vt 0.280797 0.060170
vt 0.280685 0.060435
vt 0.280689 0.060426
vt 0.280527 0.060809
vt 0.278525 0.065543
vt 0.278339 0.065983
vt 0.278657 0.065230
vt 0.276364 0.070654
vt 0.276184 0.071078
vt 0.275939 0.071659
vt 0.273899 0.076483
vt 0.273553 0.077300
vt 0.273111 0.078347
vt 0.272765 0.079165
vt 0.275713 0.072192
vt 0.278158 0.066412
vt 0.272556 0.079659
vt 0.275562 0.072549
vt 0.278032 0.066709
vt 0.280371 0.061177
vt 0.280263 0.061433
vt 0.278163 0.066400
vt 0.280375 0.061168
vt 0.275739 0.072131
vt 0.280533 0.060794
vt 0.278347 0.065963
vt 0.278530 0.065531
vt 0.275982 0.071556
vt 0.276210 0.071017
vt 0.273341 0.077801
vt 0.273689 0.076980
vt 0.271224 0.082809
vt 0.271400 0.082391
vt 0.271870 0.081281
vt 0.270474 0.084582
vt 0.270417 0.084716
vt 0.271195 0.082878
vt 0.270862 0.083665
vt 0.270268 0.085069
vt 0.270216 0.085191
vt 0.272900 0.078845
vt 0.285064 0.050078
vt 0.285177 0.049812
vt 0.284073 0.052423
vt 0.283950 0.052714
vt 0.285275 0.049579
vt 0.284181 0.052168
vt 0.284980 0.050277
vt 0.283858 0.052932
vt 0.285045 0.050125
vt 0.283928 0.052765
vt 0.285144 0.049891
vt 0.284036 0.052510
vt 0.285256 0.049625
vt 0.284159 0.052219
vt 0.285340 0.049427
vt 0.284251 0.052002
vt 0.282646 0.055798
vt 0.282748 0.055556
vt 0.282670 0.055741
vt 0.282550 0.056025
vt 0.279190 0.063969
vt 0.279044 0.064315
vt 0.279286 0.063744
vt 0.276245 0.070935
vt 0.275843 0.071885
vt 0.275991 0.071535
vt 0.275089 0.073668
vt 0.275532 0.072621
vt 0.275813 0.071956
vt 0.275938 0.071662
vt 0.275502 0.072691
vt 0.275684 0.072262
vt 0.278877 0.064711
vt 0.278751 0.065008
vt 0.282412 0.056350
vt 0.282310 0.056593
vt 0.278847 0.064782
vt 0.282388 0.056408
vt 0.278993 0.064436
vt 0.282508 0.056123
vt 0.279160 0.064040
vt 0.284424 0.051592
vt 0.284590 0.051200
vt 0.282825 0.055375
vt 0.282643 0.055806
vt 0.284736 0.050856
vt 0.282984 0.054998
vt 0.284301 0.051884
vt 0.282507 0.056127
vt 0.284396 0.051659
vt 0.282611 0.055881
vt 0.284541 0.051315
vt 0.282770 0.055504
vt 0.284707 0.050924
vt 0.282952 0.055074
vt 0.284830 0.050632
vt 0.283088 0.054753
vt 0.281035 0.059606
vt 0.281185 0.059253
vt 0.281071 0.059522
vt 0.280896 0.059935
vt 0.278441 0.065743
vt 0.278247 0.066199
vt 0.278565 0.065448
vt 0.275706 0.072208
vt 0.275537 0.072609
vt 0.275285 0.073204
vt 0.272430 0.079956
vt 0.272055 0.080844
vt 0.271557 0.082021
vt 0.271132 0.083026
vt 0.275013 0.073847
vt 0.278024 0.066728
vt 0.270859 0.083671
vt 0.274816 0.074314
vt 0.277855 0.067126
vt 0.280697 0.060407
vt 0.280548 0.060760
vt 0.274984 0.073916
vt 0.277979 0.066833
vt 0.280661 0.060491
vt 0.278172 0.066378
vt 0.280836 0.060078
vt 0.278396 0.065847
vt 0.275235 0.073324
vt 0.275508 0.072678
vt 0.271731 0.081610
vt 0.272157 0.080603
vt 0.268895 0.088315
vt 0.269098 0.087835
vt 0.269713 0.086382
vt 0.267989 0.090460
vt 0.267887 0.090699
vt 0.268902 0.088300
vt 0.267792 0.090924
vt 0.268553 0.089125
vt 0.267735 0.091058
vt 0.271234 0.082785
vt 0.285111 0.049969
vt 0.284865 0.050550
vt 0.283567 0.053619
vt 0.283836 0.052983
vt 0.284655 0.051047
vt 0.283337 0.054163
vt 0.285296 0.049531
vt 0.284039 0.052503
vt 0.285161 0.049849
vt 0.283892 0.052852
vt 0.284951 0.050346
vt 0.283662 0.053395
vt 0.284705 0.050927
vt 0.283393 0.054032
vt 0.284520 0.051366
vt 0.283189 0.054513
vt 0.281598 0.058275
vt 0.281368 0.058820
vt 0.281532 0.058431
vt 0.281790 0.057823
vt 0.277443 0.068102
vt 0.277760 0.067352
vt 0.277246 0.068568
vt 0.273090 0.078396
vt 0.273312 0.077869
vt 0.273688 0.076982
vt 0.271269 0.082702
vt 0.271663 0.081771
vt 0.271067 0.083179
vt 0.269928 0.085872
vt 0.270021 0.085654
vt 0.270458 0.084619
vt 0.270453 0.084631
vt 0.270960 0.083433
vt 0.270381 0.084802
vt 0.271100 0.083102
vt 0.271320 0.082581
vt 0.271630 0.081849
vt 0.272266 0.080344
vt 0.272766 0.079163
vt 0.274177 0.075826
vt 0.274562 0.074915
vt 0.272564 0.079640
vt 0.274339 0.075441
vt 0.272170 0.080572
vt 0.273964 0.076329
vt 0.271567 0.081998
vt 0.273475 0.077485
vt 0.277936 0.066936
vt 0.277546 0.067857
vt 0.278253 0.066186
vt 0.281903 0.057555
vt 0.282160 0.056947
vt 0.282323 0.056560
vt 0.278450 0.065720
vt 0.282093 0.057104
vt 0.278150 0.066430
vt 0.285301 0.049519
vt 0.285433 0.049208
vt 0.284161 0.052215
vt 0.284017 0.052556
vt 0.285547 0.048936
vt 0.284287 0.051917
vt 0.285203 0.049751
vt 0.283909 0.052811
vt 0.285277 0.049575
vt 0.283991 0.052617
vt 0.285392 0.049303
vt 0.284116 0.052320
vt 0.285523 0.048993
vt 0.284260 0.051980
vt 0.285622 0.048760
vt 0.284368 0.051724
vt 0.282683 0.055711
vt 0.282803 0.055425
vt 0.282712 0.055641
vt 0.282572 0.055972
vt 0.279661 0.062857
vt 0.279489 0.063262
vt 0.279772 0.062594
vt 0.277142 0.068814
vt 0.276760 0.069716
vt 0.276845 0.069515
vt 0.276055 0.071383
vt 0.276396 0.070577
vt 0.276725 0.069799
vt 0.276782 0.069665
vt 0.276361 0.070659
vt 0.276485 0.070366
vt 0.279293 0.063726
vt 0.279146 0.064073
vt 0.282411 0.056353
vt 0.282290 0.056638
vt 0.279258 0.063810
vt 0.282382 0.056422
vt 0.279429 0.063405
vt 0.282522 0.056091
vt 0.279625 0.062941
vt 0.057860 0.093816
vt 0.057860 0.101125
vt 0.057860 0.103818
vt 0.057860 0.105821
vt 0.057860 0.106932
vt 0.057860 0.107212
s 1
usemtl Color_Palette_01.004
f 176/10/98 173/11/99 174/12/100 177/13/101
f 173/11/102 175/14/103 189/15/104 174/12/105
f 178/16/106 176/10/98 177/13/101 179/17/107
f 180/18/108 178/16/109 179/17/110 181/19/111
f 182/20/112 180/18/108 181/19/111 183/21/113
f 184/22/114 182/20/115 183/21/116 185/23/117
f 186/24/118 184/22/114 185/23/117 187/25/119
f 175/14/103 186/24/120 187/25/121 189/15/104
f 187/25/119 185/23/117 210/26/122 188/27/123
f 189/15/104 187/25/121 188/27/124 190/28/125
f 174/12/105 189/15/104 190/28/125 191/29/126
f 190/28/125 192/30/127 194/31/128 191/29/126
f 188/27/124 193/32/129 192/30/127 190/28/125
f 193/32/129 196/33/130 195/34/131 192/30/127
f 192/30/127 195/34/131 198/35/132 194/31/128
f 196/33/130 217/36/133 197/37/134 195/34/131
f 195/34/131 197/37/134 199/38/135 198/35/132
f 198/35/136 199/38/137 201/39/138 200/40/139
f 194/31/140 198/35/136 200/40/139 203/41/141
f 200/40/139 201/39/138 244/42/142 202/43/143
f 203/41/141 200/40/139 202/43/143 205/44/144
f 204/45/145 203/41/141 205/44/144 207/46/146
f 191/29/147 194/31/140 203/41/141 204/45/145
f 205/44/148 202/43/149 245/47/150 206/48/151
f 207/46/152 205/44/148 206/48/151 208/49/153
f 181/19/111 179/17/110 207/46/152 208/49/153
f 179/17/107 177/13/101 204/45/145 207/46/146
f 208/49/153 206/48/151 211/50/154 209/51/155
f 183/21/113 181/19/111 208/49/153 209/51/155
f 209/51/156 211/50/157 213/52/158 210/26/122
f 185/23/117 183/21/116 209/51/156 210/26/122
f 206/48/151 245/47/150 212/53/159 211/50/154
f 211/50/157 212/53/160 214/54/161 213/52/158
f 210/26/122 213/52/158 193/32/162 188/27/123
f 213/52/158 214/54/161 196/33/163 193/32/162
f 212/53/160 216/55/164 215/56/165 214/54/161
f 214/54/161 215/56/165 217/36/166 196/33/163
f 216/55/164 220/57/167 218/58/168 215/56/165
f 215/56/165 218/58/168 219/59/169 217/36/166
f 218/58/168 221/60/170 223/61/171 219/59/169
f 220/57/167 222/62/172 221/60/170 218/58/168
f 222/62/172 225/63/173 224/64/174 221/60/170
f 221/60/170 224/64/174 227/65/175 223/61/171
f 225/63/173 239/66/176 226/67/177 224/64/174
f 224/64/174 226/67/177 228/68/178 227/65/175
f 223/61/179 227/65/180 228/68/181 230/69/182
f 226/67/177 237/70/183 229/71/184 228/68/178
f 230/69/182 228/68/181 229/71/185 232/72/186
f 231/73/187 230/69/182 232/72/186 233/74/188
f 219/59/189 223/61/179 230/69/182 231/73/187
f 233/74/190 232/72/191 234/75/192 235/76/193
f 232/72/191 229/71/194 237/70/195 234/75/192
f 235/76/193 234/75/192 236/77/196 243/78/197
f 234/75/192 237/70/195 238/79/198 236/77/196
f 239/66/176 238/79/199 237/70/183 226/67/177
f 236/77/200 238/79/201 239/66/202 240/80/203
f 240/80/203 239/66/202 225/63/204 222/62/205
f 241/81/206 240/80/203 222/62/205 220/57/207
f 243/78/208 236/77/200 240/80/203 241/81/206
f 242/82/209 241/81/206 220/57/207 216/55/210
f 244/42/211 243/78/208 241/81/206 242/82/209
f 201/39/138 235/76/193 243/78/197 244/42/142
f 202/43/149 244/42/211 242/82/209 245/47/150
f 245/47/150 242/82/209 216/55/210 212/53/159
f 199/38/137 233/74/190 235/76/193 201/39/138
f 197/37/134 231/73/187 233/74/188 199/38/135
f 217/36/133 219/59/189 231/73/187 197/37/134
f 177/13/101 174/12/100 191/29/147 204/45/145
f 246/83/212 248/84/213 262/85/214 247/86/215
f 249/87/216 246/83/217 247/86/218 250/88/219
f 251/89/220 249/87/216 250/88/219 252/90/221
f 253/91/222 251/89/223 252/90/224 254/92/225
f 255/93/226 253/91/222 254/92/225 256/94/227
f 257/95/228 255/93/229 256/94/230 258/96/231
f 259/97/232 257/95/228 258/96/231 260/98/233
f 248/84/213 259/97/234 260/98/235 262/85/214
f 262/85/214 260/98/235 261/99/236 263/100/237
f 260/98/233 258/96/231 283/101/238 261/99/239
f 247/86/215 262/85/214 263/100/237 264/102/240
f 263/100/237 265/103/241 267/104/242 264/102/240
f 261/99/236 266/105/243 265/103/241 263/100/237
f 266/105/243 269/106/244 268/107/245 265/103/241
f 265/103/241 268/107/245 271/108/246 267/104/242
f 269/106/244 290/109/247 270/110/248 268/107/245
f 268/107/245 270/110/248 272/111/249 271/108/246
f 271/108/250 272/111/251 274/112/252 273/113/253
f 267/104/254 271/108/250 273/113/253 276/114/255
f 273/113/253 274/112/252 300/115/256 275/116/257
f 276/114/255 273/113/253 275/116/257 278/117/258
f 264/102/259 267/104/254 276/114/255 277/118/260
f 277/118/260 276/114/255 278/117/258 280/119/261
f 280/119/262 278/117/263 279/120/264 281/121/265
f 278/117/263 275/116/266 302/122/267 279/120/264
f 254/92/225 252/90/224 280/119/262 281/121/265
f 252/90/221 250/88/219 277/118/260 280/119/261
f 256/94/227 254/92/225 281/121/265 282/123/268
f 281/121/265 279/120/264 284/124/269 282/123/268
f 258/96/231 256/94/230 282/123/270 283/101/238
f 282/123/270 284/124/271 286/125/272 283/101/238
f 279/120/264 302/122/267 285/126/273 284/124/269
f 284/124/271 285/126/274 287/127/275 286/125/272
f 283/101/238 286/125/272 266/105/276 261/99/239
f 286/125/272 287/127/275 269/106/277 266/105/276
f 285/126/274 289/128/278 288/129/279 287/127/275
f 287/127/275 288/129/279 290/109/280 269/106/277
f 289/128/278 292/130/281 291/131/282 288/129/279
f 288/129/279 291/131/282 294/132/283 290/109/280
f 292/130/281 299/133/284 293/134/285 291/131/282
f 291/131/282 293/134/285 295/135/286 294/132/283
f 290/109/247 294/132/287 295/135/288 270/110/248
f 270/110/248 295/135/288 296/136/289 272/111/249
f 293/134/285 297/137/290 296/136/291 295/135/286
f 272/111/251 296/136/292 297/137/293 274/112/252
f 299/133/284 298/138/294 297/137/290 293/134/285
f 274/112/252 297/137/293 298/138/295 300/115/256
f 300/115/296 298/138/297 299/133/298 301/139/299
f 275/116/266 300/115/296 301/139/299 302/122/267
f 302/122/267 301/139/299 289/128/300 285/126/273
f 301/139/299 299/133/298 292/130/301 289/128/300
f 250/88/219 247/86/218 264/102/259 277/118/260
f 306/140/302 303/141/303 304/142/304 307/143/305
f 303/141/306 305/144/307 319/145/308 304/142/309
f 308/146/310 306/140/302 307/143/305 309/147/311
f 310/148/312 308/146/313 309/147/314 311/149/315
f 312/150/316 310/148/312 311/149/315 313/151/317
f 314/152/318 312/150/319 313/151/320 315/153/321
f 316/154/322 314/152/318 315/153/321 317/155/323
f 305/144/307 316/154/324 317/155/325 319/145/308
f 317/155/323 315/153/321 343/156/326 318/157/327
f 319/145/308 317/155/325 318/157/328 320/158/329
f 304/142/309 319/145/308 320/158/329 321/159/330
f 320/158/329 322/160/331 324/161/332 321/159/330
f 318/157/328 323/162/333 322/160/331 320/158/329
f 323/162/333 327/163/334 325/164/335 322/160/331
f 322/160/331 325/164/335 326/165/336 324/161/332
f 328/166/337 331/167/338 326/165/339 325/164/340
f 329/168/341 328/166/337 325/164/340 327/163/342
f 342/169/343 330/170/344 328/166/337 329/168/341
f 330/170/344 332/171/345 331/167/338 328/166/337
f 324/161/346 326/165/347 331/167/348 333/172/349
f 333/172/349 331/167/348 332/171/350 335/173/351
f 334/174/352 333/172/349 335/173/351 336/175/353
f 321/159/354 324/161/346 333/172/349 334/174/352
f 336/175/355 335/173/356 337/176/357 338/177/358
f 335/173/356 332/171/359 330/170/360 337/176/357
f 338/177/358 337/176/357 339/178/361 341/179/362
f 337/176/357 330/170/360 342/169/363 339/178/361
f 339/178/364 342/169/365 329/168/366 340/180/367
f 341/179/368 339/178/364 340/180/367 343/156/326
f 315/153/321 313/151/320 341/179/368 343/156/326
f 313/151/317 311/149/315 338/177/358 341/179/362
f 343/156/326 340/180/367 323/162/369 318/157/327
f 340/180/367 329/168/366 327/163/370 323/162/369
f 311/149/315 309/147/314 336/175/355 338/177/358
f 309/147/311 307/143/305 334/174/352 336/175/353
f 307/143/305 304/142/304 321/159/354 334/174/352
f 347/181/371 344/182/372 345/183/373 348/184/374
f 344/182/375 346/185/376 360/186/377 345/183/378
f 349/187/379 347/181/371 348/184/374 350/188/380
f 351/189/381 349/187/382 350/188/383 352/190/384
f 353/191/385 351/189/381 352/190/384 354/192/386
f 355/193/387 353/191/388 354/192/389 356/194/390
f 357/195/391 355/193/387 356/194/390 358/196/392
f 346/185/376 357/195/393 358/196/394 360/186/377
f 358/196/392 356/194/390 381/197/395 359/198/396
f 360/186/377 358/196/394 359/198/397 361/199/398
f 345/183/378 360/186/377 361/199/398 362/200/399
f 361/199/398 363/201/400 365/202/401 362/200/399
f 359/198/397 364/203/402 363/201/400 361/199/398
f 364/203/402 367/204/403 366/205/404 363/201/400
f 363/201/400 366/205/404 369/206/405 365/202/401
f 367/204/403 388/207/406 368/208/407 366/205/404
f 366/205/404 368/208/407 370/209/408 369/206/405
f 369/206/409 370/209/410 372/210/411 371/211/412
f 365/202/413 369/206/409 371/211/412 374/212/414
f 371/211/412 372/210/411 398/213/415 373/214/416
f 374/212/414 371/211/412 373/214/416 376/215/417
f 375/216/418 374/212/414 376/215/417 378/217/419
f 362/200/420 365/202/413 374/212/414 375/216/418
f 376/215/421 373/214/422 400/218/423 377/219/424
f 378/217/425 376/215/421 377/219/424 379/220/426
f 352/190/384 350/188/383 378/217/425 379/220/426
f 350/188/380 348/184/374 375/216/418 378/217/419
f 379/220/426 377/219/424 382/221/427 380/222/428
f 354/192/386 352/190/384 379/220/426 380/222/428
f 380/222/429 382/221/430 384/223/431 381/197/395
f 356/194/390 354/192/389 380/222/429 381/197/395
f 377/219/424 400/218/423 383/224/432 382/221/427
f 382/221/430 383/224/433 385/225/434 384/223/431
f 381/197/395 384/223/431 364/203/435 359/198/396
f 384/223/431 385/225/434 367/204/436 364/203/435
f 383/224/433 387/226/437 386/227/438 385/225/434
f 385/225/434 386/227/438 388/207/439 367/204/436
f 387/226/437 390/228/440 389/229/441 386/227/438
f 386/227/438 389/229/441 392/230/442 388/207/439
f 390/228/440 397/231/443 391/232/444 389/229/441
f 389/229/441 391/232/444 393/233/445 392/230/442
f 388/207/406 392/230/446 393/233/447 368/208/407
f 391/232/444 395/234/448 394/235/449 393/233/445
f 368/208/407 393/233/447 394/235/450 370/209/408
f 370/209/410 394/235/451 395/234/452 372/210/411
f 397/231/443 396/236/453 395/234/448 391/232/444
f 372/210/411 395/234/452 396/236/454 398/213/415
f 398/213/455 396/236/456 397/231/457 399/237/458
f 373/214/422 398/213/455 399/237/458 400/218/423
f 400/218/423 399/237/458 387/226/459 383/224/432
f 399/237/458 397/231/457 390/228/460 387/226/459
f 348/184/374 345/183/373 362/200/420 375/216/418
f 404/238/461 401/239/462 402/240/463 405/241/464
f 401/239/465 403/242/466 417/243/467 402/240/468
f 406/244/469 404/238/461 405/241/464 407/245/470
f 408/246/471 406/244/472 407/245/473 409/247/474
f 410/248/475 408/246/471 409/247/474 411/249/476
f 412/250/477 410/248/478 411/249/479 413/251/480
f 414/252/481 412/250/477 413/251/480 415/253/482
f 403/242/466 414/252/483 415/253/484 417/243/467
f 415/253/482 413/251/480 457/254/485 416/255/486
f 417/243/467 415/253/484 416/255/487 418/256/488
f 402/240/468 417/243/467 418/256/488 419/257/489
f 418/256/488 420/258/490 422/259/491 419/257/489
f 416/255/487 421/260/492 420/258/490 418/256/488
f 421/260/492 425/261/493 423/262/494 420/258/490
f 420/258/490 423/262/494 424/263/495 422/259/491
f 423/262/494 426/264/496 428/265/497 424/263/495
f 425/261/493 427/266/498 426/264/496 423/262/494
f 427/266/498 431/267/499 429/268/500 426/264/496
f 426/264/496 429/268/500 430/269/501 428/265/497
f 432/270/502 435/271/503 430/269/504 429/268/505
f 433/272/506 432/270/502 429/268/505 431/267/507
f 446/273/508 434/274/509 432/270/502 433/272/506
f 434/274/509 436/275/510 435/271/503 432/270/502
f 428/265/511 430/269/512 435/271/513 437/276/514
f 437/276/514 435/271/513 436/275/515 439/277/516
f 438/278/517 437/276/514 439/277/516 440/279/518
f 424/263/519 428/265/511 437/276/514 438/278/517
f 440/279/520 439/277/521 441/280/522 442/281/523
f 439/277/521 436/275/524 434/274/525 441/280/522
f 442/281/523 441/280/522 443/282/526 445/283/527
f 441/280/522 434/274/525 446/273/528 443/282/526
f 443/282/529 446/273/530 433/272/531 444/284/532
f 445/283/533 443/282/529 444/284/532 447/285/534
f 448/286/535 445/283/533 447/285/534 449/287/536
f 451/288/537 442/281/523 445/283/527 448/286/538
f 450/289/539 448/286/535 449/287/536 457/254/485
f 452/290/540 451/288/537 448/286/538 450/289/541
f 454/291/542 453/292/543 451/288/537 452/290/540
f 453/292/543 440/279/520 442/281/523 451/288/537
f 456/293/544 455/294/545 453/292/546 454/291/547
f 455/294/545 438/278/517 440/279/518 453/292/546
f 419/257/548 422/259/549 455/294/545 456/293/544
f 422/259/549 424/263/519 438/278/517 455/294/545
f 407/245/470 405/241/464 456/293/544 454/291/547
f 405/241/464 402/240/463 419/257/548 456/293/544
f 409/247/474 407/245/473 454/291/542 452/290/540
f 411/249/476 409/247/474 452/290/540 450/289/541
f 413/251/480 411/249/479 450/289/539 457/254/485
f 457/254/485 449/287/536 421/260/550 416/255/486
f 449/287/536 447/285/534 425/261/551 421/260/550
f 447/285/534 444/284/532 427/266/552 425/261/551
f 444/284/532 433/272/531 431/267/553 427/266/552
f 461/295/554 458/296/555 459/297/556 462/298/557
f 458/296/558 460/299/559 474/300/560 459/297/561
f 463/301/562 461/295/554 462/298/557 464/302/563
f 465/303/564 463/301/565 464/302/566 466/304/567
f 467/305/568 465/303/564 466/304/567 468/306/569
f 469/307/570 467/305/571 468/306/572 470/308/573
f 471/309/574 469/307/570 470/308/573 472/310/575
f 460/299/559 471/309/576 472/310/577 474/300/560
f 472/310/575 470/308/573 498/311/578 473/312/579
f 474/300/560 472/310/577 473/312/580 475/313/581
f 459/297/561 474/300/560 475/313/581 476/314/582
f 475/313/581 477/315/583 479/316/584 476/314/582
f 473/312/580 478/317/585 477/315/583 475/313/581
f 478/317/585 482/318/586 480/319/587 477/315/583
f 477/315/583 480/319/587 481/320/588 479/316/584
f 483/321/589 486/322/590 481/320/591 480/319/592
f 484/323/593 483/321/589 480/319/592 482/318/594
f 497/324/595 485/325/596 483/321/589 484/323/593
f 485/325/596 487/326/597 486/322/590 483/321/589
f 479/316/598 481/320/591 486/322/590 488/327/599
f 488/327/599 486/322/590 487/326/597 490/328/600
f 489/329/601 488/327/599 490/328/600 491/330/602
f 476/314/603 479/316/598 488/327/599 489/329/601
f 491/330/604 490/328/605 492/331/606 493/332/607
f 490/328/605 487/326/597 485/325/596 492/331/606
f 493/332/607 492/331/606 494/333/608 496/334/609
f 492/331/606 485/325/596 497/324/595 494/333/608
f 494/333/610 497/324/611 484/323/612 495/335/613
f 496/334/614 494/333/610 495/335/613 498/311/578
f 470/308/573 468/306/572 496/334/614 498/311/578
f 468/306/569 466/304/567 493/332/607 496/334/609
f 498/311/578 495/335/613 478/317/615 473/312/579
f 495/335/613 484/323/612 482/318/616 478/317/615
f 466/304/567 464/302/566 491/330/604 493/332/607
f 464/302/563 462/298/557 489/329/601 491/330/602
f 462/298/557 459/297/556 476/314/603 489/329/601
f 549/336/617 500/337/618 504/337/619 550/336/620
f 552/336/621 512/337/622 516/337/623 553/336/624
f 553/336/624 516/337/623 520/337/625 554/336/626
f 554/336/626 520/337/625 524/337/627 555/336/628
f 555/336/628 524/337/627 528/337/629 556/336/630
f 556/336/630 528/337/629 532/337/631 557/336/632
f 557/336/632 532/337/631 536/337/633 558/336/634
f 558/336/634 536/337/633 540/337/635 559/336/636
f 559/336/636 540/337/635 544/337/637 548/336/638
f 550/336/620 504/337/619 508/337/639 551/336/640
f 551/336/640 508/337/639 512/337/622 552/336/621
f 548/336/638 544/337/637 500/337/618 549/336/617
f 504/337/619 500/337/618 503/338/641 507/338/642
f 507/338/642 503/338/641 502/339/643 506/339/644
f 506/339/644 502/339/643 501/340/645 505/340/646
f 505/340/646 501/340/645 499/341/647
f 508/337/639 504/337/619 507/338/642 511/338/648
f 511/338/648 507/338/642 506/339/644 510/339/649
f 510/339/649 506/339/644 505/340/646 509/340/650
f 509/340/650 505/340/646 499/341/647
f 512/337/622 508/337/639 511/338/648 515/338/651
f 515/338/651 511/338/648 510/339/649 514/339/652
f 514/339/652 510/339/649 509/340/650 513/340/653
f 513/340/653 509/340/650 499/341/647
f 516/337/623 512/337/622 515/338/651 519/338/654
f 519/338/654 515/338/651 514/339/652 518/339/655
f 518/339/655 514/339/652 513/340/653 517/340/656
f 517/340/656 513/340/653 499/341/647
f 520/337/625 516/337/623 519/338/654 523/338/657
f 523/338/657 519/338/654 518/339/655 522/339/658
f 522/339/658 518/339/655 517/340/656 521/340/659
f 521/340/659 517/340/656 499/341/647
f 524/337/627 520/337/625 523/338/657 527/338/660
f 527/338/660 523/338/657 522/339/658 526/339/661
f 526/339/661 522/339/658 521/340/659 525/340/662
f 525/340/662 521/340/659 499/341/647
f 528/337/629 524/337/627 527/338/660 531/338/663
f 531/338/663 527/338/660 526/339/661 530/339/664
f 530/339/664 526/339/661 525/340/662 529/340/665
f 529/340/665 525/340/662 499/341/647
f 532/337/631 528/337/629 531/338/663 535/338/666
f 535/338/666 531/338/663 530/339/664 534/339/667
f 534/339/667 530/339/664 529/340/665 533/340/668
f 533/340/668 529/340/665 499/341/647
f 536/337/633 532/337/631 535/338/666 539/338/669
f 539/338/669 535/338/666 534/339/667 538/339/670
f 538/339/670 534/339/667 533/340/668 537/340/671
f 537/340/671 533/340/668 499/341/647
f 540/337/635 536/337/633 539/338/669 543/338/672
f 543/338/672 539/338/669 538/339/670 542/339/673
f 542/339/673 538/339/670 537/340/671 541/340/674
f 541/340/674 537/340/671 499/341/647
f 544/337/637 540/337/635 543/338/672 547/338/675
f 547/338/675 543/338/672 542/339/673 546/339/676
f 546/339/676 542/339/673 541/340/674 545/340/677
f 545/340/677 541/340/674 499/341/647
f 500/337/618 544/337/637 547/338/675 503/338/641
f 503/338/641 547/338/675 546/339/676 502/339/643
f 502/339/643 546/339/676 545/340/677 501/340/645
f 501/340/645 545/340/677 499/341/647
f 563/10/678 560/11/99 561/12/100 564/13/101
f 560/11/102 562/14/103 576/15/104 561/12/105
f 565/16/106 563/10/678 564/13/101 566/17/679
f 567/18/108 565/16/109 566/17/110 568/19/111
f 569/20/112 567/18/108 568/19/111 570/21/113
f 571/22/114 569/20/680 570/21/116 572/23/117
f 573/24/118 571/22/114 572/23/117 574/25/119
f 562/14/103 573/24/120 574/25/121 576/15/104
f 574/25/119 572/23/117 597/26/122 575/27/123
f 576/15/104 574/25/121 575/27/124 577/28/125
f 561/12/105 576/15/104 577/28/125 578/29/126
f 577/28/125 579/30/127 581/31/128 578/29/126
f 575/27/124 580/32/129 579/30/127 577/28/125
f 580/32/129 583/33/130 582/34/131 579/30/127
f 579/30/127 582/34/131 585/35/132 581/31/128
f 583/33/130 604/36/133 584/37/134 582/34/131
f 582/34/131 584/37/134 586/38/135 585/35/132
f 585/35/136 586/38/137 588/39/138 587/40/139
f 581/31/140 585/35/136 587/40/139 590/41/141
f 587/40/139 588/39/138 631/42/142 589/43/143
f 590/41/141 587/40/139 589/43/143 592/44/144
f 591/45/145 590/41/141 592/44/144 594/46/146
f 578/29/147 581/31/140 590/41/141 591/45/145
f 592/44/148 589/43/149 632/47/150 593/48/151
f 594/46/152 592/44/148 593/48/151 595/49/153
f 568/19/111 566/17/110 594/46/152 595/49/153
f 566/17/679 564/13/101 591/45/145 594/46/146
f 595/49/153 593/48/151 598/50/154 596/51/155
f 570/21/113 568/19/111 595/49/153 596/51/155
f 596/51/681 598/50/157 600/52/158 597/26/122
f 572/23/117 570/21/116 596/51/681 597/26/122
f 593/48/151 632/47/150 599/53/159 598/50/154
f 598/50/157 599/53/160 601/54/161 600/52/158
f 597/26/122 600/52/158 580/32/162 575/27/123
f 600/52/158 601/54/161 583/33/163 580/32/162
f 599/53/160 603/55/164 602/56/165 601/54/161
f 601/54/161 602/56/165 604/36/166 583/33/163
f 603/55/164 607/57/682 605/58/168 602/56/165
f 602/56/165 605/58/168 606/59/169 604/36/166
f 605/58/168 608/60/170 610/61/171 606/59/169
f 607/57/682 609/62/172 608/60/170 605/58/168
f 609/62/172 612/63/173 611/64/174 608/60/170
f 608/60/170 611/64/174 614/65/175 610/61/171
f 612/63/173 626/66/176 613/67/177 611/64/174
f 611/64/174 613/67/177 615/68/178 614/65/175
f 610/61/179 614/65/180 615/68/181 617/69/182
f 613/67/177 624/70/183 616/71/184 615/68/178
f 617/69/182 615/68/181 616/71/185 619/72/186
f 618/73/187 617/69/182 619/72/186 620/74/188
f 606/59/189 610/61/179 617/69/182 618/73/187
f 620/74/190 619/72/191 621/75/192 622/76/193
f 619/72/191 616/71/194 624/70/195 621/75/192
f 622/76/193 621/75/192 623/77/196 630/78/197
f 621/75/192 624/70/195 625/79/198 623/77/196
f 626/66/176 625/79/199 624/70/183 613/67/177
f 623/77/200 625/79/201 626/66/202 627/80/203
f 627/80/203 626/66/202 612/63/204 609/62/205
f 628/81/206 627/80/203 609/62/205 607/57/207
f 630/78/208 623/77/200 627/80/203 628/81/206
f 629/82/683 628/81/206 607/57/207 603/55/210
f 631/42/211 630/78/208 628/81/206 629/82/683
f 588/39/138 622/76/193 630/78/197 631/42/142
f 589/43/149 631/42/211 629/82/683 632/47/150
f 632/47/150 629/82/683 603/55/210 599/53/159
f 586/38/137 620/74/190 622/76/193 588/39/138
f 584/37/134 618/73/187 620/74/188 586/38/135
f 604/36/133 606/59/189 618/73/187 584/37/134
f 564/13/101 561/12/100 578/29/147 591/45/145
f 633/83/212 635/84/213 649/85/214 634/86/215
f 636/87/216 633/83/217 634/86/218 637/88/684
f 638/89/220 636/87/216 637/88/684 639/90/221
f 640/91/222 638/89/223 639/90/224 641/92/225
f 642/93/226 640/91/222 641/92/225 643/94/227
f 644/95/228 642/93/229 643/94/230 645/96/231
f 646/97/232 644/95/228 645/96/231 647/98/233
f 635/84/213 646/97/234 647/98/235 649/85/214
f 649/85/214 647/98/235 648/99/236 650/100/237
f 647/98/233 645/96/231 670/101/238 648/99/239
f 634/86/215 649/85/214 650/100/237 651/102/240
f 650/100/237 652/103/241 654/104/242 651/102/240
f 648/99/236 653/105/243 652/103/241 650/100/237
f 653/105/243 656/106/244 655/107/245 652/103/241
f 652/103/241 655/107/245 658/108/246 654/104/242
f 656/106/244 677/109/685 657/110/248 655/107/245
f 655/107/245 657/110/248 659/111/249 658/108/246
f 658/108/250 659/111/251 661/112/252 660/113/253
f 654/104/254 658/108/250 660/113/253 663/114/255
f 660/113/253 661/112/252 687/115/256 662/116/257
f 663/114/255 660/113/253 662/116/257 665/117/258
f 651/102/259 654/104/254 663/114/255 664/118/260
f 664/118/260 663/114/255 665/117/258 667/119/261
f 667/119/262 665/117/263 666/120/264 668/121/265
f 665/117/263 662/116/266 689/122/267 666/120/264
f 641/92/225 639/90/224 667/119/262 668/121/265
f 639/90/221 637/88/684 664/118/260 667/119/261
f 643/94/227 641/92/225 668/121/265 669/123/268
f 668/121/265 666/120/264 671/124/269 669/123/268
f 645/96/231 643/94/230 669/123/270 670/101/238
f 669/123/270 671/124/271 673/125/272 670/101/238
f 666/120/264 689/122/267 672/126/273 671/124/269
f 671/124/271 672/126/274 674/127/275 673/125/272
f 670/101/238 673/125/272 653/105/276 648/99/239
f 673/125/272 674/127/275 656/106/277 653/105/276
f 672/126/274 676/128/278 675/129/279 674/127/275
f 674/127/275 675/129/279 677/109/280 656/106/277
f 676/128/278 679/130/281 678/131/282 675/129/279
f 675/129/279 678/131/282 681/132/283 677/109/280
f 679/130/281 686/133/284 680/134/285 678/131/282
f 678/131/282 680/134/285 682/135/286 681/132/283
f 677/109/685 681/132/287 682/135/288 657/110/248
f 657/110/248 682/135/288 683/136/289 659/111/249
f 680/134/285 684/137/290 683/136/291 682/135/286
f 659/111/251 683/136/292 684/137/293 661/112/252
f 686/133/284 685/138/294 684/137/290 680/134/285
f 661/112/252 684/137/293 685/138/295 687/115/256
f 687/115/296 685/138/297 686/133/298 688/139/299
f 662/116/266 687/115/296 688/139/299 689/122/267
f 689/122/267 688/139/299 676/128/300 672/126/273
f 688/139/299 686/133/298 679/130/301 676/128/300
f 637/88/684 634/86/218 651/102/259 664/118/260
f 693/140/302 690/141/303 691/142/304 694/143/305
f 690/141/306 692/144/307 706/145/308 691/142/309
f 695/146/310 693/140/302 694/143/305 696/147/311
f 697/148/312 695/146/313 696/147/686 698/149/315
f 699/150/316 697/148/312 698/149/315 700/151/317
f 701/152/318 699/150/319 700/151/320 702/153/321
f 703/154/322 701/152/318 702/153/321 704/155/323
f 692/144/307 703/154/324 704/155/325 706/145/308
f 704/155/323 702/153/321 730/156/326 705/157/327
f 706/145/308 704/155/325 705/157/328 707/158/329
f 691/142/309 706/145/308 707/158/329 708/159/330
f 707/158/329 709/160/331 711/161/332 708/159/330
f 705/157/328 710/162/333 709/160/331 707/158/329
f 710/162/333 714/163/334 712/164/335 709/160/331
f 709/160/331 712/164/335 713/165/336 711/161/332
f 715/166/337 718/167/338 713/165/339 712/164/340
f 716/168/341 715/166/337 712/164/340 714/163/342
f 729/169/343 717/170/344 715/166/337 716/168/341
f 717/170/344 719/171/345 718/167/338 715/166/337
f 711/161/346 713/165/347 718/167/348 720/172/349
f 720/172/349 718/167/348 719/171/350 722/173/351
f 721/174/352 720/172/349 722/173/351 723/175/353
f 708/159/687 711/161/346 720/172/349 721/174/352
f 723/175/355 722/173/356 724/176/357 725/177/358
f 722/173/356 719/171/359 717/170/360 724/176/357
f 725/177/358 724/176/357 726/178/361 728/179/362
f 724/176/357 717/170/360 729/169/363 726/178/361
f 726/178/364 729/169/365 716/168/366 727/180/367
f 728/179/368 726/178/364 727/180/367 730/156/326
f 702/153/321 700/151/320 728/179/368 730/156/326
f 700/151/317 698/149/315 725/177/358 728/179/362
f 730/156/326 727/180/367 710/162/369 705/157/327
f 727/180/367 716/168/366 714/163/370 710/162/369
f 698/149/315 696/147/686 723/175/355 725/177/358
f 696/147/311 694/143/305 721/174/352 723/175/353
f 694/143/305 691/142/304 708/159/687 721/174/352
f 734/181/371 731/182/372 732/183/373 735/184/374
f 731/182/375 733/185/376 747/186/377 732/183/378
f 736/187/379 734/181/371 735/184/374 737/188/380
f 738/189/381 736/187/382 737/188/383 739/190/384
f 740/191/385 738/189/381 739/190/384 741/192/386
f 742/193/387 740/191/388 741/192/389 743/194/390
f 744/195/391 742/193/387 743/194/390 745/196/392
f 733/185/376 744/195/393 745/196/394 747/186/377
f 745/196/392 743/194/390 768/197/395 746/198/396
f 747/186/377 745/196/394 746/198/397 748/199/398
f 732/183/378 747/186/377 748/199/398 749/200/688
f 748/199/398 750/201/689 752/202/401 749/200/688
f 746/198/397 751/203/402 750/201/689 748/199/398
f 751/203/402 754/204/403 753/205/404 750/201/689
f 750/201/689 753/205/404 756/206/405 752/202/401
f 754/204/403 775/207/406 755/208/407 753/205/404
f 753/205/404 755/208/407 757/209/408 756/206/405
f 756/206/409 757/209/410 759/210/411 758/211/412
f 752/202/413 756/206/409 758/211/412 761/212/414
f 758/211/412 759/210/411 785/213/415 760/214/416
f 761/212/414 758/211/412 760/214/416 763/215/417
f 762/216/418 761/212/414 763/215/417 765/217/419
f 749/200/420 752/202/413 761/212/414 762/216/418
f 763/215/421 760/214/422 787/218/423 764/219/424
f 765/217/425 763/215/421 764/219/424 766/220/426
f 739/190/384 737/188/383 765/217/425 766/220/426
f 737/188/380 735/184/374 762/216/418 765/217/419
f 766/220/426 764/219/424 769/221/427 767/222/428
f 741/192/386 739/190/384 766/220/426 767/222/428
f 767/222/429 769/221/430 771/223/431 768/197/395
f 743/194/390 741/192/389 767/222/429 768/197/395
f 764/219/424 787/218/423 770/224/432 769/221/427
f 769/221/430 770/224/433 772/225/434 771/223/431
f 768/197/395 771/223/431 751/203/435 746/198/396
f 771/223/431 772/225/434 754/204/436 751/203/435
f 770/224/433 774/226/437 773/227/438 772/225/434
f 772/225/434 773/227/438 775/207/439 754/204/436
f 774/226/437 777/228/440 776/229/441 773/227/438
f 773/227/438 776/229/441 779/230/442 775/207/439
f 777/228/440 784/231/443 778/232/444 776/229/441
f 776/229/441 778/232/444 780/233/445 779/230/442
f 775/207/406 779/230/446 780/233/447 755/208/407
f 778/232/444 782/234/448 781/235/449 780/233/445
f 755/208/407 780/233/447 781/235/450 757/209/408
f 757/209/410 781/235/451 782/234/452 759/210/411
f 784/231/443 783/236/453 782/234/448 778/232/444
f 759/210/411 782/234/452 783/236/454 785/213/415
f 785/213/455 783/236/456 784/231/457 786/237/458
f 760/214/422 785/213/455 786/237/458 787/218/423
f 787/218/423 786/237/458 774/226/459 770/224/432
f 786/237/458 784/231/457 777/228/460 774/226/459
f 735/184/374 732/183/373 749/200/420 762/216/418
f 791/238/461 788/239/462 789/240/463 792/241/464
f 788/239/465 790/242/466 804/243/467 789/240/468
f 793/244/469 791/238/461 792/241/464 794/245/470
f 795/246/471 793/244/472 794/245/473 796/247/474
f 797/248/475 795/246/471 796/247/474 798/249/476
f 799/250/477 797/248/478 798/249/479 800/251/480
f 801/252/481 799/250/477 800/251/480 802/253/482
f 790/242/466 801/252/483 802/253/484 804/243/467
f 802/253/482 800/251/480 844/254/485 803/255/486
f 804/243/467 802/253/484 803/255/487 805/256/488
f 789/240/468 804/243/467 805/256/488 806/257/489
f 805/256/488 807/258/490 809/259/491 806/257/489
f 803/255/487 808/260/492 807/258/490 805/256/488
f 808/260/492 812/261/493 810/262/494 807/258/490
f 807/258/490 810/262/494 811/263/495 809/259/491
f 810/262/494 813/264/496 815/265/497 811/263/495
f 812/261/493 814/266/498 813/264/496 810/262/494
f 814/266/498 818/267/499 816/268/500 813/264/496
f 813/264/496 816/268/500 817/269/501 815/265/497
f 819/270/502 822/271/503 817/269/504 816/268/505
f 820/272/506 819/270/502 816/268/505 818/267/507
f 833/273/508 821/274/509 819/270/502 820/272/506
f 821/274/509 823/275/510 822/271/503 819/270/502
f 815/265/511 817/269/512 822/271/513 824/276/514
f 824/276/514 822/271/513 823/275/515 826/277/516
f 825/278/517 824/276/514 826/277/516 827/279/518
f 811/263/519 815/265/511 824/276/514 825/278/517
f 827/279/520 826/277/521 828/280/522 829/281/523
f 826/277/521 823/275/524 821/274/525 828/280/522
f 829/281/523 828/280/522 830/282/526 832/283/527
f 828/280/522 821/274/525 833/273/528 830/282/526
f 830/282/529 833/273/530 820/272/531 831/284/532
f 832/283/533 830/282/529 831/284/532 834/285/534
f 835/286/535 832/283/533 834/285/534 836/287/536
f 838/288/537 829/281/523 832/283/527 835/286/538
f 837/289/539 835/286/535 836/287/536 844/254/485
f 839/290/540 838/288/537 835/286/538 837/289/541
f 841/291/542 840/292/690 838/288/537 839/290/540
f 840/292/690 827/279/520 829/281/523 838/288/537
f 843/293/544 842/294/545 840/292/546 841/291/547
f 842/294/545 825/278/517 827/279/518 840/292/546
f 806/257/548 809/259/549 842/294/545 843/293/544
f 809/259/549 811/263/519 825/278/517 842/294/545
f 794/245/470 792/241/464 843/293/544 841/291/547
f 792/241/464 789/240/463 806/257/548 843/293/544
f 796/247/474 794/245/473 841/291/542 839/290/540
f 798/249/476 796/247/474 839/290/540 837/289/541
f 800/251/480 798/249/479 837/289/539 844/254/485
f 844/254/485 836/287/536 808/260/550 803/255/486
f 836/287/536 834/285/534 812/261/551 808/260/550
f 834/285/534 831/284/532 814/266/552 812/261/551
f 831/284/532 820/272/531 818/267/553 814/266/552
f 848/295/554 845/296/555 846/297/556 849/298/557
f 845/296/558 847/299/559 861/300/560 846/297/561
f 850/301/562 848/295/554 849/298/557 851/302/563
f 852/303/564 850/301/565 851/302/566 853/304/567
f 854/305/691 852/303/564 853/304/567 855/306/692
f 856/307/570 854/305/571 855/306/572 857/308/573
f 858/309/574 856/307/570 857/308/573 859/310/575
f 847/299/559 858/309/576 859/310/577 861/300/560
f 859/310/575 857/308/573 885/311/578 860/312/579
f 861/300/560 859/310/577 860/312/580 862/313/581
f 846/297/561 861/300/560 862/313/581 863/314/582
f 862/313/581 864/315/583 866/316/584 863/314/582
f 860/312/580 865/317/585 864/315/583 862/313/581
f 865/317/585 869/318/586 867/319/587 864/315/583
f 864/315/583 867/319/587 868/320/588 866/316/584
f 870/321/589 873/322/590 868/320/591 867/319/592
f 871/323/593 870/321/589 867/319/592 869/318/594
f 884/324/595 872/325/596 870/321/589 871/323/593
f 872/325/596 874/326/597 873/322/590 870/321/589
f 866/316/598 868/320/591 873/322/590 875/327/599
f 875/327/599 873/322/590 874/326/597 877/328/600
f 876/329/601 875/327/599 877/328/600 878/330/602
f 863/314/603 866/316/598 875/327/599 876/329/601
f 878/330/604 877/328/605 879/331/606 880/332/607
f 877/328/605 874/326/597 872/325/596 879/331/606
f 880/332/607 879/331/606 881/333/608 883/334/609
f 879/331/606 872/325/596 884/324/595 881/333/608
f 881/333/610 884/324/611 871/323/612 882/335/613
f 883/334/614 881/333/610 882/335/613 885/311/578
f 857/308/573 855/306/572 883/334/614 885/311/578
f 855/306/692 853/304/567 880/332/607 883/334/609
f 885/311/578 882/335/613 865/317/615 860/312/579
f 882/335/613 871/323/612 869/318/616 865/317/615
f 853/304/567 851/302/566 878/330/604 880/332/607
f 851/302/563 849/298/557 876/329/601 878/330/602
f 849/298/557 846/297/556 863/314/603 876/329/601
f 936/336/617 887/337/618 891/337/619 937/336/620
f 939/336/621 899/337/622 903/337/623 940/336/624
f 940/336/624 903/337/623 907/337/625 941/336/626
f 941/336/626 907/337/625 911/337/627 942/336/628
f 942/336/628 911/337/627 915/337/629 943/336/630
f 943/336/630 915/337/629 919/337/631 944/336/632
f 944/336/632 919/337/631 923/337/633 945/336/634
f 945/336/634 923/337/633 927/337/635 946/336/636
f 946/336/636 927/337/635 931/337/637 935/336/638
f 937/336/620 891/337/619 895/337/639 938/336/640
f 938/336/640 895/337/639 899/337/622 939/336/621
f 935/336/638 931/337/637 887/337/618 936/336/617
f 891/337/619 887/337/618 890/338/641 894/338/642
f 894/338/642 890/338/641 889/339/643 893/339/644
f 893/339/644 889/339/643 888/340/645 892/340/646
f 892/340/646 888/340/645 886/341/647
f 895/337/639 891/337/619 894/338/642 898/338/648
f 898/338/648 894/338/642 893/339/644 897/339/649
f 897/339/649 893/339/644 892/340/646 896/340/650
f 896/340/650 892/340/646 886/341/647
f 899/337/622 895/337/639 898/338/648 902/338/651
f 902/338/651 898/338/648 897/339/649 901/339/652
f 901/339/652 897/339/649 896/340/650 900/340/653
f 900/340/653 896/340/650 886/341/647
f 903/337/623 899/337/622 902/338/651 906/338/654
f 906/338/654 902/338/651 901/339/652 905/339/655
f 905/339/655 901/339/652 900/340/653 904/340/656
f 904/340/656 900/340/653 886/341/647
f 907/337/625 903/337/623 906/338/654 910/338/657
f 910/338/657 906/338/654 905/339/655 909/339/658
f 909/339/658 905/339/655 904/340/656 908/340/659
f 908/340/659 904/340/656 886/341/647
f 911/337/627 907/337/625 910/338/657 914/338/660
f 914/338/660 910/338/657 909/339/658 913/339/661
f 913/339/661 909/339/658 908/340/659 912/340/662
f 912/340/662 908/340/659 886/341/647
f 915/337/629 911/337/627 914/338/660 918/338/663
f 918/338/663 914/338/660 913/339/661 917/339/664
f 917/339/664 913/339/661 912/340/662 916/340/665
f 916/340/665 912/340/662 886/341/647
f 919/337/631 915/337/629 918/338/663 922/338/666
f 922/338/666 918/338/663 917/339/664 921/339/667
f 921/339/667 917/339/664 916/340/665 920/340/668
f 920/340/668 916/340/665 886/341/647
f 923/337/633 919/337/631 922/338/666 926/338/669
f 926/338/669 922/338/666 921/339/667 925/339/670
f 925/339/670 921/339/667 920/340/668 924/340/671
f 924/340/671 920/340/668 886/341/647
f 927/337/635 923/337/633 926/338/669 930/338/672
f 930/338/672 926/338/669 925/339/670 929/339/673
f 929/339/673 925/339/670 924/340/671 928/340/674
f 928/340/674 924/340/671 886/341/647
f 931/337/637 927/337/635 930/338/672 934/338/675
f 934/338/675 930/338/672 929/339/673 933/339/676
f 933/339/676 929/339/673 928/340/674 932/340/677
f 932/340/677 928/340/674 886/341/647
f 887/337/618 931/337/637 934/338/675 890/338/641
f 890/338/641 934/338/675 933/339/676 889/339/643
f 889/339/643 933/339/676 932/340/677 888/340/645
f 888/340/645 932/340/677 886/341/647
f 950/10/98 947/11/99 948/12/100 951/13/101
f 947/11/102 949/14/103 963/15/104 948/12/105
f 952/16/106 950/10/98 951/13/101 953/17/107
f 954/18/108 952/16/109 953/17/110 955/19/111
f 956/20/112 954/18/108 955/19/111 957/21/113
f 958/22/114 956/20/680 957/21/116 959/23/117
f 960/24/118 958/22/114 959/23/117 961/25/119
f 949/14/103 960/24/120 961/25/121 963/15/104
f 961/25/119 959/23/117 984/26/122 962/27/123
f 963/15/104 961/25/121 962/27/124 964/28/125
f 948/12/105 963/15/104 964/28/125 965/29/126
f 964/28/125 966/30/127 968/31/128 965/29/126
f 962/27/124 967/32/129 966/30/127 964/28/125
f 967/32/129 970/33/130 969/34/131 966/30/127
f 966/30/127 969/34/131 972/35/132 968/31/128
f 970/33/130 991/36/133 971/37/134 969/34/131
f 969/34/131 971/37/134 973/38/135 972/35/132
f 972/35/136 973/38/137 975/39/138 974/40/139
f 968/31/140 972/35/136 974/40/139 977/41/141
f 974/40/139 975/39/138 1018/42/142 976/43/143
f 977/41/141 974/40/139 976/43/143 979/44/144
f 978/45/145 977/41/141 979/44/144 981/46/146
f 965/29/147 968/31/140 977/41/141 978/45/145
f 979/44/148 976/43/149 1019/47/150 980/48/151
f 981/46/152 979/44/148 980/48/151 982/49/153
f 955/19/111 953/17/110 981/46/152 982/49/153
f 953/17/107 951/13/101 978/45/145 981/46/146
f 982/49/153 980/48/151 985/50/154 983/51/155
f 957/21/113 955/19/111 982/49/153 983/51/155
f 983/51/681 985/50/157 987/52/158 984/26/122
f 959/23/117 957/21/116 983/51/681 984/26/122
f 980/48/151 1019/47/150 986/53/159 985/50/154
f 985/50/157 986/53/160 988/54/161 987/52/158
f 984/26/122 987/52/158 967/32/162 962/27/123
f 987/52/158 988/54/161 970/33/163 967/32/162
f 986/53/160 990/55/164 989/56/165 988/54/161
f 988/54/161 989/56/165 991/36/166 970/33/163
f 990/55/164 994/57/682 992/58/168 989/56/165
f 989/56/165 992/58/168 993/59/169 991/36/166
f 992/58/168 995/60/170 997/61/171 993/59/169
f 994/57/682 996/62/172 995/60/170 992/58/168
f 996/62/172 999/63/173 998/64/174 995/60/170
f 995/60/170 998/64/174 1001/65/175 997/61/171
f 999/63/173 1013/66/176 1000/67/177 998/64/174
f 998/64/174 1000/67/177 1002/68/178 1001/65/175
f 997/61/179 1001/65/180 1002/68/181 1004/69/182
f 1000/67/177 1011/70/183 1003/71/184 1002/68/178
f 1004/69/182 1002/68/181 1003/71/185 1006/72/186
f 1005/73/187 1004/69/182 1006/72/186 1007/74/188
f 993/59/189 997/61/179 1004/69/182 1005/73/187
f 1007/74/190 1006/72/191 1008/75/192 1009/76/193
f 1006/72/191 1003/71/194 1011/70/195 1008/75/192
f 1009/76/193 1008/75/192 1010/77/196 1017/78/197
f 1008/75/192 1011/70/195 1012/79/198 1010/77/196
f 1013/66/176 1012/79/199 1011/70/183 1000/67/177
f 1010/77/200 1012/79/201 1013/66/202 1014/80/203
f 1014/80/203 1013/66/202 999/63/204 996/62/205
f 1015/81/206 1014/80/203 996/62/205 994/57/207
f 1017/78/208 1010/77/200 1014/80/203 1015/81/206
f 1016/82/209 1015/81/206 994/57/207 990/55/210
f 1018/42/211 1017/78/208 1015/81/206 1016/82/209
f 975/39/138 1009/76/193 1017/78/197 1018/42/142
f 976/43/149 1018/42/211 1016/82/209 1019/47/150
f 1019/47/150 1016/82/209 990/55/210 986/53/159
f 973/38/137 1007/74/190 1009/76/193 975/39/138
f 971/37/134 1005/73/187 1007/74/188 973/38/135
f 991/36/133 993/59/189 1005/73/187 971/37/134
f 951/13/101 948/12/100 965/29/147 978/45/145
f 1020/83/212 1022/84/213 1036/85/214 1021/86/215
f 1023/87/216 1020/83/217 1021/86/218 1024/88/219
f 1025/89/220 1023/87/216 1024/88/219 1026/90/221
f 1027/91/222 1025/89/223 1026/90/224 1028/92/225
f 1029/93/226 1027/91/222 1028/92/225 1030/94/227
f 1031/95/228 1029/93/229 1030/94/230 1032/96/231
f 1033/97/232 1031/95/228 1032/96/231 1034/98/233
f 1022/84/213 1033/97/234 1034/98/235 1036/85/214
f 1036/85/214 1034/98/235 1035/99/236 1037/100/237
f 1034/98/233 1032/96/231 1057/101/238 1035/99/239
f 1021/86/215 1036/85/214 1037/100/237 1038/102/240
f 1037/100/237 1039/103/241 1041/104/242 1038/102/240
f 1035/99/236 1040/105/243 1039/103/241 1037/100/237
f 1040/105/243 1043/106/244 1042/107/245 1039/103/241
f 1039/103/241 1042/107/245 1045/108/246 1041/104/242
f 1043/106/244 1064/109/247 1044/110/248 1042/107/245
f 1042/107/245 1044/110/248 1046/111/249 1045/108/246
f 1045/108/250 1046/111/251 1048/112/252 1047/113/253
f 1041/104/254 1045/108/250 1047/113/253 1050/114/255
f 1047/113/253 1048/112/252 1074/115/256 1049/116/257
f 1050/114/255 1047/113/253 1049/116/257 1052/117/258
f 1038/102/259 1041/104/254 1050/114/255 1051/118/260
f 1051/118/260 1050/114/255 1052/117/258 1054/119/261
f 1054/119/262 1052/117/263 1053/120/264 1055/121/265
f 1052/117/263 1049/116/266 1076/122/267 1053/120/264
f 1028/92/225 1026/90/224 1054/119/262 1055/121/265
f 1026/90/221 1024/88/219 1051/118/260 1054/119/261
f 1030/94/227 1028/92/225 1055/121/265 1056/123/268
f 1055/121/265 1053/120/264 1058/124/269 1056/123/268
f 1032/96/231 1030/94/230 1056/123/270 1057/101/238
f 1056/123/270 1058/124/271 1060/125/272 1057/101/238
f 1053/120/264 1076/122/267 1059/126/273 1058/124/269
f 1058/124/271 1059/126/274 1061/127/275 1060/125/272
f 1057/101/238 1060/125/272 1040/105/276 1035/99/239
f 1060/125/272 1061/127/275 1043/106/277 1040/105/276
f 1059/126/274 1063/128/278 1062/129/279 1061/127/275
f 1061/127/275 1062/129/279 1064/109/280 1043/106/277
f 1063/128/278 1066/130/281 1065/131/282 1062/129/279
f 1062/129/279 1065/131/282 1068/132/283 1064/109/280
f 1066/130/281 1073/133/284 1067/134/285 1065/131/282
f 1065/131/282 1067/134/285 1069/135/286 1068/132/283
f 1064/109/247 1068/132/287 1069/135/288 1044/110/248
f 1044/110/248 1069/135/288 1070/136/289 1046/111/249
f 1067/134/285 1071/137/290 1070/136/291 1069/135/286
f 1046/111/251 1070/136/292 1071/137/293 1048/112/252
f 1073/133/284 1072/138/294 1071/137/290 1067/134/285
f 1048/112/252 1071/137/293 1072/138/295 1074/115/256
f 1074/115/296 1072/138/297 1073/133/298 1075/139/299
f 1049/116/266 1074/115/296 1075/139/299 1076/122/267
f 1076/122/267 1075/139/299 1063/128/300 1059/126/273
f 1075/139/299 1073/133/298 1066/130/301 1063/128/300
f 1024/88/219 1021/86/218 1038/102/259 1051/118/260
f 1080/140/302 1077/141/303 1078/142/304 1081/143/305
f 1077/141/306 1079/144/307 1093/145/308 1078/142/309
f 1082/146/310 1080/140/302 1081/143/305 1083/147/311
f 1084/148/312 1082/146/313 1083/147/686 1085/149/315
f 1086/150/316 1084/148/312 1085/149/315 1087/151/317
f 1088/152/318 1086/150/319 1087/151/320 1089/153/321
f 1090/154/322 1088/152/318 1089/153/321 1091/155/323
f 1079/144/307 1090/154/324 1091/155/325 1093/145/308
f 1091/155/323 1089/153/321 1117/156/326 1092/157/327
f 1093/145/308 1091/155/325 1092/157/328 1094/158/329
f 1078/142/309 1093/145/308 1094/158/329 1095/159/330
f 1094/158/329 1096/160/331 1098/161/332 1095/159/330
f 1092/157/328 1097/162/333 1096/160/331 1094/158/329
f 1097/162/333 1101/163/334 1099/164/335 1096/160/331
f 1096/160/331 1099/164/335 1100/165/336 1098/161/332
f 1102/166/337 1105/167/338 1100/165/339 1099/164/340
f 1103/168/341 1102/166/337 1099/164/340 1101/163/342
f 1116/169/343 1104/170/344 1102/166/337 1103/168/341
f 1104/170/344 1106/171/345 1105/167/338 1102/166/337
f 1098/161/346 1100/165/347 1105/167/348 1107/172/349
f 1107/172/349 1105/167/348 1106/171/350 1109/173/351
f 1108/174/352 1107/172/349 1109/173/351 1110/175/353
f 1095/159/687 1098/161/346 1107/172/349 1108/174/352
f 1110/175/355 1109/173/356 1111/176/357 1112/177/358
f 1109/173/356 1106/171/359 1104/170/360 1111/176/357
f 1112/177/358 1111/176/357 1113/178/361 1115/179/362
f 1111/176/357 1104/170/360 1116/169/363 1113/178/361
f 1113/178/364 1116/169/365 1103/168/366 1114/180/367
f 1115/179/368 1113/178/364 1114/180/367 1117/156/326
f 1089/153/321 1087/151/320 1115/179/368 1117/156/326
f 1087/151/317 1085/149/315 1112/177/358 1115/179/362
f 1117/156/326 1114/180/367 1097/162/369 1092/157/327
f 1114/180/367 1103/168/366 1101/163/370 1097/162/369
f 1085/149/315 1083/147/686 1110/175/355 1112/177/358
f 1083/147/311 1081/143/305 1108/174/352 1110/175/353
f 1081/143/305 1078/142/304 1095/159/687 1108/174/352
f 1121/181/371 1118/182/372 1119/183/373 1122/184/374
f 1118/182/375 1120/185/376 1134/186/377 1119/183/378
f 1123/187/379 1121/181/371 1122/184/374 1124/188/380
f 1125/189/381 1123/187/382 1124/188/383 1126/190/384
f 1127/191/385 1125/189/381 1126/190/384 1128/192/386
f 1129/193/387 1127/191/388 1128/192/389 1130/194/390
f 1131/195/391 1129/193/387 1130/194/390 1132/196/392
f 1120/185/376 1131/195/393 1132/196/394 1134/186/377
f 1132/196/392 1130/194/390 1155/197/395 1133/198/396
f 1134/186/377 1132/196/394 1133/198/397 1135/199/398
f 1119/183/378 1134/186/377 1135/199/398 1136/200/688
f 1135/199/398 1137/201/689 1139/202/401 1136/200/688
f 1133/198/397 1138/203/402 1137/201/689 1135/199/398
f 1138/203/402 1141/204/403 1140/205/404 1137/201/689
f 1137/201/689 1140/205/404 1143/206/405 1139/202/401
f 1141/204/403 1162/207/406 1142/208/407 1140/205/404
f 1140/205/404 1142/208/407 1144/209/408 1143/206/405
f 1143/206/409 1144/209/410 1146/210/411 1145/211/412
f 1139/202/413 1143/206/409 1145/211/412 1148/212/414
f 1145/211/412 1146/210/411 1172/213/415 1147/214/416
f 1148/212/414 1145/211/412 1147/214/416 1150/215/417
f 1149/216/418 1148/212/414 1150/215/417 1152/217/419
f 1136/200/420 1139/202/413 1148/212/414 1149/216/418
f 1150/215/421 1147/214/422 1174/218/423 1151/219/424
f 1152/217/425 1150/215/421 1151/219/424 1153/220/426
f 1126/190/384 1124/188/383 1152/217/425 1153/220/426
f 1124/188/380 1122/184/374 1149/216/418 1152/217/419
f 1153/220/426 1151/219/424 1156/221/427 1154/222/428
f 1128/192/386 1126/190/384 1153/220/426 1154/222/428
f 1154/222/429 1156/221/430 1158/223/431 1155/197/395
f 1130/194/390 1128/192/389 1154/222/429 1155/197/395
f 1151/219/424 1174/218/423 1157/224/432 1156/221/427
f 1156/221/430 1157/224/433 1159/225/434 1158/223/431
f 1155/197/395 1158/223/431 1138/203/435 1133/198/396
f 1158/223/431 1159/225/434 1141/204/436 1138/203/435
f 1157/224/433 1161/226/437 1160/227/438 1159/225/434
f 1159/225/434 1160/227/438 1162/207/439 1141/204/436
f 1161/226/437 1164/228/440 1163/229/441 1160/227/438
f 1160/227/438 1163/229/441 1166/230/442 1162/207/439
f 1164/228/440 1171/231/443 1165/232/444 1163/229/441
f 1163/229/441 1165/232/444 1167/233/445 1166/230/442
f 1162/207/406 1166/230/446 1167/233/447 1142/208/407
f 1165/232/444 1169/234/448 1168/235/449 1167/233/445
f 1142/208/407 1167/233/447 1168/235/450 1144/209/408
f 1144/209/410 1168/235/451 1169/234/452 1146/210/411
f 1171/231/443 1170/236/453 1169/234/448 1165/232/444
f 1146/210/411 1169/234/452 1170/236/454 1172/213/415
f 1172/213/455 1170/236/456 1171/231/457 1173/237/458
f 1147/214/422 1172/213/455 1173/237/458 1174/218/423
f 1174/218/423 1173/237/458 1161/226/459 1157/224/432
f 1173/237/458 1171/231/457 1164/228/460 1161/226/459
f 1122/184/374 1119/183/373 1136/200/420 1149/216/418
f 1178/238/461 1175/239/462 1176/240/463 1179/241/464
f 1175/239/465 1177/242/466 1191/243/467 1176/240/468
f 1180/244/469 1178/238/461 1179/241/464 1181/245/470
f 1182/246/471 1180/244/472 1181/245/473 1183/247/474
f 1184/248/475 1182/246/471 1183/247/474 1185/249/476
f 1186/250/477 1184/248/478 1185/249/479 1187/251/480
f 1188/252/481 1186/250/477 1187/251/480 1189/253/482
f 1177/242/466 1188/252/483 1189/253/484 1191/243/467
f 1189/253/482 1187/251/480 1231/254/485 1190/255/486
f 1191/243/467 1189/253/484 1190/255/487 1192/256/488
f 1176/240/468 1191/243/467 1192/256/488 1193/257/489
f 1192/256/488 1194/258/490 1196/259/491 1193/257/489
f 1190/255/487 1195/260/492 1194/258/490 1192/256/488
f 1195/260/492 1199/261/493 1197/262/494 1194/258/490
f 1194/258/490 1197/262/494 1198/263/495 1196/259/491
f 1197/262/494 1200/264/496 1202/265/497 1198/263/495
f 1199/261/493 1201/266/498 1200/264/496 1197/262/494
f 1201/266/498 1205/267/499 1203/268/500 1200/264/496
f 1200/264/496 1203/268/500 1204/269/501 1202/265/497
f 1206/270/502 1209/271/503 1204/269/504 1203/268/505
f 1207/272/506 1206/270/502 1203/268/505 1205/267/507
f 1220/273/508 1208/274/509 1206/270/502 1207/272/506
f 1208/274/509 1210/275/510 1209/271/503 1206/270/502
f 1202/265/511 1204/269/512 1209/271/513 1211/276/514
f 1211/276/514 1209/271/513 1210/275/515 1213/277/516
f 1212/278/517 1211/276/514 1213/277/516 1214/279/518
f 1198/263/519 1202/265/511 1211/276/514 1212/278/517
f 1214/279/520 1213/277/521 1215/280/522 1216/281/523
f 1213/277/521 1210/275/524 1208/274/525 1215/280/522
f 1216/281/523 1215/280/522 1217/282/526 1219/283/527
f 1215/280/522 1208/274/525 1220/273/528 1217/282/526
f 1217/282/529 1220/273/530 1207/272/531 1218/284/532
f 1219/283/533 1217/282/529 1218/284/532 1221/285/534
f 1222/286/535 1219/283/533 1221/285/534 1223/287/536
f 1225/288/537 1216/281/523 1219/283/527 1222/286/538
f 1224/289/539 1222/286/535 1223/287/536 1231/254/485
f 1226/290/540 1225/288/537 1222/286/538 1224/289/541
f 1228/291/542 1227/292/690 1225/288/537 1226/290/540
f 1227/292/690 1214/279/520 1216/281/523 1225/288/537
f 1230/293/544 1229/294/545 1227/292/546 1228/291/547
f 1229/294/545 1212/278/517 1214/279/518 1227/292/546
f 1193/257/548 1196/259/549 1229/294/545 1230/293/544
f 1196/259/549 1198/263/519 1212/278/517 1229/294/545
f 1181/245/470 1179/241/464 1230/293/544 1228/291/547
f 1179/241/464 1176/240/463 1193/257/548 1230/293/544
f 1183/247/474 1181/245/473 1228/291/542 1226/290/540
f 1185/249/476 1183/247/474 1226/290/540 1224/289/541
f 1187/251/480 1185/249/479 1224/289/539 1231/254/485
f 1231/254/485 1223/287/536 1195/260/550 1190/255/486
f 1223/287/536 1221/285/534 1199/261/551 1195/260/550
f 1221/285/534 1218/284/532 1201/266/552 1199/261/551
f 1218/284/532 1207/272/531 1205/267/553 1201/266/552
f 1235/295/554 1232/296/555 1233/297/556 1236/298/557
f 1232/296/558 1234/299/559 1248/300/560 1233/297/561
f 1237/301/562 1235/295/554 1236/298/557 1238/302/563
f 1239/303/564 1237/301/565 1238/302/566 1240/304/567
f 1241/305/691 1239/303/564 1240/304/567 1242/306/692
f 1243/307/570 1241/305/571 1242/306/572 1244/308/573
f 1245/309/574 1243/307/570 1244/308/573 1246/310/575
f 1234/299/559 1245/309/576 1246/310/577 1248/300/560
f 1246/310/575 1244/308/573 1272/311/578 1247/312/579
f 1248/300/560 1246/310/577 1247/312/580 1249/313/581
f 1233/297/561 1248/300/560 1249/313/581 1250/314/582
f 1249/313/581 1251/315/583 1253/316/584 1250/314/582
f 1247/312/580 1252/317/585 1251/315/583 1249/313/581
f 1252/317/585 1256/318/586 1254/319/587 1251/315/583
f 1251/315/583 1254/319/587 1255/320/588 1253/316/584
f 1257/321/589 1260/322/590 1255/320/591 1254/319/592
f 1258/323/593 1257/321/589 1254/319/592 1256/318/594
f 1271/324/595 1259/325/693 1257/321/589 1258/323/593
f 1259/325/693 1261/326/597 1260/322/590 1257/321/589
f 1253/316/598 1255/320/591 1260/322/590 1262/327/599
f 1262/327/599 1260/322/590 1261/326/597 1264/328/600
f 1263/329/601 1262/327/599 1264/328/600 1265/330/602
f 1250/314/603 1253/316/598 1262/327/599 1263/329/601
f 1265/330/604 1264/328/605 1266/331/606 1267/332/607
f 1264/328/605 1261/326/597 1259/325/693 1266/331/606
f 1267/332/607 1266/331/606 1268/333/608 1270/334/609
f 1266/331/606 1259/325/693 1271/324/595 1268/333/608
f 1268/333/610 1271/324/611 1258/323/612 1269/335/613
f 1270/334/614 1268/333/610 1269/335/613 1272/311/578
f 1244/308/573 1242/306/572 1270/334/614 1272/311/578
f 1242/306/692 1240/304/567 1267/332/607 1270/334/609
f 1272/311/578 1269/335/613 1252/317/615 1247/312/579
f 1269/335/613 1258/323/612 1256/318/616 1252/317/615
f 1240/304/567 1238/302/566 1265/330/604 1267/332/607
f 1238/302/563 1236/298/557 1263/329/601 1265/330/602
f 1236/298/557 1233/297/556 1250/314/603 1263/329/601
f 1323/336/617 1274/337/618 1278/337/619 1324/336/620
f 1326/336/621 1286/337/622 1290/337/623 1327/336/624
f 1327/336/624 1290/337/623 1294/337/625 1328/336/626
f 1328/336/626 1294/337/625 1298/337/627 1329/336/628
f 1329/336/628 1298/337/627 1302/337/629 1330/336/630
f 1330/336/630 1302/337/629 1306/337/631 1331/336/632
f 1331/336/632 1306/337/631 1310/337/633 1332/336/634
f 1332/336/634 1310/337/633 1314/337/635 1333/336/636
f 1333/336/636 1314/337/635 1318/337/637 1322/336/638
f 1324/336/620 1278/337/619 1282/337/639 1325/336/640
f 1325/336/640 1282/337/639 1286/337/622 1326/336/621
f 1322/336/638 1318/337/637 1274/337/618 1323/336/617
f 1278/337/619 1274/337/618 1277/338/641 1281/338/642
f 1281/338/642 1277/338/641 1276/339/643 1280/339/644
f 1280/339/644 1276/339/643 1275/340/645 1279/340/646
f 1279/340/646 1275/340/645 1273/341/647
f 1282/337/639 1278/337/619 1281/338/642 1285/338/648
f 1285/338/648 1281/338/642 1280/339/644 1284/339/649
f 1284/339/649 1280/339/644 1279/340/646 1283/340/650
f 1283/340/650 1279/340/646 1273/341/647
f 1286/337/622 1282/337/639 1285/338/648 1289/338/651
f 1289/338/651 1285/338/648 1284/339/649 1288/339/652
f 1288/339/652 1284/339/649 1283/340/650 1287/340/653
f 1287/340/653 1283/340/650 1273/341/647
f 1290/337/623 1286/337/622 1289/338/651 1293/338/654
f 1293/338/654 1289/338/651 1288/339/652 1292/339/655
f 1292/339/655 1288/339/652 1287/340/653 1291/340/656
f 1291/340/656 1287/340/653 1273/341/647
f 1294/337/625 1290/337/623 1293/338/654 1297/338/657
f 1297/338/657 1293/338/654 1292/339/655 1296/339/658
f 1296/339/658 1292/339/655 1291/340/656 1295/340/659
f 1295/340/659 1291/340/656 1273/341/647
f 1298/337/627 1294/337/625 1297/338/657 1301/338/660
f 1301/338/660 1297/338/657 1296/339/658 1300/339/661
f 1300/339/661 1296/339/658 1295/340/659 1299/340/662
f 1299/340/662 1295/340/659 1273/341/647
f 1302/337/629 1298/337/627 1301/338/660 1305/338/663
f 1305/338/663 1301/338/660 1300/339/661 1304/339/664
f 1304/339/664 1300/339/661 1299/340/662 1303/340/665
f 1303/340/665 1299/340/662 1273/341/647
f 1306/337/631 1302/337/629 1305/338/663 1309/338/666
f 1309/338/666 1305/338/663 1304/339/664 1308/339/667
f 1308/339/667 1304/339/664 1303/340/665 1307/340/668
f 1307/340/668 1303/340/665 1273/341/647
f 1310/337/633 1306/337/631 1309/338/666 1313/338/669
f 1313/338/669 1309/338/666 1308/339/667 1312/339/670
f 1312/339/670 1308/339/667 1307/340/668 1311/340/671
f 1311/340/671 1307/340/668 1273/341/647
f 1314/337/635 1310/337/633 1313/338/669 1317/338/672
f 1317/338/672 1313/338/669 1312/339/670 1316/339/673
f 1316/339/673 1312/339/670 1311/340/671 1315/340/674
f 1315/340/674 1311/340/671 1273/341/647
f 1318/337/637 1314/337/635 1317/338/672 1321/338/675
f 1321/338/675 1317/338/672 1316/339/673 1320/339/676
f 1320/339/676 1316/339/673 1315/340/674 1319/340/677
f 1319/340/677 1315/340/674 1273/341/647
f 1274/337/618 1318/337/637 1321/338/675 1277/338/641
f 1277/338/641 1321/338/675 1320/339/676 1276/339/643
f 1276/339/643 1320/339/676 1319/340/677 1275/340/645
f 1275/340/645 1319/340/677 1273/341/647
f 1337/10/678 1334/11/99 1335/12/100 1338/13/101
f 1334/11/102 1336/14/103 1350/15/104 1335/12/105
f 1339/16/106 1337/10/678 1338/13/101 1340/17/679
f 1341/18/108 1339/16/109 1340/17/110 1342/19/111
f 1343/20/112 1341/18/108 1342/19/111 1344/21/113
f 1345/22/114 1343/20/115 1344/21/116 1346/23/117
f 1347/24/118 1345/22/114 1346/23/117 1348/25/119
f 1336/14/103 1347/24/120 1348/25/121 1350/15/104
f 1348/25/119 1346/23/117 1371/26/122 1349/27/123
f 1350/15/104 1348/25/121 1349/27/124 1351/28/125
f 1335/12/105 1350/15/104 1351/28/125 1352/29/126
f 1351/28/125 1353/30/127 1355/31/128 1352/29/126
f 1349/27/124 1354/32/129 1353/30/127 1351/28/125
f 1354/32/129 1357/33/130 1356/34/131 1353/30/127
f 1353/30/127 1356/34/131 1359/35/132 1355/31/128
f 1357/33/130 1378/36/133 1358/37/134 1356/34/131
f 1356/34/131 1358/37/134 1360/38/135 1359/35/132
f 1359/35/136 1360/38/137 1362/39/138 1361/40/139
f 1355/31/140 1359/35/136 1361/40/139 1364/41/141
f 1361/40/139 1362/39/138 1405/42/142 1363/43/143
f 1364/41/141 1361/40/139 1363/43/143 1366/44/144
f 1365/45/145 1364/41/141 1366/44/144 1368/46/146
f 1352/29/147 1355/31/140 1364/41/141 1365/45/145
f 1366/44/148 1363/43/149 1406/47/150 1367/48/151
f 1368/46/152 1366/44/148 1367/48/151 1369/49/153
f 1342/19/111 1340/17/110 1368/46/152 1369/49/153
f 1340/17/679 1338/13/101 1365/45/145 1368/46/146
f 1369/49/153 1367/48/151 1372/50/154 1370/51/155
f 1344/21/113 1342/19/111 1369/49/153 1370/51/155
f 1370/51/156 1372/50/157 1374/52/158 1371/26/122
f 1346/23/117 1344/21/116 1370/51/156 1371/26/122
f 1367/48/151 1406/47/150 1373/53/159 1372/50/154
f 1372/50/157 1373/53/160 1375/54/161 1374/52/158
f 1371/26/122 1374/52/158 1354/32/162 1349/27/123
f 1374/52/158 1375/54/161 1357/33/163 1354/32/162
f 1373/53/160 1377/55/164 1376/56/165 1375/54/161
f 1375/54/161 1376/56/165 1378/36/166 1357/33/163
f 1377/55/164 1381/57/167 1379/58/168 1376/56/165
f 1376/56/165 1379/58/168 1380/59/169 1378/36/166
f 1379/58/168 1382/60/170 1384/61/171 1380/59/169
f 1381/57/167 1383/62/172 1382/60/170 1379/58/168
f 1383/62/172 1386/63/173 1385/64/174 1382/60/170
f 1382/60/170 1385/64/174 1388/65/175 1384/61/171
f 1386/63/173 1400/66/176 1387/67/177 1385/64/174
f 1385/64/174 1387/67/177 1389/68/178 1388/65/175
f 1384/61/179 1388/65/180 1389/68/181 1391/69/182
f 1387/67/177 1398/70/183 1390/71/184 1389/68/178
f 1391/69/182 1389/68/181 1390/71/185 1393/72/186
f 1392/73/187 1391/69/182 1393/72/186 1394/74/188
f 1380/59/189 1384/61/179 1391/69/182 1392/73/187
f 1394/74/190 1393/72/191 1395/75/192 1396/76/193
f 1393/72/191 1390/71/194 1398/70/195 1395/75/192
f 1396/76/193 1395/75/192 1397/77/196 1404/78/197
f 1395/75/192 1398/70/195 1399/79/198 1397/77/196
f 1400/66/176 1399/79/199 1398/70/183 1387/67/177
f 1397/77/200 1399/79/201 1400/66/202 1401/80/203
f 1401/80/203 1400/66/202 1386/63/204 1383/62/205
f 1402/81/206 1401/80/203 1383/62/205 1381/57/207
f 1404/78/208 1397/77/200 1401/80/203 1402/81/206
f 1403/82/209 1402/81/206 1381/57/207 1377/55/210
f 1405/42/211 1404/78/208 1402/81/206 1403/82/209
f 1362/39/138 1396/76/193 1404/78/197 1405/42/142
f 1363/43/149 1405/42/211 1403/82/209 1406/47/150
f 1406/47/150 1403/82/209 1377/55/210 1373/53/159
f 1360/38/137 1394/74/190 1396/76/193 1362/39/138
f 1358/37/134 1392/73/187 1394/74/188 1360/38/135
f 1378/36/133 1380/59/189 1392/73/187 1358/37/134
f 1338/13/101 1335/12/100 1352/29/147 1365/45/145
f 1407/83/212 1409/84/213 1423/85/214 1408/86/215
f 1410/87/216 1407/83/217 1408/86/218 1411/88/684
f 1412/89/220 1410/87/216 1411/88/684 1413/90/221
f 1414/91/222 1412/89/223 1413/90/224 1415/92/225
f 1416/93/226 1414/91/222 1415/92/225 1417/94/227
f 1418/95/228 1416/93/229 1417/94/230 1419/96/231
f 1420/97/232 1418/95/228 1419/96/231 1421/98/233
f 1409/84/213 1420/97/234 1421/98/235 1423/85/214
f 1423/85/214 1421/98/235 1422/99/236 1424/100/237
f 1421/98/233 1419/96/231 1444/101/238 1422/99/239
f 1408/86/215 1423/85/214 1424/100/237 1425/102/240
f 1424/100/237 1426/103/241 1428/104/242 1425/102/240
f 1422/99/236 1427/105/243 1426/103/241 1424/100/237
f 1427/105/243 1430/106/244 1429/107/245 1426/103/241
f 1426/103/241 1429/107/245 1432/108/246 1428/104/242
f 1430/106/244 1451/109/685 1431/110/248 1429/107/245
f 1429/107/245 1431/110/248 1433/111/249 1432/108/246
f 1432/108/250 1433/111/251 1435/112/252 1434/113/253
f 1428/104/254 1432/108/250 1434/113/253 1437/114/255
f 1434/113/253 1435/112/252 1461/115/256 1436/116/257
f 1437/114/255 1434/113/253 1436/116/257 1439/117/258
f 1425/102/259 1428/104/254 1437/114/255 1438/118/260
f 1438/118/260 1437/114/255 1439/117/258 1441/119/261
f 1441/119/262 1439/117/263 1440/120/264 1442/121/265
f 1439/117/263 1436/116/266 1463/122/267 1440/120/264
f 1415/92/225 1413/90/224 1441/119/262 1442/121/265
f 1413/90/221 1411/88/684 1438/118/260 1441/119/261
f 1417/94/227 1415/92/225 1442/121/265 1443/123/268
f 1442/121/265 1440/120/264 1445/124/269 1443/123/268
f 1419/96/231 1417/94/230 1443/123/270 1444/101/238
f 1443/123/270 1445/124/271 1447/125/272 1444/101/238
f 1440/120/264 1463/122/267 1446/126/273 1445/124/269
f 1445/124/271 1446/126/274 1448/127/275 1447/125/272
f 1444/101/238 1447/125/272 1427/105/276 1422/99/239
f 1447/125/272 1448/127/275 1430/106/277 1427/105/276
f 1446/126/274 1450/128/278 1449/129/279 1448/127/275
f 1448/127/275 1449/129/279 1451/109/280 1430/106/277
f 1450/128/278 1453/130/281 1452/131/282 1449/129/279
f 1449/129/279 1452/131/282 1455/132/283 1451/109/280
f 1453/130/281 1460/133/284 1454/134/285 1452/131/282
f 1452/131/282 1454/134/285 1456/135/286 1455/132/283
f 1451/109/685 1455/132/287 1456/135/288 1431/110/248
f 1431/110/248 1456/135/288 1457/136/289 1433/111/249
f 1454/134/285 1458/137/290 1457/136/291 1456/135/286
f 1433/111/251 1457/136/292 1458/137/293 1435/112/252
f 1460/133/284 1459/138/294 1458/137/290 1454/134/285
f 1435/112/252 1458/137/293 1459/138/295 1461/115/256
f 1461/115/296 1459/138/297 1460/133/298 1462/139/299
f 1436/116/266 1461/115/296 1462/139/299 1463/122/267
f 1463/122/267 1462/139/299 1450/128/300 1446/126/273
f 1462/139/299 1460/133/298 1453/130/301 1450/128/300
f 1411/88/684 1408/86/218 1425/102/259 1438/118/260
f 1467/140/302 1464/141/303 1465/142/304 1468/143/305
f 1464/141/306 1466/144/307 1480/145/308 1465/142/309
f 1469/146/310 1467/140/302 1468/143/305 1470/147/311
f 1471/148/312 1469/146/313 1470/147/686 1472/149/315
f 1473/150/316 1471/148/312 1472/149/315 1474/151/317
f 1475/152/318 1473/150/694 1474/151/320 1476/153/321
f 1477/154/322 1475/152/318 1476/153/321 1478/155/323
f 1466/144/307 1477/154/324 1478/155/325 1480/145/308
f 1478/155/323 1476/153/321 1504/156/326 1479/157/327
f 1480/145/308 1478/155/325 1479/157/328 1481/158/329
f 1465/142/309 1480/145/308 1481/158/329 1482/159/330
f 1481/158/329 1483/160/331 1485/161/332 1482/159/330
f 1479/157/328 1484/162/333 1483/160/331 1481/158/329
f 1484/162/333 1488/163/334 1486/164/335 1483/160/331
f 1483/160/331 1486/164/335 1487/165/336 1485/161/332
f 1489/166/337 1492/167/338 1487/165/339 1486/164/340
f 1490/168/341 1489/166/337 1486/164/340 1488/163/342
f 1503/169/343 1491/170/344 1489/166/337 1490/168/341
f 1491/170/344 1493/171/345 1492/167/338 1489/166/337
f 1485/161/346 1487/165/347 1492/167/348 1494/172/349
f 1494/172/349 1492/167/348 1493/171/350 1496/173/351
f 1495/174/352 1494/172/349 1496/173/351 1497/175/353
f 1482/159/687 1485/161/346 1494/172/349 1495/174/352
f 1497/175/355 1496/173/356 1498/176/357 1499/177/358
f 1496/173/356 1493/171/359 1491/170/360 1498/176/357
f 1499/177/358 1498/176/357 1500/178/361 1502/179/362
f 1498/176/357 1491/170/360 1503/169/363 1500/178/361
f 1500/178/364 1503/169/365 1490/168/366 1501/180/367
f 1502/179/368 1500/178/364 1501/180/367 1504/156/326
f 1476/153/321 1474/151/320 1502/179/368 1504/156/326
f 1474/151/317 1472/149/315 1499/177/358 1502/179/362
f 1504/156/326 1501/180/367 1484/162/369 1479/157/327
f 1501/180/367 1490/168/366 1488/163/370 1484/162/369
f 1472/149/315 1470/147/686 1497/175/355 1499/177/358
f 1470/147/311 1468/143/305 1495/174/352 1497/175/353
f 1468/143/305 1465/142/304 1482/159/687 1495/174/352
f 1508/181/371 1505/182/372 1506/183/373 1509/184/374
f 1505/182/375 1507/185/376 1521/186/377 1506/183/695
f 1510/187/379 1508/181/371 1509/184/374 1511/188/380
f 1512/189/381 1510/187/382 1511/188/383 1513/190/384
f 1514/191/385 1512/189/381 1513/190/384 1515/192/386
f 1516/193/387 1514/191/388 1515/192/389 1517/194/390
f 1518/195/391 1516/193/387 1517/194/390 1519/196/392
f 1507/185/376 1518/195/393 1519/196/394 1521/186/377
f 1519/196/392 1517/194/390 1542/197/395 1520/198/396
f 1521/186/377 1519/196/394 1520/198/397 1522/199/398
f 1506/183/695 1521/186/377 1522/199/398 1523/200/399
f 1522/199/398 1524/201/400 1526/202/401 1523/200/399
f 1520/198/397 1525/203/402 1524/201/400 1522/199/398
f 1525/203/402 1528/204/403 1527/205/404 1524/201/400
f 1524/201/400 1527/205/404 1530/206/405 1526/202/401
f 1528/204/403 1549/207/406 1529/208/407 1527/205/404
f 1527/205/404 1529/208/407 1531/209/408 1530/206/405
f 1530/206/409 1531/209/410 1533/210/411 1532/211/412
f 1526/202/413 1530/206/409 1532/211/412 1535/212/414
f 1532/211/412 1533/210/411 1559/213/415 1534/214/416
f 1535/212/414 1532/211/412 1534/214/416 1537/215/417
f 1536/216/418 1535/212/414 1537/215/417 1539/217/419
f 1523/200/420 1526/202/413 1535/212/414 1536/216/418
f 1537/215/421 1534/214/422 1561/218/423 1538/219/424
f 1539/217/425 1537/215/421 1538/219/424 1540/220/426
f 1513/190/384 1511/188/383 1539/217/425 1540/220/426
f 1511/188/380 1509/184/374 1536/216/418 1539/217/419
f 1540/220/426 1538/219/424 1543/221/427 1541/222/428
f 1515/192/386 1513/190/384 1540/220/426 1541/222/428
f 1541/222/429 1543/221/430 1545/223/431 1542/197/395
f 1517/194/390 1515/192/389 1541/222/429 1542/197/395
f 1538/219/424 1561/218/423 1544/224/432 1543/221/427
f 1543/221/430 1544/224/433 1546/225/434 1545/223/431
f 1542/197/395 1545/223/431 1525/203/435 1520/198/396
f 1545/223/431 1546/225/434 1528/204/436 1525/203/435
f 1544/224/433 1548/226/437 1547/227/438 1546/225/434
f 1546/225/434 1547/227/438 1549/207/439 1528/204/436
f 1548/226/437 1551/228/440 1550/229/441 1547/227/438
f 1547/227/438 1550/229/441 1553/230/442 1549/207/439
f 1551/228/440 1558/231/443 1552/232/444 1550/229/441
f 1550/229/441 1552/232/444 1554/233/445 1553/230/442
f 1549/207/406 1553/230/446 1554/233/447 1529/208/407
f 1552/232/444 1556/234/448 1555/235/449 1554/233/445
f 1529/208/407 1554/233/447 1555/235/450 1531/209/408
f 1531/209/410 1555/235/451 1556/234/452 1533/210/411
f 1558/231/443 1557/236/453 1556/234/448 1552/232/444
f 1533/210/411 1556/234/452 1557/236/454 1559/213/415
f 1559/213/455 1557/236/456 1558/231/457 1560/237/458
f 1534/214/422 1559/213/455 1560/237/458 1561/218/423
f 1561/218/423 1560/237/458 1548/226/459 1544/224/432
f 1560/237/458 1558/231/457 1551/228/460 1548/226/459
f 1509/184/374 1506/183/373 1523/200/420 1536/216/418
f 1565/238/461 1562/239/462 1563/240/463 1566/241/464
f 1562/239/465 1564/242/466 1578/243/467 1563/240/468
f 1567/244/469 1565/238/461 1566/241/464 1568/245/470
f 1569/246/471 1567/244/472 1568/245/473 1570/247/474
f 1571/248/475 1569/246/471 1570/247/474 1572/249/476
f 1573/250/477 1571/248/478 1572/249/479 1574/251/480
f 1575/252/481 1573/250/477 1574/251/480 1576/253/482
f 1564/242/466 1575/252/483 1576/253/484 1578/243/467
f 1576/253/482 1574/251/480 1618/254/485 1577/255/486
f 1578/243/467 1576/253/484 1577/255/487 1579/256/488
f 1563/240/468 1578/243/467 1579/256/488 1580/257/489
f 1579/256/488 1581/258/490 1583/259/491 1580/257/489
f 1577/255/487 1582/260/492 1581/258/490 1579/256/488
f 1582/260/492 1586/261/493 1584/262/494 1581/258/490
f 1581/258/490 1584/262/494 1585/263/495 1583/259/491
f 1584/262/494 1587/264/496 1589/265/497 1585/263/495
f 1586/261/493 1588/266/498 1587/264/496 1584/262/494
f 1588/266/498 1592/267/499 1590/268/500 1587/264/496
f 1587/264/496 1590/268/500 1591/269/501 1589/265/497
f 1593/270/502 1596/271/503 1591/269/696 1590/268/505
f 1594/272/506 1593/270/502 1590/268/505 1592/267/507
f 1607/273/508 1595/274/509 1593/270/502 1594/272/506
f 1595/274/509 1597/275/510 1596/271/503 1593/270/502
f 1589/265/511 1591/269/512 1596/271/513 1598/276/514
f 1598/276/514 1596/271/513 1597/275/515 1600/277/516
f 1599/278/517 1598/276/514 1600/277/516 1601/279/518
f 1585/263/519 1589/265/511 1598/276/514 1599/278/517
f 1601/279/520 1600/277/521 1602/280/697 1603/281/523
f 1600/277/521 1597/275/524 1595/274/525 1602/280/697
f 1603/281/523 1602/280/697 1604/282/526 1606/283/527
f 1602/280/697 1595/274/525 1607/273/528 1604/282/526
f 1604/282/529 1607/273/530 1594/272/531 1605/284/532
f 1606/283/533 1604/282/529 1605/284/532 1608/285/534
f 1609/286/535 1606/283/533 1608/285/534 1610/287/536
f 1612/288/537 1603/281/523 1606/283/527 1609/286/538
f 1611/289/539 1609/286/535 1610/287/536 1618/254/485
f 1613/290/540 1612/288/537 1609/286/538 1611/289/541
f 1615/291/542 1614/292/543 1612/288/537 1613/290/540
f 1614/292/543 1601/279/520 1603/281/523 1612/288/537
f 1617/293/544 1616/294/545 1614/292/546 1615/291/547
f 1616/294/545 1599/278/517 1601/279/518 1614/292/546
f 1580/257/548 1583/259/549 1616/294/545 1617/293/544
f 1583/259/549 1585/263/519 1599/278/517 1616/294/545
f 1568/245/470 1566/241/464 1617/293/544 1615/291/547
f 1566/241/464 1563/240/463 1580/257/548 1617/293/544
f 1570/247/474 1568/245/473 1615/291/542 1613/290/540
f 1572/249/476 1570/247/474 1613/290/540 1611/289/541
f 1574/251/480 1572/249/479 1611/289/539 1618/254/485
f 1618/254/485 1610/287/536 1582/260/550 1577/255/486
f 1610/287/536 1608/285/534 1586/261/551 1582/260/550
f 1608/285/534 1605/284/532 1588/266/552 1586/261/551
f 1605/284/532 1594/272/531 1592/267/553 1588/266/552
f 1622/295/554 1619/296/698 1620/297/556 1623/298/557
f 1619/296/558 1621/299/559 1635/300/560 1620/297/561
f 1624/301/562 1622/295/554 1623/298/557 1625/302/563
f 1626/303/564 1624/301/565 1625/302/566 1627/304/567
f 1628/305/568 1626/303/564 1627/304/567 1629/306/569
f 1630/307/570 1628/305/571 1629/306/572 1631/308/573
f 1632/309/574 1630/307/570 1631/308/573 1633/310/575
f 1621/299/559 1632/309/576 1633/310/577 1635/300/560
f 1633/310/575 1631/308/573 1659/311/578 1634/312/579
f 1635/300/560 1633/310/577 1634/312/580 1636/313/581
f 1620/297/561 1635/300/560 1636/313/581 1637/314/582
f 1636/313/581 1638/315/583 1640/316/584 1637/314/582
f 1634/312/580 1639/317/585 1638/315/583 1636/313/581
f 1639/317/585 1643/318/586 1641/319/587 1638/315/583
f 1638/315/583 1641/319/587 1642/320/588 1640/316/584
f 1644/321/589 1647/322/590 1642/320/591 1641/319/592
f 1645/323/593 1644/321/589 1641/319/592 1643/318/594
f 1658/324/595 1646/325/596 1644/321/589 1645/323/593
f 1646/325/596 1648/326/597 1647/322/590 1644/321/589
f 1640/316/598 1642/320/591 1647/322/590 1649/327/599
f 1649/327/599 1647/322/590 1648/326/597 1651/328/600
f 1650/329/699 1649/327/599 1651/328/600 1652/330/602
f 1637/314/603 1640/316/598 1649/327/599 1650/329/699
f 1652/330/604 1651/328/605 1653/331/606 1654/332/607
f 1651/328/605 1648/326/597 1646/325/596 1653/331/606
f 1654/332/607 1653/331/606 1655/333/608 1657/334/609
f 1653/331/606 1646/325/596 1658/324/595 1655/333/608
f 1655/333/610 1658/324/611 1645/323/612 1656/335/613
f 1657/334/614 1655/333/610 1656/335/613 1659/311/578
f 1631/308/573 1629/306/572 1657/334/614 1659/311/578
f 1629/306/569 1627/304/567 1654/332/607 1657/334/609
f 1659/311/578 1656/335/613 1639/317/615 1634/312/579
f 1656/335/613 1645/323/612 1643/318/616 1639/317/615
f 1627/304/567 1625/302/566 1652/330/604 1654/332/607
f 1625/302/563 1623/298/557 1650/329/699 1652/330/602
f 1623/298/557 1620/297/556 1637/314/603 1650/329/699
f 1710/336/617 1661/337/618 1665/337/619 1711/336/620
f 1713/336/621 1673/337/622 1677/337/623 1714/336/624
f 1714/336/624 1677/337/623 1681/337/625 1715/336/626
f 1715/336/626 1681/337/625 1685/337/627 1716/336/628
f 1716/336/628 1685/337/627 1689/337/629 1717/336/630
f 1717/336/630 1689/337/629 1693/337/631 1718/336/632
f 1718/336/632 1693/337/631 1697/337/633 1719/336/634
f 1719/336/634 1697/337/633 1701/337/635 1720/336/636
f 1720/336/636 1701/337/635 1705/337/637 1709/336/638
f 1711/336/620 1665/337/619 1669/337/639 1712/336/640
f 1712/336/640 1669/337/639 1673/337/622 1713/336/621
f 1709/336/638 1705/337/637 1661/337/618 1710/336/617
f 1665/337/619 1661/337/618 1664/338/641 1668/338/642
f 1668/338/642 1664/338/641 1663/339/643 1667/339/644
f 1667/339/644 1663/339/643 1662/340/645 1666/340/646
f 1666/340/646 1662/340/645 1660/341/647
f 1669/337/639 1665/337/619 1668/338/642 1672/338/648
f 1672/338/648 1668/338/642 1667/339/644 1671/339/649
f 1671/339/649 1667/339/644 1666/340/646 1670/340/650
f 1670/340/650 1666/340/646 1660/341/647
f 1673/337/622 1669/337/639 1672/338/648 1676/338/651
f 1676/338/651 1672/338/648 1671/339/649 1675/339/652
f 1675/339/652 1671/339/649 1670/340/650 1674/340/653
f 1674/340/653 1670/340/650 1660/341/647
f 1677/337/623 1673/337/622 1676/338/651 1680/338/654
f 1680/338/654 1676/338/651 1675/339/652 1679/339/655
f 1679/339/655 1675/339/652 1674/340/653 1678/340/656
f 1678/340/656 1674/340/653 1660/341/647
f 1681/337/625 1677/337/623 1680/338/654 1684/338/657
f 1684/338/657 1680/338/654 1679/339/655 1683/339/658
f 1683/339/658 1679/339/655 1678/340/656 1682/340/659
f 1682/340/659 1678/340/656 1660/341/647
f 1685/337/627 1681/337/625 1684/338/657 1688/338/660
f 1688/338/660 1684/338/657 1683/339/658 1687/339/661
f 1687/339/661 1683/339/658 1682/340/659 1686/340/662
f 1686/340/662 1682/340/659 1660/341/647
f 1689/337/629 1685/337/627 1688/338/660 1692/338/663
f 1692/338/663 1688/338/660 1687/339/661 1691/339/664
f 1691/339/664 1687/339/661 1686/340/662 1690/340/665
f 1690/340/665 1686/340/662 1660/341/647
f 1693/337/631 1689/337/629 1692/338/663 1696/338/666
f 1696/338/666 1692/338/663 1691/339/664 1695/339/667
f 1695/339/667 1691/339/664 1690/340/665 1694/340/668
f 1694/340/668 1690/340/665 1660/341/647
f 1697/337/633 1693/337/631 1696/338/666 1700/338/669
f 1700/338/669 1696/338/666 1695/339/667 1699/339/670
f 1699/339/670 1695/339/667 1694/340/668 1698/340/671
f 1698/340/671 1694/340/668 1660/341/647
f 1701/337/635 1697/337/633 1700/338/669 1704/338/672
f 1704/338/672 1700/338/669 1699/339/670 1703/339/673
f 1703/339/673 1699/339/670 1698/340/671 1702/340/674
f 1702/340/674 1698/340/671 1660/341/647
f 1705/337/637 1701/337/635 1704/338/672 1708/338/675
f 1708/338/675 1704/338/672 1703/339/673 1707/339/676
f 1707/339/676 1703/339/673 1702/340/674 1706/340/677
f 1706/340/677 1702/340/674 1660/341/647
f 1661/337/618 1705/337/637 1708/338/675 1664/338/641
f 1664/338/641 1708/338/675 1707/339/676 1663/339/643
f 1663/339/643 1707/339/676 1706/340/677 1662/340/645
f 1662/340/645 1706/340/677 1660/341/647
