# Blender 5.0.0 Release Candidate
# www.blender.org
mtllib carrot_sprout.mtl
o _3D_Tile_Farm_Field_01
v -0.900000 0.000000 0.900000
v -0.970711 0.029289 0.900000
v -0.957735 0.042265 0.957735
v -0.900000 0.029289 0.970711
v -0.900000 0.100000 1.000000
v -0.970711 0.100000 0.970711
v -0.433333 0.029289 0.970711
v -0.433333 0.100000 1.000000
v -0.433333 0.000000 0.900000
v -0.900000 -0.000000 -0.900000
v -0.333333 0.029289 0.970711
v -0.333333 0.000000 0.900000
v -0.433333 1.874608 1.000000
v -0.333333 0.100000 1.000000
v -0.233333 0.029289 0.970711
v -0.333333 1.874608 1.000000
v -0.233333 0.100000 1.000000
v -0.433333 1.900000 1.000000
v -0.333333 1.900000 1.000000
v -0.900000 1.874608 1.000000
v -0.233333 0.000000 0.900000
v -0.970711 1.874608 0.970711
v -0.900000 1.900000 1.000000
v -0.433333 1.970711 0.970711
v -0.970711 1.900000 0.970711
v -1.000000 1.874608 0.900000
v -1.000000 1.900000 0.900000
v -0.957735 1.957735 0.957735
v -0.970711 1.970711 0.900000
v -1.000000 1.900000 -0.900000
v -0.970711 1.970710 -0.900000
v -0.900000 1.970711 0.970711
v -1.000000 0.100000 0.900000
v -0.433333 2.000000 0.900000
v -0.375598 1.957735 0.957735
v -0.362622 1.970711 0.900000
v -0.900000 2.000000 0.900000
v -0.970711 0.029289 -0.900000
v -1.000000 0.100000 -0.900000
v -1.000000 1.874608 -0.900000
v -0.970711 1.899999 -0.970710
v -0.957735 1.957735 -0.957735
v -0.900000 2.000000 -0.900000
v -0.900000 1.970710 -0.970710
v -0.970711 1.874608 -0.970710
v -0.433333 2.000000 -0.900000
v -0.900000 1.900000 -1.000000
v -0.433333 1.970710 -0.970710
v -0.362622 1.970710 -0.900000
v -0.375598 1.957735 -0.957735
v -0.433333 1.900000 -1.000000
v -0.362622 1.899999 -0.970710
v -0.333333 1.900000 -0.900000
v -0.333333 1.900000 -1.000000
v -0.304044 1.899999 -0.970710
v -0.233333 1.900000 -1.000000
v -0.333333 1.900000 0.900000
v -0.304044 1.970711 0.900000
v -0.291068 1.957735 -0.957735
v -0.304044 1.970710 -0.900000
v -0.233333 2.000000 0.900000
v -0.233333 1.999999 -0.900000
v -0.233333 1.970710 -0.970710
v 0.233334 1.970710 -0.970710
v 0.233334 2.000000 -0.900000
v 0.233334 1.900000 -1.000000
v -0.233333 1.874608 -1.000000
v 0.233334 1.874608 -1.000000
v 0.333333 1.900000 -1.000000
v -0.333333 1.874608 -1.000000
v 0.333333 1.874608 -1.000000
v 0.433334 1.900000 -1.000000
v -0.433333 1.874608 -1.000000
v -0.333333 0.100000 -1.000000
v -0.233333 0.100000 -1.000000
v 0.233333 0.100000 -1.000000
v -0.433333 0.100000 -1.000000
v 0.433334 1.874608 -1.000000
v 0.333333 0.100000 -1.000000
v 0.233333 0.029289 -0.970711
v 0.900000 1.900000 -1.000000
v 0.433334 1.970710 -0.970710
v 0.900000 1.970710 -0.970710
v 0.433334 2.000000 -0.900000
v -0.900000 0.100000 -1.000000
v -0.433333 0.029289 -0.970711
v -0.333333 0.029289 -0.970711
v -0.233333 0.029289 -0.970711
v -0.900000 1.874608 -1.000000
v -0.433333 -0.000000 -0.900000
v -0.333333 -0.000000 -0.900000
v -0.900000 0.029289 -0.970711
v -0.957735 0.042265 -0.957735
v -0.970711 0.100000 -0.970711
v -0.233333 -0.000000 -0.900000
v 0.233333 -0.000000 -0.900000
v 0.233333 0.000000 0.900000
v 0.333333 0.029289 -0.970711
v 0.233333 0.029289 0.970711
v 0.333333 -0.000000 -0.900000
v 0.433333 0.100000 -1.000000
v 0.233333 0.100000 1.000000
v 0.333333 0.000000 0.900000
v 0.433333 0.029289 -0.970711
v 0.900000 1.874608 -1.000000
v 0.333333 0.029289 0.970711
v 0.433333 -0.000000 -0.900000
v 0.433333 0.000000 0.900000
v 0.900000 0.029289 -0.970711
v 0.900000 -0.000000 -0.900000
v 0.900000 0.100000 -1.000000
v 0.900000 0.000000 0.900000
v 0.957735 0.042265 -0.957735
v 0.970711 0.029289 -0.900000
v 0.970711 0.100000 -0.970711
v 0.970711 1.874608 -0.970710
v 0.970711 0.029289 0.900000
v 1.000000 0.100000 -0.900000
v 0.957735 0.042265 0.957735
v 0.900000 0.029289 0.970711
v 1.000000 0.100000 0.900000
v 0.970711 0.100000 0.970711
v 1.000000 1.874608 -0.900000
v 0.970711 1.899999 -0.970710
v 1.000000 1.900000 -0.900000
v 0.957735 1.957735 -0.957735
v 0.900000 2.000000 -0.900000
v 0.970711 1.970710 -0.900000
v 1.000000 1.874608 0.900000
v 1.000000 1.900000 0.900000
v 0.970711 1.874608 0.970711
v 0.970711 1.970711 0.900000
v 0.970711 1.900000 0.970711
v 0.957735 1.957735 0.957735
v 0.900000 2.000000 0.900000
v 0.900000 1.970711 0.970711
v 0.900000 1.900000 1.000000
v 0.900000 1.874608 1.000000
v 0.433334 2.000000 0.900000
v 0.433333 1.970711 0.970711
v 0.433334 1.900000 1.000000
v 0.375599 1.957735 0.957735
v 0.362623 1.970711 0.900000
v 0.333334 1.900000 0.900000
v 0.362623 1.900000 0.970711
v 0.362623 1.970710 -0.900000
v 0.333334 1.900000 -0.900000
v 0.375599 1.957735 -0.957735
v 0.304044 1.970711 0.900000
v 0.362623 1.899999 -0.970710
v 0.304044 1.970710 -0.900000
v 0.333333 1.900000 1.000000
v 0.304044 1.900000 0.970711
v 0.233334 1.900000 1.000000
v 0.291069 1.957735 0.957735
v 0.233334 1.970711 0.970711
v 0.233334 2.000000 0.900000
v 0.291069 1.957735 -0.957735
v 0.304044 1.899999 -0.970710
v -0.233333 1.970711 0.970711
v -0.233333 1.900000 1.000000
v -0.291068 1.957735 0.957735
v -0.304044 1.900000 0.970711
v -0.362622 1.900000 0.970711
v 0.433333 0.029289 0.970711
v 0.900000 0.100000 1.000000
v 0.333333 0.100000 1.000000
v 0.433333 0.100000 1.000000
v 0.233334 1.874608 1.000000
v 0.433334 1.874608 1.000000
v 0.333333 1.874608 1.000000
v -0.233333 1.874608 1.000000
vn -0.1794 -0.9673 0.1794
vn -0.5774 -0.5774 0.5774
vn -0.6965 -0.6965 0.1726
vn -0.1725 -0.6965 0.6965
vn -0.1794 -0.1794 0.9673
vn -0.6965 -0.1726 0.6965
vn -0.0000 -0.7071 0.7071
vn -0.0000 -0.1951 0.9808
vn -0.0000 -0.9808 0.1951
vn -0.1794 -0.9673 -0.1794
vn -0.0000 -0.0000 1.0000
vn 0.0765 0.2406 0.9676
vn -0.1951 -0.0000 0.9808
vn -0.7071 -0.0000 0.7071
vn -0.1794 0.1794 0.9673
vn 0.1725 0.6965 0.6965
vn -0.6965 0.1725 0.6965
vn -0.9808 -0.0000 0.1951
vn -0.9673 0.1794 0.1794
vn -0.5774 0.5773 0.5774
vn -0.6965 0.6965 0.1726
vn -0.9673 0.1794 -0.1794
vn -0.6965 0.6965 -0.1726
vn -0.1725 0.6965 0.6965
vn -0.9673 -0.1794 0.1794
vn 0.1794 0.9673 0.1794
vn 0.5774 0.5773 0.5774
vn 0.6965 0.6965 0.1726
vn -0.1794 0.9673 0.1794
vn -0.6965 -0.6965 -0.1726
vn -0.9673 -0.1794 -0.1794
vn -0.9808 -0.0000 -0.1951
vn -0.6965 0.1725 -0.6965
vn -0.5773 0.5774 -0.5774
vn -0.1794 0.9673 -0.1794
vn -0.1725 0.6965 -0.6965
vn -0.7071 -0.0000 -0.7071
vn 0.1794 0.9673 -0.1794
vn -0.1794 0.1794 -0.9673
vn 0.1725 0.6965 -0.6965
vn 0.6965 0.6965 -0.1726
vn 0.5773 0.5773 -0.5774
vn 0.0765 0.2406 -0.9676
vn 0.3223 0.8900 -0.3224
vn -0.0000 0.9530 -0.3029
vn -0.0000 1.0000 -0.0000
vn -0.3223 0.8901 -0.3223
vn -0.0765 0.2406 -0.9676
vn -0.0000 0.9530 0.3029
vn -0.0000 -0.0000 -1.0000
vn -0.0000 -0.1951 -0.9808
vn -0.0000 -0.7071 -0.7071
vn 0.1794 0.1794 -0.9673
vn -0.1794 -0.1794 -0.9673
vn -0.1951 -0.0000 -0.9808
vn -0.0000 -0.9808 -0.1951
vn -0.1725 -0.6965 -0.6965
vn -0.5774 -0.5774 -0.5774
vn -0.6965 -0.1726 -0.6965
vn 0.1951 -0.0000 -0.9808
vn 0.1725 -0.6965 -0.6965
vn 0.1794 -0.9673 -0.1794
vn 0.1794 -0.1794 -0.9673
vn 0.1794 -0.9673 0.1794
vn 0.5774 -0.5774 -0.5774
vn 0.6965 -0.6965 -0.1726
vn 0.6965 -0.1726 -0.6965
vn 0.7071 -0.0000 -0.7071
vn 0.6965 -0.6965 0.1726
vn 0.9673 -0.1794 -0.1794
vn 0.5774 -0.5774 0.5774
vn 0.1725 -0.6965 0.6965
vn 0.9673 -0.1794 0.1794
vn 0.6965 -0.1726 0.6965
vn 0.9808 -0.0000 -0.1951
vn 0.6965 0.1725 -0.6965
vn 0.9673 0.1794 -0.1794
vn 0.5773 0.5774 -0.5774
vn 0.9808 -0.0000 0.1951
vn 0.9673 0.1794 0.1794
vn 0.7071 -0.0000 0.7071
vn 0.6965 0.1726 0.6965
vn 0.1794 0.1794 0.9673
vn 0.1951 -0.0000 0.9808
vn -0.0765 0.2406 0.9676
vn -0.5774 0.5773 0.5773
vn -0.3223 0.8901 0.3223
vn -0.5773 0.5773 -0.5774
vn -0.3224 0.8900 -0.3224
vn 0.3223 0.8901 0.3223
vn 0.5774 0.5773 0.5773
vn 0.5774 0.5773 -0.5774
vn 0.3224 0.8900 -0.3224
vn -0.5774 0.5774 0.5774
vn -0.3224 0.8900 0.3223
vn 0.3223 0.8900 0.3224
vn 0.1794 -0.1794 0.9673
vt 0.083029 0.053703
vt 0.083038 0.053793
vt 0.083035 0.053766
vt 0.083050 0.053918
vt 0.083435 0.057764
vt 0.083439 0.057808
vt 0.083451 0.057931
vt 0.083449 0.057909
vt 0.083456 0.057982
s 1
usemtl Color_Palette_01.007
f 1/1/1 3/2/2 2/3/3
f 1/1/1 4/3/4 3/2/2
f 5/4/5 3/2/2 4/3/4
f 5/4/5 6/4/6 3/2/2
f 1/1/1 7/3/7 4/3/4
f 4/3/4 8/4/8 5/4/5
f 4/3/4 7/3/7 8/4/8
f 1/1/1 9/1/9 7/3/7
f 10/1/10 9/1/9 1/1/1
f 11/3/7 8/4/8 7/3/7
f 12/1/9 7/3/7 9/1/9
f 12/1/9 11/3/7 7/3/7
f 13/5/11 5/4/5 8/4/8
f 11/3/7 14/4/8 8/4/8
f 13/5/11 8/4/8 14/4/8
f 15/3/7 14/4/8 11/3/7
f 13/5/11 14/4/8 16/5/11
f 15/3/7 17/4/8 14/4/8
f 18/6/12 13/5/11 16/5/11
f 18/6/12 16/5/11 19/6/11
f 13/5/11 20/5/13 5/4/5
f 18/6/12 20/5/13 13/5/11
f 21/1/9 11/3/7 12/1/9
f 21/1/9 15/3/7 11/3/7
f 5/4/5 20/5/13 22/5/14
f 5/4/5 22/5/14 6/4/6
f 18/6/12 23/6/15 20/5/13
f 24/7/16 23/6/15 18/6/12
f 20/5/13 25/6/17 22/5/14
f 20/5/13 23/6/15 25/6/17
f 6/4/6 22/5/14 26/5/18
f 22/5/14 25/6/17 27/6/19
f 22/5/14 27/6/19 26/5/18
f 27/6/19 25/6/17 28/8/20
f 23/6/15 28/8/20 25/6/17
f 27/6/19 28/8/20 29/7/21
f 29/7/21 30/6/22 27/6/19
f 29/7/21 31/7/23 30/6/22
f 26/5/18 27/6/19 30/6/22
f 24/7/16 32/7/24 23/6/15
f 23/6/15 32/7/24 28/8/20
f 6/4/6 26/5/18 33/4/25
f 33/4/25 3/2/2 6/4/6
f 33/4/25 2/3/3 3/2/2
f 34/9/26 32/7/24 24/7/16
f 34/9/26 24/7/16 35/8/27
f 34/9/26 35/8/27 36/7/28
f 37/9/29 28/8/20 32/7/24
f 34/9/26 37/9/29 32/7/24
f 37/9/29 29/7/21 28/8/20
f 38/3/30 2/3/3 33/4/25
f 38/3/30 33/4/25 39/4/31
f 33/4/25 40/5/32 39/4/31
f 33/4/25 26/5/18 40/5/32
f 26/5/18 30/6/22 40/5/32
f 41/6/33 40/5/32 30/6/22
f 30/6/22 42/8/34 41/6/33
f 30/6/22 31/7/23 42/8/34
f 37/9/29 31/7/23 29/7/21
f 43/9/35 42/8/34 31/7/23
f 37/9/29 43/9/35 31/7/23
f 43/9/35 44/7/36 42/8/34
f 41/6/33 45/5/37 40/5/32
f 45/5/37 39/4/31 40/5/32
f 46/9/38 43/9/35 37/9/29
f 46/9/38 37/9/29 34/9/26
f 47/6/39 45/5/37 41/6/33
f 47/6/39 41/6/33 42/8/34
f 47/6/39 42/8/34 44/7/36
f 43/9/35 48/7/40 44/7/36
f 43/9/35 46/9/38 48/7/40
f 34/9/26 49/7/41 46/9/38
f 34/9/26 36/7/28 49/7/41
f 46/9/38 50/8/42 48/7/40
f 46/9/38 49/7/41 50/8/42
f 51/6/43 48/7/40 50/8/42
f 51/6/43 50/8/42 52/6/44
f 36/7/28 53/6/45 49/7/41
f 54/6/46 51/6/43 52/6/44
f 53/6/45 54/6/46 52/6/44
f 53/6/45 55/6/47 54/6/46
f 55/6/47 56/6/48 54/6/46
f 36/7/28 57/6/49 53/6/45
f 58/7/21 53/6/45 57/6/49
f 53/6/45 59/8/34 55/6/47
f 53/6/45 60/7/23 59/8/34
f 58/7/21 60/7/23 53/6/45
f 61/9/29 60/7/23 58/7/21
f 56/6/48 55/6/47 59/8/34
f 61/9/29 62/9/35 60/7/23
f 62/9/35 59/8/34 60/7/23
f 56/6/48 59/8/34 63/7/36
f 62/9/35 63/7/36 59/8/34
f 62/9/35 64/7/40 63/7/36
f 62/9/35 65/9/38 64/7/40
f 65/9/38 62/9/35 61/9/29
f 63/7/36 64/7/40 66/6/43
f 63/7/36 66/6/43 56/6/48
f 67/5/50 56/6/48 66/6/43
f 67/5/50 66/6/43 68/5/50
f 69/6/50 68/5/50 66/6/43
f 56/6/48 67/5/50 70/5/50
f 56/6/48 70/5/50 54/6/50
f 69/6/50 71/5/50 68/5/50
f 72/6/48 71/5/50 69/6/50
f 54/6/50 70/5/50 73/5/50
f 54/6/50 73/5/50 51/6/43
f 67/5/50 74/4/51 70/5/50
f 75/4/51 67/5/50 68/5/50
f 67/5/50 75/4/51 74/4/51
f 71/5/50 76/4/51 68/5/50
f 75/4/51 68/5/50 76/4/51
f 70/5/50 77/4/51 73/5/50
f 70/5/50 74/4/51 77/4/51
f 72/6/48 78/5/50 71/5/50
f 71/5/50 79/4/51 76/4/51
f 78/5/50 79/4/51 71/5/50
f 80/3/52 75/4/51 76/4/51
f 80/3/52 76/4/51 79/4/51
f 78/5/50 72/6/48 81/6/53
f 82/7/36 81/6/53 72/6/48
f 82/7/36 83/7/40 81/6/53
f 84/9/35 83/7/40 82/7/36
f 85/4/54 73/5/50 77/4/51
f 86/3/52 77/4/51 74/4/51
f 86/3/52 85/4/54 77/4/51
f 87/3/52 74/4/51 75/4/51
f 86/3/52 74/4/51 87/3/52
f 80/3/52 88/3/52 75/4/51
f 87/3/52 75/4/51 88/3/52
f 85/4/54 89/5/55 73/5/50
f 89/5/55 51/6/43 73/5/50
f 90/1/56 86/3/52 87/3/52
f 91/1/56 87/3/52 88/3/52
f 90/1/56 87/3/52 91/1/56
f 86/3/52 92/3/57 85/4/54
f 90/1/56 92/3/57 86/3/52
f 85/4/54 92/3/57 93/2/58
f 85/4/54 93/2/58 94/4/59
f 89/5/55 85/4/54 94/4/59
f 90/1/56 10/1/10 92/3/57
f 91/1/56 9/1/9 90/1/56
f 10/1/10 90/1/56 9/1/9
f 91/1/56 12/1/9 9/1/9
f 95/1/56 12/1/9 91/1/56
f 91/1/56 88/3/52 95/1/56
f 95/1/56 21/1/9 12/1/9
f 96/1/56 95/1/56 88/3/52
f 96/1/56 88/3/52 80/3/52
f 95/1/56 97/1/9 21/1/9
f 95/1/56 96/1/56 97/1/9
f 96/1/56 80/3/52 98/3/52
f 80/3/52 79/4/51 98/3/52
f 21/1/9 97/1/9 99/3/7
f 21/1/9 99/3/7 15/3/7
f 100/1/56 97/1/9 96/1/56
f 96/1/56 98/3/52 100/1/56
f 98/3/52 79/4/51 101/4/51
f 78/5/50 101/4/51 79/4/51
f 15/3/7 99/3/7 102/4/8
f 15/3/7 102/4/8 17/4/8
f 103/1/9 99/3/7 97/1/9
f 100/1/56 103/1/9 97/1/9
f 100/1/56 98/3/52 104/3/52
f 98/3/52 101/4/51 104/3/52
f 101/4/51 78/5/50 105/5/60
f 78/5/50 81/6/53 105/5/60
f 106/3/7 102/4/8 99/3/7
f 103/1/9 106/3/7 99/3/7
f 107/1/56 103/1/9 100/1/56
f 100/1/56 104/3/52 107/1/56
f 108/1/9 106/3/7 103/1/9
f 107/1/56 108/1/9 103/1/9
f 109/3/61 104/3/52 101/4/51
f 110/1/62 107/1/56 104/3/52
f 110/1/62 104/3/52 109/3/61
f 109/3/61 101/4/51 111/4/63
f 101/4/51 105/5/60 111/4/63
f 107/1/56 112/1/64 108/1/9
f 107/1/56 110/1/62 112/1/64
f 110/1/62 109/3/61 113/2/65
f 111/4/63 113/2/65 109/3/61
f 110/1/62 113/2/65 114/3/66
f 112/1/64 110/1/62 114/3/66
f 111/4/63 115/4/67 113/2/65
f 116/5/68 111/4/63 105/5/60
f 116/5/68 115/4/67 111/4/63
f 112/1/64 114/3/66 117/3/69
f 117/3/69 114/3/66 118/4/70
f 112/1/64 117/3/69 119/2/71
f 112/1/64 119/2/71 120/3/72
f 121/4/73 119/2/71 117/3/69
f 117/3/69 118/4/70 121/4/73
f 121/4/73 122/4/74 119/2/71
f 123/5/75 118/4/70 115/4/67
f 123/5/75 121/4/73 118/4/70
f 123/5/75 115/4/67 116/5/68
f 124/6/76 116/5/68 105/5/60
f 124/6/76 105/5/60 81/6/53
f 125/6/77 123/5/75 116/5/68
f 125/6/77 116/5/68 124/6/76
f 81/6/53 126/8/78 124/6/76
f 81/6/53 83/7/40 126/8/78
f 127/9/38 126/8/78 83/7/40
f 127/9/38 128/7/41 126/8/78
f 84/9/35 127/9/38 83/7/40
f 123/5/75 129/5/79 121/4/73
f 125/6/77 129/5/79 123/5/75
f 128/7/41 130/6/80 125/6/77
f 125/6/77 130/6/80 129/5/79
f 131/5/81 121/4/73 129/5/79
f 131/5/81 122/4/74 121/4/73
f 127/9/38 132/7/28 128/7/41
f 128/7/41 132/7/28 130/6/80
f 133/6/82 129/5/79 130/6/80
f 133/6/82 131/5/81 129/5/79
f 130/6/80 132/7/28 134/8/27
f 130/6/80 134/8/27 133/6/82
f 135/9/26 134/8/27 132/7/28
f 127/9/38 135/9/26 132/7/28
f 135/9/26 136/7/16 134/8/27
f 137/6/83 131/5/81 133/6/82
f 137/6/83 133/6/82 134/8/27
f 137/6/83 134/8/27 136/7/16
f 138/5/84 122/4/74 131/5/81
f 137/6/83 138/5/84 131/5/81
f 127/9/38 139/9/29 135/9/26
f 127/9/38 84/9/35 139/9/29
f 135/9/26 140/7/24 136/7/16
f 135/9/26 139/9/29 140/7/24
f 136/7/16 140/7/24 141/6/85
f 136/7/16 141/6/85 137/6/83
f 139/9/29 142/8/86 140/7/24
f 139/9/29 143/7/21 142/8/86
f 144/6/49 142/8/86 143/7/21
f 144/6/49 145/6/87 142/8/86
f 139/9/29 84/9/35 146/7/23
f 139/9/29 146/7/23 143/7/21
f 143/7/21 146/7/23 147/6/45
f 143/7/21 147/6/45 144/6/49
f 147/6/45 146/7/23 148/8/88
f 149/7/28 144/6/49 147/6/45
f 147/6/45 148/8/88 150/6/89
f 149/7/28 147/6/45 151/7/41
f 145/6/87 144/6/49 152/6/46
f 144/6/49 153/6/90 152/6/46
f 141/6/85 145/6/87 152/6/46
f 153/6/90 154/6/12 152/6/46
f 154/6/12 153/6/90 155/8/91
f 154/6/12 155/8/91 156/7/16
f 157/9/26 149/7/28 151/7/41
f 157/9/26 155/8/91 149/7/28
f 157/9/26 156/7/16 155/8/91
f 157/9/26 151/7/41 65/9/38
f 65/9/38 151/7/41 158/8/92
f 65/9/38 158/8/92 64/7/40
f 66/6/43 64/7/40 158/8/92
f 66/6/43 158/8/92 159/6/93
f 65/9/38 61/9/29 157/9/26
f 66/6/43 159/6/93 69/6/46
f 159/6/93 147/6/45 69/6/46
f 147/6/45 150/6/89 69/6/46
f 150/6/89 72/6/48 69/6/46
f 72/6/48 150/6/89 148/8/88
f 72/6/48 148/8/88 82/7/36
f 84/9/35 82/7/36 148/8/88
f 84/9/35 148/8/88 146/7/23
f 157/9/26 61/9/29 160/7/24
f 157/9/26 160/7/24 156/7/16
f 156/7/16 160/7/24 161/6/85
f 161/6/85 160/7/24 162/8/94
f 156/7/16 161/6/85 154/6/12
f 161/6/85 162/8/94 163/6/95
f 61/9/29 162/8/94 160/7/24
f 61/9/29 58/7/21 162/8/94
f 57/6/49 162/8/94 58/7/21
f 57/6/49 163/6/95 162/8/94
f 163/6/95 57/6/49 19/6/46
f 161/6/85 163/6/95 19/6/46
f 57/6/49 164/6/96 19/6/46
f 164/6/96 18/6/12 19/6/46
f 18/6/12 164/6/96 35/8/27
f 18/6/12 35/8/27 24/7/16
f 57/6/49 35/8/27 164/6/96
f 57/6/49 36/7/28 35/8/27
f 10/1/10 93/2/58 92/3/57
f 10/1/10 38/3/30 93/2/58
f 39/4/31 93/2/58 38/3/30
f 39/4/31 94/4/59 93/2/58
f 45/5/37 94/4/59 39/4/31
f 89/5/55 94/4/59 45/5/37
f 47/6/39 89/5/55 45/5/37
f 89/5/55 47/6/39 51/6/43
f 44/7/36 51/6/43 47/6/39
f 44/7/36 48/7/40 51/6/43
f 10/1/10 2/3/3 38/3/30
f 10/1/10 1/1/1 2/3/3
f 118/4/70 114/3/66 113/2/65
f 118/4/70 113/2/65 115/4/67
f 125/6/77 126/8/78 128/7/41
f 125/6/77 124/6/76 126/8/78
f 108/1/9 112/1/64 120/3/72
f 108/1/9 120/3/72 165/3/7
f 108/1/9 165/3/7 106/3/7
f 165/3/7 120/3/72 166/4/97
f 166/4/97 120/3/72 119/2/71
f 166/4/97 119/2/71 122/4/74
f 138/5/84 166/4/97 122/4/74
f 165/3/7 167/4/8 106/3/7
f 106/3/7 167/4/8 102/4/8
f 165/3/7 166/4/97 168/4/8
f 138/5/84 168/4/8 166/4/97
f 165/3/7 168/4/8 167/4/8
f 169/5/11 102/4/8 167/4/8
f 169/5/11 17/4/8 102/4/8
f 138/5/84 170/5/11 168/4/8
f 137/6/83 170/5/11 138/5/84
f 137/6/83 141/6/85 170/5/11
f 152/6/11 170/5/11 141/6/85
f 171/5/11 167/4/8 168/4/8
f 171/5/11 168/4/8 170/5/11
f 152/6/11 171/5/11 170/5/11
f 169/5/11 167/4/8 171/5/11
f 154/6/12 171/5/11 152/6/11
f 154/6/12 169/5/11 171/5/11
f 154/6/12 172/5/11 169/5/11
f 169/5/11 172/5/11 17/4/8
f 154/6/12 161/6/85 172/5/11
f 19/6/11 172/5/11 161/6/85
f 19/6/11 16/5/11 172/5/11
f 16/5/11 17/4/8 172/5/11
f 16/5/11 14/4/8 17/4/8
f 53/6/45 50/8/42 49/7/41
f 53/6/45 52/6/44 50/8/42
f 141/6/85 140/7/24 142/8/86
f 141/6/85 142/8/86 145/6/87
f 147/6/45 158/8/92 151/7/41
f 147/6/45 159/6/93 158/8/92
f 144/6/49 155/8/91 153/6/90
f 144/6/49 149/7/28 155/8/91
o Farm_Crop_Carrot_Step_01
v 0.533478 1.808281 0.498130
v 0.538686 1.865614 0.502889
v 0.553781 1.795641 0.541057
v 0.484193 1.820313 0.491589
v 0.487906 1.878347 0.497795
v 0.443728 1.822577 0.515735
v 0.445103 1.880570 0.524013
v 0.436588 1.813190 0.563689
v 0.438778 1.870393 0.573838
v 0.459423 1.797605 0.607779
v 0.461037 1.853941 0.619146
v 0.507663 1.787515 0.611874
v 0.511761 1.842535 0.624107
v 0.547777 1.785263 0.585749
v 0.553935 1.839612 0.598310
v 0.562697 1.896641 0.612387
v 0.561142 1.851204 0.549515
v 0.570353 1.910123 0.560354
v 0.547170 1.927550 0.510743
v 0.587526 1.989059 0.578300
v 0.579851 1.975461 0.636329
v 0.562620 2.009013 0.524542
v 0.610858 2.072691 0.592004
v 0.604738 2.062737 0.657003
v 0.649203 2.170304 0.593153
v 0.583117 2.094203 0.535015
v 0.621080 2.199626 0.535719
v 0.521773 2.118226 0.531702
v 0.558539 2.230399 0.534821
v 0.466476 2.130444 0.564399
v 0.505172 2.027567 0.520018
v 0.494048 1.942571 0.506000
v 0.453995 2.032334 0.549603
v 0.448089 2.020361 0.608410
v 0.448072 1.945048 0.533363
v 0.441687 1.933165 0.586856
v 0.464682 1.914411 0.634358
v 0.517650 1.900750 0.639141
v 0.473292 2.000089 0.660245
v 0.489772 2.099241 0.683713
v 0.530498 1.983131 0.664520
v 0.551556 2.077044 0.687403
v 0.589525 2.178926 0.695387
v 0.526458 2.208807 0.694286
v 0.644691 2.158001 0.660973
v 0.629977 2.293326 0.688829
v 0.568103 2.305023 0.694917
v 0.632582 2.357481 0.631712
v 0.679209 2.255279 0.660564
v 0.685829 2.295239 0.606272
v 0.661680 2.312755 0.546897
v 0.609357 2.359983 0.557913
v 0.548802 2.361198 0.581115
v 0.557251 2.352342 0.645865
v 0.502274 2.250628 0.570010
v 0.498102 2.237228 0.637077
v 0.462237 2.120629 0.627633
v 0.533438 1.815198 0.424312
v 0.529183 1.855276 0.424798
v 0.551919 1.830877 0.468334
v 0.495670 1.794030 0.416623
v 0.487448 1.831227 0.413587
v 0.458843 1.774604 0.435932
v 0.448291 1.810870 0.433044
v 0.448330 1.775516 0.477420
v 0.436786 1.812614 0.477593
v 0.460181 1.785976 0.515474
v 0.452428 1.826192 0.520465
v 0.502634 1.811086 0.530167
v 0.493277 1.851750 0.530992
v 0.540385 1.830493 0.512034
v 0.531500 1.871530 0.511961
v 0.519764 1.918803 0.511566
v 0.543308 1.870857 0.467798
v 0.533331 1.914903 0.464835
v 0.520617 1.895402 0.420739
v 0.518740 1.979886 0.453357
v 0.503779 1.988832 0.503505
v 0.507357 1.954764 0.407507
v 0.499914 2.051250 0.437545
v 0.481369 2.067388 0.490915
v 0.475661 2.125175 0.404620
v 0.490885 2.019184 0.390743
v 0.467867 2.085550 0.357559
v 0.447553 1.981149 0.377535
v 0.424565 2.042136 0.345953
v 0.398439 1.957102 0.397964
v 0.464423 1.923004 0.395249
v 0.477876 1.868470 0.408927
v 0.419340 1.901310 0.415187
v 0.403712 1.912813 0.464027
v 0.435869 1.848278 0.429193
v 0.423047 1.853928 0.474970
v 0.437395 1.871287 0.519597
v 0.478986 1.899072 0.530644
v 0.416258 1.936427 0.511036
v 0.391454 2.007090 0.497766
v 0.459029 1.967977 0.523160
v 0.433415 2.044192 0.509726
v 0.402584 2.123440 0.478021
v 0.360038 2.080164 0.466690
v 0.454733 2.148346 0.458828
v 0.370600 2.197474 0.440124
v 0.423732 2.226327 0.419161
v 0.328914 2.148263 0.433087
v 0.333354 2.241604 0.393606
v 0.294839 2.184432 0.392345
v 0.383063 2.275270 0.368671
v 0.293782 2.271059 0.333371
v 0.266478 2.215970 0.347269
v 0.289010 2.247452 0.273828
v 0.341201 2.303935 0.319489
v 0.348145 2.284742 0.268916
v 0.359348 2.232671 0.230793
v 0.409357 2.245565 0.317099
v 0.447260 2.198475 0.365397
v 0.408246 2.191613 0.273915
v 0.442899 2.151779 0.320124
v 0.369180 2.132270 0.272583
v 0.399948 2.098755 0.311654
v 0.318813 2.098723 0.297993
v 0.315551 2.189017 0.231193
v 0.284512 2.144154 0.259049
v 0.262071 2.183026 0.302577
v 0.293444 2.129004 0.349930
v 0.323158 2.097664 0.386942
v 0.352047 2.040034 0.419237
v 0.347221 2.067923 0.333849
v 0.372991 2.015584 0.366247
v 0.380732 1.975090 0.449485
v 0.476190 1.745118 0.525891
v 0.472979 1.787712 0.524169
v 0.471810 1.736175 0.486702
v 0.511869 1.756215 0.549620
v 0.509411 1.799201 0.546561
v 0.555822 1.761477 0.543967
v 0.554718 1.804676 0.540243
v 0.577974 1.756586 0.504756
v 0.576615 1.799311 0.500071
v 0.571722 1.745421 0.462318
v 0.571551 1.787666 0.457525
v 0.536584 1.735308 0.441582
v 0.534723 1.776462 0.434753
v 0.492212 1.729379 0.448962
v 0.489044 1.770071 0.441433
v 0.483264 1.825282 0.430356
v 0.467304 1.777606 0.481642
v 0.460654 1.833806 0.472880
v 0.466266 1.845485 0.518229
v 0.441047 1.965480 0.448166
v 0.466182 1.957419 0.399186
v 0.446274 1.979167 0.500780
v 0.424989 2.124348 0.424124
v 0.426485 2.111934 0.480557
v 0.447166 2.091913 0.376965
v 0.478782 2.184705 0.428189
v 0.497137 2.128184 0.373608
v 0.544199 2.153972 0.445644
v 0.471443 2.151899 0.495545
v 0.527892 2.137998 0.499810
v 0.490329 1.995183 0.526325
v 0.504599 1.858772 0.541403
v 0.543837 2.003548 0.519719
v 0.552296 1.865064 0.534919
v 0.568638 1.996420 0.470184
v 0.574872 1.858777 0.491885
v 0.563449 1.981772 0.417530
v 0.518952 1.966888 0.392457
v 0.569777 1.845458 0.446893
v 0.549183 2.117137 0.396018
v 0.530885 1.832613 0.423559
v 0.495384 1.768505 0.487242
v 0.499131 1.836350 0.480808
v 0.542084 1.756553 0.473972
v 0.478734 1.781510 0.536059
v 0.483656 1.850429 0.532304
v 0.490582 1.786009 0.585935
v 0.496453 1.855242 0.585973
v 0.538190 1.778250 0.605676
v 0.545931 1.846536 0.605874
v 0.587248 1.765067 0.590195
v 0.596265 1.832033 0.591619
v 0.601866 1.755127 0.542332
v 0.613109 1.820524 0.539197
v 0.588304 1.748417 0.492399
v 0.599419 1.813033 0.485354
v 0.614648 1.880915 0.475355
v 0.549669 1.822398 0.465596
v 0.561270 1.892925 0.454116
v 0.507022 1.910649 0.469880
v 0.585872 1.991096 0.433331
v 0.645350 1.977449 0.455787
v 0.525579 2.012062 0.449578
v 0.614979 2.098349 0.407660
v 0.681267 2.084725 0.430786
v 0.645435 2.230028 0.361776
v 0.548640 2.122988 0.424398
v 0.576916 2.264681 0.377424
v 0.530308 2.148289 0.491362
v 0.560280 2.298197 0.446862
v 0.547842 2.162086 0.561552
v 0.508225 2.032392 0.512476
v 0.491228 1.927571 0.526333
v 0.523580 2.041167 0.578453
v 0.583629 2.029742 0.600083
v 0.504742 1.933608 0.585237
v 0.557920 1.923043 0.606085
v 0.611086 1.904757 0.591671
v 0.628830 1.889642 0.534420
v 0.642700 2.007756 0.584406
v 0.678812 2.125150 0.567266
v 0.660365 1.987993 0.521118
v 0.697373 2.099516 0.499786
v 0.736350 2.230375 0.456713
v 0.719705 2.264112 0.526313
v 0.716130 2.210810 0.384820
v 0.759590 2.377583 0.408731
v 0.748969 2.389380 0.479498
v 0.698658 2.454348 0.391439
v 0.741133 2.335782 0.346723
v 0.683174 2.384335 0.326270
v 0.612731 2.402482 0.337673
v 0.613038 2.455403 0.397849
v 0.620700 2.456116 0.470831
v 0.692807 2.446482 0.478423
v 0.581338 2.318139 0.518981
v 0.651690 2.299360 0.541649
v 0.614073 2.150432 0.583122
v 0.475451 1.758318 0.467318
v 0.467887 1.809561 0.469840
v 0.523393 1.779596 0.471109
v 0.450938 1.738583 0.500874
v 0.438763 1.786364 0.506644
v 0.449072 1.724119 0.543750
v 0.436802 1.770628 0.553034
v 0.480244 1.730814 0.576253
v 0.470150 1.778334 0.586625
v 0.522549 1.747834 0.583633
v 0.516672 1.798308 0.592924
v 0.553557 1.772521 0.548419
v 0.544718 1.823505 0.557103
v 0.555842 1.786442 0.503339
v 0.547240 1.838481 0.510748
v 0.532702 1.911201 0.522495
v 0.514271 1.831213 0.477011
v 0.497503 1.902148 0.485834
v 0.449086 1.876795 0.476753
v 0.446720 2.059518 0.505098
v 0.488082 2.071705 0.546714
v 0.392660 2.029605 0.493600
v 0.386836 2.221380 0.524712
v 0.327774 2.187336 0.510778
v 0.434245 2.236155 0.569436
v 0.341665 2.306896 0.544507
v 0.389473 2.321969 0.590717
v 0.282549 2.269652 0.528640
v 0.291119 2.376409 0.584349
v 0.244173 2.337553 0.559108
v 0.341544 2.379541 0.613799
v 0.262605 2.352694 0.646334
v 0.327450 2.354303 0.668360
v 0.256958 2.285472 0.692128
v 0.215904 2.305392 0.606169
v 0.214661 2.259402 0.653432
v 0.248885 2.220804 0.574297
v 0.291338 2.147072 0.558079
v 0.244695 2.190418 0.637489
v 0.285383 2.122486 0.621154
v 0.292955 2.205560 0.683658
v 0.331734 2.138933 0.666627
v 0.351891 2.244534 0.699109
v 0.385185 2.291097 0.653601
v 0.392004 2.173861 0.679962
v 0.311401 2.301507 0.707840
v 0.427614 2.212514 0.633025
v 0.449691 2.019897 0.648989
v 0.482830 2.052855 0.604987
v 0.500702 1.866214 0.609874
v 0.395788 1.991124 0.637798
v 0.452259 1.842328 0.601851
v 0.355619 1.977325 0.596866
v 0.417133 1.832386 0.566287
v 0.359508 1.997115 0.538762
v 0.419007 1.849651 0.516560
v 0.529546 1.894759 0.572102
v 0.475483 1.735228 0.478144
v 0.480880 1.783573 0.468351
v 0.517385 1.720001 0.462581
v 0.463699 1.751542 0.520801
v 0.470004 1.802620 0.512215
v 0.478528 1.759210 0.565266
v 0.485640 1.811835 0.558556
v 0.523145 1.752045 0.580609
v 0.531433 1.803729 0.574202
v 0.564859 1.736190 0.564802
v 0.574044 1.785354 0.559174
v 0.576812 1.721719 0.521684
v 0.586397 1.767483 0.513614
v 0.561474 1.712304 0.477891
v 0.570412 1.756100 0.468246
v 0.584636 1.805647 0.450992
v 0.524673 1.764929 0.452285
v 0.538159 1.816737 0.433834
v 0.491936 1.844127 0.448379
v 0.589459 1.928698 0.362871
v 0.641189 1.916253 0.380747
v 0.535971 1.962241 0.375458
v 0.657789 2.080731 0.288428
v 0.595459 2.079028 0.306289
v 0.710242 2.042543 0.309346
v 0.677227 2.145631 0.343167
v 0.730844 2.082280 0.362271
v 0.662453 2.129230 0.423408
v 0.598674 2.126813 0.359662
v 0.602274 2.122743 0.420964
v 0.526874 1.996164 0.428725
v 0.482826 1.870307 0.494456
v 0.546483 2.012102 0.483166
v 0.500125 1.883105 0.542998
v 0.600297 2.000452 0.501910
v 0.547396 1.873642 0.559413
v 0.652204 1.967132 0.489377
v 0.661332 1.932069 0.433342
v 0.591576 1.848705 0.546270
v 0.714539 2.082319 0.425590
v 0.602593 1.820838 0.497470
v -0.466521 1.808281 0.498130
v -0.461314 1.865614 0.502889
v -0.446219 1.795641 0.541057
v -0.515807 1.820313 0.491589
v -0.512094 1.878347 0.497795
v -0.556272 1.822577 0.515735
v -0.554897 1.880570 0.524013
v -0.563412 1.813190 0.563689
v -0.561222 1.870393 0.573838
v -0.540577 1.797605 0.607779
v -0.538963 1.853941 0.619146
v -0.492337 1.787515 0.611874
v -0.488239 1.842535 0.624107
v -0.452223 1.785263 0.585749
v -0.446065 1.839612 0.598310
v -0.437303 1.896641 0.612387
v -0.438858 1.851204 0.549515
v -0.429647 1.910123 0.560354
v -0.452830 1.927550 0.510743
v -0.412474 1.989059 0.578300
v -0.420149 1.975461 0.636329
v -0.437380 2.009013 0.524542
v -0.389142 2.072691 0.592004
v -0.395262 2.062737 0.657003
v -0.350797 2.170304 0.593153
v -0.416883 2.094203 0.535015
v -0.378920 2.199626 0.535719
v -0.478227 2.118226 0.531702
v -0.441461 2.230399 0.534821
v -0.533524 2.130444 0.564399
v -0.494828 2.027567 0.520018
v -0.505952 1.942571 0.506000
v -0.546005 2.032334 0.549603
v -0.551911 2.020361 0.608410
v -0.551928 1.945048 0.533363
v -0.558313 1.933165 0.586856
v -0.535318 1.914411 0.634358
v -0.482350 1.900750 0.639141
v -0.526708 2.000089 0.660245
v -0.510228 2.099241 0.683713
v -0.469502 1.983131 0.664520
v -0.448444 2.077044 0.687403
v -0.410475 2.178926 0.695387
v -0.473542 2.208807 0.694286
v -0.355309 2.158001 0.660973
v -0.370023 2.293326 0.688829
v -0.431897 2.305023 0.694917
v -0.367418 2.357481 0.631712
v -0.320791 2.255279 0.660564
v -0.314171 2.295239 0.606272
v -0.338320 2.312755 0.546897
v -0.390642 2.359983 0.557913
v -0.451198 2.361198 0.581115
v -0.442749 2.352342 0.645865
v -0.497726 2.250628 0.570010
v -0.501898 2.237228 0.637077
v -0.537763 2.120629 0.627633
v -0.466562 1.815198 0.424312
v -0.470817 1.855276 0.424798
v -0.448081 1.830877 0.468334
v -0.504330 1.794030 0.416623
v -0.512552 1.831227 0.413587
v -0.541157 1.774604 0.435932
v -0.551709 1.810870 0.433044
v -0.551670 1.775516 0.477420
v -0.563214 1.812614 0.477593
v -0.539819 1.785976 0.515474
v -0.547572 1.826192 0.520465
v -0.497366 1.811086 0.530167
v -0.506723 1.851750 0.530992
v -0.459615 1.830493 0.512034
v -0.468500 1.871530 0.511961
v -0.480236 1.918803 0.511566
v -0.456692 1.870857 0.467798
v -0.466669 1.914903 0.464835
v -0.479383 1.895402 0.420739
v -0.481260 1.979886 0.453357
v -0.496221 1.988832 0.503505
v -0.492643 1.954764 0.407507
v -0.500086 2.051250 0.437545
v -0.518631 2.067388 0.490915
v -0.524339 2.125175 0.404620
v -0.509115 2.019184 0.390743
v -0.532133 2.085550 0.357559
v -0.552447 1.981149 0.377535
v -0.575435 2.042136 0.345953
v -0.601561 1.957102 0.397964
v -0.535577 1.923004 0.395249
v -0.522124 1.868470 0.408927
v -0.580660 1.901310 0.415187
v -0.596288 1.912813 0.464027
v -0.564131 1.848278 0.429193
v -0.576953 1.853928 0.474970
v -0.562605 1.871287 0.519597
v -0.521014 1.899072 0.530644
v -0.583742 1.936427 0.511036
v -0.608546 2.007090 0.497766
v -0.540971 1.967977 0.523160
v -0.566585 2.044192 0.509726
v -0.597416 2.123440 0.478021
v -0.639962 2.080164 0.466690
v -0.545267 2.148346 0.458828
v -0.629400 2.197474 0.440124
v -0.576268 2.226327 0.419161
v -0.671086 2.148263 0.433087
v -0.666646 2.241604 0.393606
v -0.705161 2.184432 0.392345
v -0.616937 2.275270 0.368671
v -0.706218 2.271059 0.333371
v -0.733522 2.215970 0.347269
v -0.710990 2.247452 0.273828
v -0.658799 2.303935 0.319489
v -0.651855 2.284742 0.268916
v -0.640652 2.232671 0.230793
v -0.590643 2.245565 0.317099
v -0.552740 2.198475 0.365397
v -0.591754 2.191613 0.273915
v -0.557101 2.151779 0.320124
v -0.630820 2.132270 0.272583
v -0.600052 2.098755 0.311654
v -0.681187 2.098723 0.297993
v -0.684449 2.189017 0.231193
v -0.715488 2.144154 0.259049
v -0.737929 2.183026 0.302577
v -0.706556 2.129004 0.349930
v -0.676841 2.097664 0.386942
v -0.647953 2.040034 0.419237
v -0.652779 2.067923 0.333849
v -0.627009 2.015584 0.366247
v -0.619268 1.975090 0.449485
v -0.523810 1.745118 0.525891
v -0.527021 1.787712 0.524169
v -0.528190 1.736175 0.486702
v -0.488131 1.756215 0.549620
v -0.490589 1.799201 0.546561
v -0.444178 1.761477 0.543967
v -0.445282 1.804676 0.540243
v -0.422026 1.756586 0.504756
v -0.423385 1.799311 0.500071
v -0.428278 1.745421 0.462318
v -0.428449 1.787666 0.457525
v -0.463416 1.735308 0.441582
v -0.465277 1.776462 0.434753
v -0.507788 1.729379 0.448962
v -0.510956 1.770071 0.441433
v -0.516736 1.825282 0.430356
v -0.532696 1.777606 0.481642
v -0.539346 1.833806 0.472880
v -0.533734 1.845485 0.518229
v -0.558953 1.965480 0.448166
v -0.533818 1.957419 0.399186
v -0.553726 1.979167 0.500780
v -0.575011 2.124348 0.424124
v -0.573515 2.111934 0.480557
v -0.552834 2.091913 0.376965
v -0.521218 2.184705 0.428189
v -0.502863 2.128184 0.373608
v -0.455801 2.153972 0.445644
v -0.528557 2.151899 0.495545
v -0.472108 2.137998 0.499810
v -0.509671 1.995183 0.526325
v -0.495401 1.858772 0.541403
v -0.456163 2.003548 0.519719
v -0.447704 1.865064 0.534919
v -0.431362 1.996420 0.470184
v -0.425128 1.858777 0.491885
v -0.436551 1.981772 0.417530
v -0.481048 1.966888 0.392457
v -0.430223 1.845458 0.446893
v -0.450817 2.117137 0.396018
v -0.469115 1.832613 0.423559
v -0.504616 1.768505 0.487242
v -0.500869 1.836350 0.480808
v -0.457916 1.756553 0.473972
v -0.521266 1.781510 0.536059
v -0.516344 1.850429 0.532304
v -0.509418 1.786009 0.585935
v -0.503547 1.855242 0.585973
v -0.461810 1.778250 0.605676
v -0.454069 1.846536 0.605874
v -0.412752 1.765067 0.590195
v -0.403735 1.832033 0.591619
v -0.398134 1.755127 0.542332
v -0.386890 1.820524 0.539197
v -0.411696 1.748417 0.492399
v -0.400581 1.813033 0.485354
v -0.385352 1.880915 0.475355
v -0.450331 1.822398 0.465596
v -0.438730 1.892925 0.454116
v -0.492978 1.910649 0.469880
v -0.414128 1.991096 0.433331
v -0.354650 1.977449 0.455787
v -0.474421 2.012062 0.449578
v -0.385021 2.098349 0.407660
v -0.318733 2.084725 0.430786
v -0.354565 2.230028 0.361776
v -0.451360 2.122988 0.424398
v -0.423084 2.264681 0.377424
v -0.469691 2.148289 0.491362
v -0.439720 2.298197 0.446862
v -0.452158 2.162086 0.561552
v -0.491775 2.032392 0.512476
v -0.508772 1.927571 0.526333
v -0.476420 2.041167 0.578453
v -0.416371 2.029742 0.600083
v -0.495258 1.933608 0.585237
v -0.442080 1.923043 0.606085
v -0.388914 1.904757 0.591671
v -0.371170 1.889642 0.534420
v -0.357300 2.007756 0.584406
v -0.321188 2.125150 0.567266
v -0.339635 1.987993 0.521118
v -0.302627 2.099516 0.499786
v -0.263650 2.230375 0.456713
v -0.280295 2.264112 0.526313
v -0.283869 2.210810 0.384820
v -0.240410 2.377583 0.408731
v -0.251031 2.389380 0.479498
v -0.301342 2.454348 0.391439
v -0.258867 2.335782 0.346723
v -0.316826 2.384335 0.326270
v -0.387269 2.402482 0.337673
v -0.386962 2.455403 0.397849
v -0.379300 2.456116 0.470831
v -0.307193 2.446482 0.478423
v -0.418662 2.318139 0.518981
v -0.348310 2.299360 0.541649
v -0.385927 2.150432 0.583122
v -0.524549 1.758318 0.467318
v -0.532113 1.809561 0.469840
v -0.476607 1.779596 0.471109
v -0.549062 1.738583 0.500874
v -0.561237 1.786364 0.506644
v -0.550928 1.724119 0.543750
v -0.563198 1.770628 0.553034
v -0.519756 1.730814 0.576253
v -0.529850 1.778334 0.586625
v -0.477451 1.747834 0.583633
v -0.483328 1.798308 0.592924
v -0.446443 1.772521 0.548419
v -0.455282 1.823505 0.557103
v -0.444158 1.786442 0.503339
v -0.452760 1.838481 0.510748
v -0.467298 1.911201 0.522495
v -0.485729 1.831213 0.477011
v -0.502497 1.902148 0.485834
v -0.550914 1.876795 0.476753
v -0.553280 2.059518 0.505098
v -0.511918 2.071705 0.546714
v -0.607340 2.029605 0.493600
v -0.613164 2.221380 0.524712
v -0.672226 2.187336 0.510778
v -0.565755 2.236155 0.569436
v -0.658335 2.306896 0.544507
v -0.610527 2.321969 0.590717
v -0.717451 2.269652 0.528640
v -0.708881 2.376409 0.584349
v -0.755827 2.337553 0.559108
v -0.658455 2.379541 0.613799
v -0.737395 2.352694 0.646334
v -0.672550 2.354303 0.668360
v -0.743042 2.285472 0.692128
v -0.784096 2.305392 0.606169
v -0.785339 2.259402 0.653432
v -0.751115 2.220804 0.574297
v -0.708662 2.147072 0.558079
v -0.755305 2.190418 0.637489
v -0.714617 2.122486 0.621154
v -0.707045 2.205560 0.683658
v -0.668266 2.138933 0.666627
v -0.648109 2.244534 0.699109
v -0.614815 2.291097 0.653601
v -0.607996 2.173861 0.679962
v -0.688599 2.301507 0.707840
v -0.572386 2.212514 0.633025
v -0.550309 2.019897 0.648989
v -0.517170 2.052855 0.604987
v -0.499298 1.866214 0.609874
v -0.604212 1.991124 0.637798
v -0.547741 1.842328 0.601851
v -0.644380 1.977325 0.596866
v -0.582867 1.832386 0.566287
v -0.640492 1.997115 0.538762
v -0.580993 1.849651 0.516560
v -0.470454 1.894759 0.572102
v -0.524517 1.735228 0.478144
v -0.519120 1.783573 0.468351
v -0.482615 1.720001 0.462581
v -0.536301 1.751542 0.520801
v -0.529996 1.802620 0.512215
v -0.521472 1.759210 0.565266
v -0.514360 1.811835 0.558556
v -0.476855 1.752045 0.580609
v -0.468567 1.803729 0.574202
v -0.435141 1.736190 0.564802
v -0.425956 1.785354 0.559174
v -0.423188 1.721719 0.521684
v -0.413603 1.767483 0.513614
v -0.438526 1.712304 0.477891
v -0.429588 1.756100 0.468246
v -0.415364 1.805647 0.450992
v -0.475327 1.764929 0.452285
v -0.461841 1.816737 0.433834
v -0.508064 1.844127 0.448379
v -0.410541 1.928698 0.362871
v -0.358811 1.916253 0.380747
v -0.464029 1.962241 0.375458
v -0.342211 2.080731 0.288428
v -0.404541 2.079028 0.306289
v -0.289758 2.042543 0.309346
v -0.322773 2.145631 0.343167
v -0.269156 2.082280 0.362271
v -0.337547 2.129230 0.423408
v -0.401326 2.126813 0.359662
v -0.397726 2.122743 0.420964
v -0.473126 1.996164 0.428725
v -0.517174 1.870307 0.494456
v -0.453517 2.012102 0.483166
v -0.499875 1.883105 0.542998
v -0.399703 2.000452 0.501910
v -0.452604 1.873642 0.559413
v -0.347796 1.967132 0.489377
v -0.338668 1.932069 0.433342
v -0.408424 1.848705 0.546270
v -0.285461 2.082319 0.425590
v -0.397407 1.820838 0.497470
v 0.533478 1.808281 -0.501870
v 0.538686 1.865614 -0.497111
v 0.553781 1.795641 -0.458943
v 0.484193 1.820313 -0.508411
v 0.487906 1.878347 -0.502205
v 0.443728 1.822577 -0.484265
v 0.445103 1.880570 -0.475987
v 0.436588 1.813190 -0.436311
v 0.438778 1.870392 -0.426162
v 0.459423 1.797604 -0.392221
v 0.461037 1.853941 -0.380854
v 0.507663 1.787515 -0.388126
v 0.511761 1.842535 -0.375893
v 0.547777 1.785263 -0.414251
v 0.553935 1.839612 -0.401690
v 0.562697 1.896641 -0.387613
v 0.561142 1.851204 -0.450485
v 0.570353 1.910123 -0.439646
v 0.547170 1.927549 -0.489257
v 0.587526 1.989059 -0.421700
v 0.579851 1.975461 -0.363671
v 0.562620 2.009013 -0.475458
v 0.610858 2.072691 -0.407996
v 0.604738 2.062737 -0.342997
v 0.649203 2.170303 -0.406847
v 0.583117 2.094203 -0.464985
v 0.621080 2.199626 -0.464281
v 0.521773 2.118226 -0.468298
v 0.558539 2.230399 -0.465179
v 0.466476 2.130444 -0.435601
v 0.505172 2.027567 -0.479982
v 0.494048 1.942571 -0.494000
v 0.453995 2.032334 -0.450397
v 0.448089 2.020361 -0.391590
v 0.448072 1.945048 -0.466637
v 0.441687 1.933165 -0.413144
v 0.464682 1.914411 -0.365642
v 0.517650 1.900750 -0.360859
v 0.473292 2.000089 -0.339755
v 0.489772 2.099241 -0.316287
v 0.530498 1.983131 -0.335480
v 0.551556 2.077043 -0.312597
v 0.589525 2.178926 -0.304613
v 0.526458 2.208807 -0.305714
v 0.644691 2.158001 -0.339027
v 0.629977 2.293326 -0.311171
v 0.568103 2.305023 -0.305083
v 0.632582 2.357481 -0.368288
v 0.679209 2.255278 -0.339436
v 0.685829 2.295239 -0.393728
v 0.661680 2.312755 -0.453103
v 0.609357 2.359983 -0.442087
v 0.548802 2.361198 -0.418885
v 0.557251 2.352342 -0.354135
v 0.502274 2.250628 -0.429990
v 0.498102 2.237228 -0.362923
v 0.462237 2.120629 -0.372367
v 0.533438 1.815198 -0.575688
v 0.529183 1.855276 -0.575202
v 0.551919 1.830877 -0.531666
v 0.495670 1.794030 -0.583377
v 0.487448 1.831227 -0.586413
v 0.458843 1.774604 -0.564068
v 0.448291 1.810870 -0.566956
v 0.448330 1.775516 -0.522580
v 0.436786 1.812614 -0.522407
v 0.460181 1.785976 -0.484526
v 0.452428 1.826192 -0.479535
v 0.502634 1.811086 -0.469833
v 0.493277 1.851750 -0.469008
v 0.540385 1.830493 -0.487966
v 0.531500 1.871529 -0.488039
v 0.519764 1.918803 -0.488434
v 0.543308 1.870857 -0.532202
v 0.533331 1.914903 -0.535165
v 0.520617 1.895402 -0.579261
v 0.518740 1.979886 -0.546643
v 0.503779 1.988832 -0.496495
v 0.507357 1.954764 -0.592493
v 0.499914 2.051250 -0.562455
v 0.481369 2.067388 -0.509085
v 0.475661 2.125175 -0.595381
v 0.490885 2.019184 -0.609257
v 0.467867 2.085550 -0.642441
v 0.447553 1.981149 -0.622465
v 0.424565 2.042136 -0.654047
v 0.398439 1.957102 -0.602036
v 0.464423 1.923004 -0.604751
v 0.477876 1.868470 -0.591072
v 0.419340 1.901310 -0.584813
v 0.403712 1.912813 -0.535973
v 0.435869 1.848278 -0.570807
v 0.423047 1.853928 -0.525030
v 0.437395 1.871287 -0.480403
v 0.478986 1.899072 -0.469356
v 0.416258 1.936427 -0.488964
v 0.391454 2.007090 -0.502234
v 0.459029 1.967977 -0.476840
v 0.433415 2.044192 -0.490274
v 0.402584 2.123440 -0.521979
v 0.360038 2.080164 -0.533310
v 0.454733 2.148346 -0.541172
v 0.370600 2.197474 -0.559875
v 0.423732 2.226327 -0.580839
v 0.328914 2.148263 -0.566913
v 0.333354 2.241604 -0.606393
v 0.294839 2.184432 -0.607656
v 0.383063 2.275270 -0.631329
v 0.293782 2.271058 -0.666629
v 0.266478 2.215970 -0.652731
v 0.289010 2.247452 -0.726172
v 0.341201 2.303934 -0.680511
v 0.348145 2.284742 -0.731084
v 0.359348 2.232671 -0.769207
v 0.409357 2.245565 -0.682901
v 0.447260 2.198475 -0.634603
v 0.408246 2.191613 -0.726085
v 0.442899 2.151779 -0.679876
v 0.369180 2.132269 -0.727417
v 0.399948 2.098755 -0.688346
v 0.318813 2.098723 -0.702007
v 0.315551 2.189017 -0.768807
v 0.284512 2.144154 -0.740951
v 0.262071 2.183026 -0.697423
v 0.293444 2.129004 -0.650070
v 0.323158 2.097664 -0.613058
v 0.352047 2.040034 -0.580763
v 0.347221 2.067923 -0.666151
v 0.372991 2.015584 -0.633753
v 0.380732 1.975090 -0.550515
v 0.476190 1.745118 -0.474109
v 0.472979 1.787712 -0.475831
v 0.471810 1.736175 -0.513298
v 0.511869 1.756215 -0.450380
v 0.509411 1.799201 -0.453439
v 0.555822 1.761477 -0.456033
v 0.554718 1.804676 -0.459757
v 0.577974 1.756586 -0.495244
v 0.576615 1.799310 -0.499929
v 0.571722 1.745421 -0.537683
v 0.571551 1.787666 -0.542475
v 0.536584 1.735308 -0.558418
v 0.534723 1.776462 -0.565247
v 0.492212 1.729378 -0.551038
v 0.489044 1.770071 -0.558567
v 0.483264 1.825282 -0.569644
v 0.467304 1.777606 -0.518358
v 0.460654 1.833806 -0.527120
v 0.466266 1.845485 -0.481771
v 0.441047 1.965480 -0.551834
v 0.466182 1.957419 -0.600814
v 0.446274 1.979167 -0.499220
v 0.424989 2.124348 -0.575876
v 0.426485 2.111934 -0.519443
v 0.447166 2.091913 -0.623035
v 0.478782 2.184705 -0.571811
v 0.497137 2.128184 -0.626392
v 0.544199 2.153972 -0.554356
v 0.471443 2.151899 -0.504455
v 0.527892 2.137998 -0.500190
v 0.490329 1.995183 -0.473675
v 0.504599 1.858772 -0.458597
v 0.543837 2.003548 -0.480281
v 0.552296 1.865064 -0.465081
v 0.568638 1.996420 -0.529816
v 0.574872 1.858777 -0.508115
v 0.563449 1.981772 -0.582470
v 0.518952 1.966888 -0.607543
v 0.569777 1.845458 -0.553107
v 0.549183 2.117137 -0.603982
v 0.530885 1.832613 -0.576441
v 0.495384 1.768505 -0.512758
v 0.499131 1.836350 -0.519192
v 0.542084 1.756553 -0.526028
v 0.478734 1.781510 -0.463941
v 0.483656 1.850429 -0.467696
v 0.490582 1.786009 -0.414065
v 0.496453 1.855242 -0.414027
v 0.538190 1.778250 -0.394324
v 0.545931 1.846536 -0.394126
v 0.587248 1.765067 -0.409805
v 0.596265 1.832033 -0.408381
v 0.601866 1.755127 -0.457668
v 0.613109 1.820524 -0.460803
v 0.588304 1.748417 -0.507601
v 0.599419 1.813033 -0.514646
v 0.614648 1.880915 -0.524645
v 0.549669 1.822398 -0.534404
v 0.561270 1.892925 -0.545884
v 0.507022 1.910649 -0.530120
v 0.585872 1.991096 -0.566669
v 0.645350 1.977449 -0.544213
v 0.525579 2.012062 -0.550422
v 0.614979 2.098349 -0.592340
v 0.681267 2.084725 -0.569214
v 0.645435 2.230028 -0.638224
v 0.548640 2.122988 -0.575602
v 0.576916 2.264681 -0.622576
v 0.530308 2.148289 -0.508638
v 0.560280 2.298196 -0.553138
v 0.547842 2.162086 -0.438448
v 0.508225 2.032392 -0.487524
v 0.491228 1.927571 -0.473667
v 0.523580 2.041167 -0.421547
v 0.583629 2.029742 -0.399917
v 0.504742 1.933608 -0.414763
v 0.557920 1.923043 -0.393915
v 0.611086 1.904757 -0.408329
v 0.628830 1.889642 -0.465580
v 0.642700 2.007756 -0.415594
v 0.678812 2.125150 -0.432734
v 0.660365 1.987993 -0.478882
v 0.697373 2.099516 -0.500214
v 0.736350 2.230375 -0.543287
v 0.719705 2.264112 -0.473687
v 0.716130 2.210810 -0.615180
v 0.759590 2.377583 -0.591269
v 0.748969 2.389380 -0.520502
v 0.698658 2.454348 -0.608561
v 0.741133 2.335782 -0.653277
v 0.683174 2.384335 -0.673730
v 0.612731 2.402482 -0.662327
v 0.613038 2.455403 -0.602151
v 0.620700 2.456116 -0.529169
v 0.692807 2.446482 -0.521577
v 0.581338 2.318139 -0.481019
v 0.651690 2.299360 -0.458351
v 0.614073 2.150432 -0.416878
v 0.475451 1.758318 -0.532683
v 0.467887 1.809561 -0.530160
v 0.523393 1.779596 -0.528891
v 0.450938 1.738583 -0.499126
v 0.438763 1.786364 -0.493356
v 0.449072 1.724119 -0.456250
v 0.436802 1.770628 -0.446966
v 0.480244 1.730814 -0.423747
v 0.470150 1.778334 -0.413375
v 0.522549 1.747834 -0.416367
v 0.516672 1.798307 -0.407076
v 0.553557 1.772521 -0.451581
v 0.544718 1.823505 -0.442897
v 0.555842 1.786442 -0.496661
v 0.547240 1.838481 -0.489252
v 0.532702 1.911201 -0.477505
v 0.514271 1.831213 -0.522990
v 0.497503 1.902148 -0.514166
v 0.449086 1.876795 -0.523247
v 0.446720 2.059518 -0.494902
v 0.488082 2.071705 -0.453286
v 0.392660 2.029605 -0.506400
v 0.386836 2.221380 -0.475288
v 0.327774 2.187336 -0.489222
v 0.434245 2.236155 -0.430564
v 0.341665 2.306896 -0.455493
v 0.389473 2.321969 -0.409283
v 0.282549 2.269652 -0.471360
v 0.291119 2.376408 -0.415651
v 0.244173 2.337553 -0.440892
v 0.341544 2.379541 -0.386201
v 0.262605 2.352694 -0.353666
v 0.327450 2.354303 -0.331640
v 0.256958 2.285472 -0.307872
v 0.215904 2.305392 -0.393831
v 0.214661 2.259402 -0.346568
v 0.248885 2.220804 -0.425703
v 0.291338 2.147071 -0.441921
v 0.244695 2.190418 -0.362511
v 0.285383 2.122486 -0.378846
v 0.292955 2.205560 -0.316342
v 0.331734 2.138933 -0.333373
v 0.351891 2.244534 -0.300891
v 0.385185 2.291097 -0.346399
v 0.392004 2.173861 -0.320038
v 0.311401 2.301507 -0.292160
v 0.427614 2.212514 -0.366975
v 0.449691 2.019897 -0.351011
v 0.482830 2.052855 -0.395013
v 0.500702 1.866214 -0.390126
v 0.395788 1.991124 -0.362202
v 0.452259 1.842328 -0.398149
v 0.355619 1.977325 -0.403134
v 0.417133 1.832386 -0.433713
v 0.359508 1.997115 -0.461238
v 0.419007 1.849651 -0.483440
v 0.529546 1.894759 -0.427898
v 0.475483 1.735228 -0.521856
v 0.480880 1.783573 -0.531649
v 0.517385 1.720001 -0.537419
v 0.463699 1.751542 -0.479199
v 0.470004 1.802620 -0.487785
v 0.478528 1.759210 -0.434734
v 0.485640 1.811835 -0.441444
v 0.523145 1.752045 -0.419391
v 0.531433 1.803729 -0.425798
v 0.564859 1.736190 -0.435198
v 0.574044 1.785354 -0.440826
v 0.576812 1.721719 -0.478316
v 0.586397 1.767483 -0.486386
v 0.561474 1.712304 -0.522109
v 0.570412 1.756100 -0.531754
v 0.584636 1.805647 -0.549008
v 0.524673 1.764929 -0.547715
v 0.538159 1.816736 -0.566166
v 0.491936 1.844126 -0.551621
v 0.589459 1.928697 -0.637129
v 0.641189 1.916252 -0.619253
v 0.535971 1.962241 -0.624542
v 0.657789 2.080731 -0.711572
v 0.595459 2.079028 -0.693711
v 0.710242 2.042543 -0.690655
v 0.677227 2.145631 -0.656833
v 0.730844 2.082280 -0.637729
v 0.662453 2.129230 -0.576592
v 0.598674 2.126813 -0.640338
v 0.602274 2.122743 -0.579036
v 0.526874 1.996164 -0.571275
v 0.482826 1.870307 -0.505544
v 0.546483 2.012102 -0.516834
v 0.500125 1.883105 -0.457002
v 0.600297 2.000452 -0.498090
v 0.547396 1.873642 -0.440587
v 0.652204 1.967132 -0.510623
v 0.661332 1.932068 -0.566658
v 0.591576 1.848705 -0.453730
v 0.714539 2.082319 -0.574410
v 0.602593 1.820838 -0.502530
v -0.466521 1.808281 -0.501870
v -0.461314 1.865614 -0.497111
v -0.446219 1.795641 -0.458943
v -0.515807 1.820313 -0.508411
v -0.512094 1.878347 -0.502205
v -0.556272 1.822577 -0.484265
v -0.554897 1.880570 -0.475987
v -0.563412 1.813190 -0.436311
v -0.561222 1.870392 -0.426162
v -0.540577 1.797604 -0.392221
v -0.538963 1.853941 -0.380854
v -0.492337 1.787515 -0.388126
v -0.488239 1.842535 -0.375893
v -0.452223 1.785263 -0.414251
v -0.446065 1.839612 -0.401690
v -0.437303 1.896641 -0.387613
v -0.438858 1.851204 -0.450485
v -0.429647 1.910123 -0.439646
v -0.452830 1.927549 -0.489257
v -0.412474 1.989059 -0.421700
v -0.420149 1.975461 -0.363671
v -0.437380 2.009013 -0.475458
v -0.389142 2.072691 -0.407996
v -0.395262 2.062737 -0.342997
v -0.350797 2.170303 -0.406847
v -0.416883 2.094203 -0.464985
v -0.378920 2.199626 -0.464281
v -0.478227 2.118226 -0.468298
v -0.441461 2.230399 -0.465179
v -0.533524 2.130444 -0.435601
v -0.494828 2.027567 -0.479982
v -0.505952 1.942571 -0.494000
v -0.546005 2.032334 -0.450397
v -0.551911 2.020361 -0.391590
v -0.551928 1.945048 -0.466637
v -0.558313 1.933165 -0.413144
v -0.535318 1.914411 -0.365642
v -0.482350 1.900750 -0.360859
v -0.526708 2.000089 -0.339755
v -0.510228 2.099241 -0.316287
v -0.469502 1.983131 -0.335480
v -0.448444 2.077043 -0.312597
v -0.410475 2.178926 -0.304613
v -0.473542 2.208807 -0.305714
v -0.355309 2.158001 -0.339027
v -0.370023 2.293326 -0.311171
v -0.431897 2.305023 -0.305083
v -0.367418 2.357481 -0.368288
v -0.320791 2.255278 -0.339436
v -0.314171 2.295239 -0.393728
v -0.338320 2.312755 -0.453103
v -0.390642 2.359983 -0.442087
v -0.451198 2.361198 -0.418885
v -0.442749 2.352342 -0.354135
v -0.497726 2.250628 -0.429990
v -0.501898 2.237228 -0.362923
v -0.537763 2.120629 -0.372367
v -0.466562 1.815198 -0.575688
v -0.470817 1.855276 -0.575202
v -0.448081 1.830877 -0.531666
v -0.504330 1.794030 -0.583377
v -0.512552 1.831227 -0.586413
v -0.541157 1.774604 -0.564068
v -0.551709 1.810870 -0.566956
v -0.551670 1.775516 -0.522580
v -0.563214 1.812614 -0.522407
v -0.539819 1.785976 -0.484526
v -0.547572 1.826192 -0.479535
v -0.497366 1.811086 -0.469833
v -0.506723 1.851750 -0.469008
v -0.459615 1.830493 -0.487966
v -0.468500 1.871529 -0.488039
v -0.480236 1.918803 -0.488434
v -0.456692 1.870857 -0.532202
v -0.466669 1.914903 -0.535165
v -0.479383 1.895402 -0.579261
v -0.481260 1.979886 -0.546643
v -0.496221 1.988832 -0.496495
v -0.492643 1.954764 -0.592493
v -0.500086 2.051250 -0.562455
v -0.518631 2.067388 -0.509085
v -0.524339 2.125175 -0.595381
v -0.509115 2.019184 -0.609257
v -0.532133 2.085550 -0.642441
v -0.552447 1.981149 -0.622465
v -0.575435 2.042136 -0.654047
v -0.601561 1.957102 -0.602036
v -0.535577 1.923004 -0.604751
v -0.522124 1.868470 -0.591072
v -0.580660 1.901310 -0.584813
v -0.596288 1.912813 -0.535973
v -0.564131 1.848278 -0.570807
v -0.576953 1.853928 -0.525030
v -0.562605 1.871287 -0.480403
v -0.521014 1.899072 -0.469356
v -0.583742 1.936427 -0.488964
v -0.608546 2.007090 -0.502234
v -0.540971 1.967977 -0.476840
v -0.566585 2.044192 -0.490274
v -0.597416 2.123440 -0.521979
v -0.639962 2.080164 -0.533310
v -0.545267 2.148346 -0.541172
v -0.629400 2.197474 -0.559875
v -0.576268 2.226327 -0.580839
v -0.671086 2.148263 -0.566913
v -0.666646 2.241604 -0.606393
v -0.705161 2.184432 -0.607656
v -0.616937 2.275270 -0.631329
v -0.706218 2.271058 -0.666629
v -0.733522 2.215970 -0.652731
v -0.710990 2.247452 -0.726172
v -0.658799 2.303934 -0.680511
v -0.651855 2.284742 -0.731084
v -0.640652 2.232671 -0.769207
v -0.590643 2.245565 -0.682901
v -0.552740 2.198475 -0.634603
v -0.591754 2.191613 -0.726085
v -0.557101 2.151779 -0.679876
v -0.630820 2.132269 -0.727417
v -0.600052 2.098755 -0.688346
v -0.681187 2.098723 -0.702007
v -0.684449 2.189017 -0.768807
v -0.715488 2.144154 -0.740951
v -0.737929 2.183026 -0.697423
v -0.706556 2.129004 -0.650070
v -0.676841 2.097664 -0.613058
v -0.647953 2.040034 -0.580763
v -0.652779 2.067923 -0.666151
v -0.627009 2.015584 -0.633753
v -0.619268 1.975090 -0.550515
v -0.523810 1.745118 -0.474109
v -0.527021 1.787712 -0.475831
v -0.528190 1.736175 -0.513298
v -0.488131 1.756215 -0.450380
v -0.490589 1.799201 -0.453439
v -0.444178 1.761477 -0.456033
v -0.445282 1.804676 -0.459757
v -0.422026 1.756586 -0.495244
v -0.423385 1.799310 -0.499929
v -0.428278 1.745421 -0.537683
v -0.428449 1.787666 -0.542475
v -0.463416 1.735308 -0.558418
v -0.465277 1.776462 -0.565247
v -0.507788 1.729378 -0.551038
v -0.510956 1.770071 -0.558567
v -0.516736 1.825282 -0.569644
v -0.532696 1.777606 -0.518358
v -0.539346 1.833806 -0.527120
v -0.533734 1.845485 -0.481771
v -0.558953 1.965480 -0.551834
v -0.533818 1.957419 -0.600814
v -0.553726 1.979167 -0.499220
v -0.575011 2.124348 -0.575876
v -0.573515 2.111934 -0.519443
v -0.552834 2.091913 -0.623035
v -0.521218 2.184705 -0.571811
v -0.502863 2.128184 -0.626392
v -0.455801 2.153972 -0.554356
v -0.528557 2.151899 -0.504455
v -0.472108 2.137998 -0.500190
v -0.509671 1.995183 -0.473675
v -0.495401 1.858772 -0.458597
v -0.456163 2.003548 -0.480281
v -0.447704 1.865064 -0.465081
v -0.431362 1.996420 -0.529816
v -0.425128 1.858777 -0.508115
v -0.436551 1.981772 -0.582470
v -0.481048 1.966888 -0.607543
v -0.430223 1.845458 -0.553107
v -0.450817 2.117137 -0.603982
v -0.469115 1.832613 -0.576441
v -0.504616 1.768505 -0.512758
v -0.500869 1.836350 -0.519192
v -0.457916 1.756553 -0.526028
v -0.521266 1.781510 -0.463941
v -0.516344 1.850429 -0.467696
v -0.509418 1.786009 -0.414065
v -0.503547 1.855242 -0.414027
v -0.461810 1.778250 -0.394324
v -0.454069 1.846536 -0.394126
v -0.412752 1.765067 -0.409805
v -0.403735 1.832033 -0.408381
v -0.398134 1.755127 -0.457668
v -0.386890 1.820524 -0.460803
v -0.411696 1.748417 -0.507601
v -0.400581 1.813033 -0.514646
v -0.385352 1.880915 -0.524645
v -0.450331 1.822398 -0.534404
v -0.438730 1.892925 -0.545884
v -0.492978 1.910649 -0.530120
v -0.414128 1.991096 -0.566669
v -0.354650 1.977449 -0.544213
v -0.474421 2.012062 -0.550422
v -0.385021 2.098349 -0.592340
v -0.318733 2.084725 -0.569214
v -0.354565 2.230028 -0.638224
v -0.451360 2.122988 -0.575602
v -0.423084 2.264681 -0.622576
v -0.469691 2.148289 -0.508638
v -0.439720 2.298196 -0.553138
v -0.452158 2.162086 -0.438448
v -0.491775 2.032392 -0.487524
v -0.508772 1.927571 -0.473667
v -0.476420 2.041167 -0.421547
v -0.416371 2.029742 -0.399917
v -0.495258 1.933608 -0.414763
v -0.442080 1.923043 -0.393915
v -0.388914 1.904757 -0.408329
v -0.371170 1.889642 -0.465580
v -0.357300 2.007756 -0.415594
v -0.321188 2.125150 -0.432734
v -0.339635 1.987993 -0.478882
v -0.302627 2.099516 -0.500214
v -0.263650 2.230375 -0.543287
v -0.280295 2.264112 -0.473687
v -0.283869 2.210810 -0.615180
v -0.240410 2.377583 -0.591269
v -0.251031 2.389380 -0.520502
v -0.301342 2.454348 -0.608561
v -0.258867 2.335782 -0.653277
v -0.316826 2.384335 -0.673730
v -0.387269 2.402482 -0.662327
v -0.386962 2.455403 -0.602151
v -0.379300 2.456116 -0.529169
v -0.307193 2.446482 -0.521577
v -0.418662 2.318139 -0.481019
v -0.348310 2.299360 -0.458351
v -0.385927 2.150432 -0.416878
v -0.524549 1.758318 -0.532683
v -0.532113 1.809561 -0.530160
v -0.476607 1.779596 -0.528891
v -0.549062 1.738583 -0.499126
v -0.561237 1.786364 -0.493356
v -0.550928 1.724119 -0.456250
v -0.563198 1.770628 -0.446966
v -0.519756 1.730814 -0.423747
v -0.529850 1.778334 -0.413375
v -0.477451 1.747834 -0.416367
v -0.483328 1.798307 -0.407076
v -0.446443 1.772521 -0.451581
v -0.455282 1.823505 -0.442897
v -0.444158 1.786442 -0.496661
v -0.452760 1.838481 -0.489252
v -0.467298 1.911201 -0.477505
v -0.485729 1.831213 -0.522990
v -0.502497 1.902148 -0.514166
v -0.550914 1.876795 -0.523247
v -0.553280 2.059518 -0.494902
v -0.511918 2.071705 -0.453286
v -0.607340 2.029605 -0.506400
v -0.613164 2.221380 -0.475288
v -0.672226 2.187336 -0.489222
v -0.565755 2.236155 -0.430564
v -0.658335 2.306896 -0.455493
v -0.610527 2.321969 -0.409283
v -0.717451 2.269652 -0.471360
v -0.708881 2.376408 -0.415651
v -0.755827 2.337553 -0.440892
v -0.658455 2.379541 -0.386201
v -0.737395 2.352694 -0.353666
v -0.672550 2.354303 -0.331640
v -0.743042 2.285472 -0.307872
v -0.784096 2.305392 -0.393831
v -0.785339 2.259402 -0.346568
v -0.751115 2.220804 -0.425703
v -0.708662 2.147071 -0.441921
v -0.755305 2.190418 -0.362511
v -0.714617 2.122486 -0.378846
v -0.707045 2.205560 -0.316342
v -0.668266 2.138933 -0.333373
v -0.648109 2.244534 -0.300891
v -0.614815 2.291097 -0.346399
v -0.607996 2.173861 -0.320038
v -0.688599 2.301507 -0.292160
v -0.572386 2.212514 -0.366975
v -0.550309 2.019897 -0.351011
v -0.517170 2.052855 -0.395013
v -0.499298 1.866214 -0.390126
v -0.604212 1.991124 -0.362202
v -0.547741 1.842328 -0.398149
v -0.644380 1.977325 -0.403134
v -0.582867 1.832386 -0.433713
v -0.640492 1.997115 -0.461238
v -0.580993 1.849651 -0.483440
v -0.470454 1.894759 -0.427898
v -0.524517 1.735228 -0.521856
v -0.519120 1.783573 -0.531649
v -0.482615 1.720001 -0.537419
v -0.536301 1.751542 -0.479199
v -0.529996 1.802620 -0.487785
v -0.521472 1.759210 -0.434734
v -0.514360 1.811835 -0.441444
v -0.476855 1.752045 -0.419391
v -0.468567 1.803729 -0.425798
v -0.435141 1.736190 -0.435198
v -0.425956 1.785354 -0.440826
v -0.423188 1.721719 -0.478316
v -0.413603 1.767483 -0.486386
v -0.438526 1.712304 -0.522109
v -0.429588 1.756100 -0.531754
v -0.415364 1.805647 -0.549008
v -0.475327 1.764929 -0.547715
v -0.461841 1.816736 -0.566166
v -0.508064 1.844126 -0.551621
v -0.410541 1.928697 -0.637129
v -0.358811 1.916252 -0.619253
v -0.464029 1.962241 -0.624542
v -0.342211 2.080731 -0.711572
v -0.404541 2.079028 -0.693711
v -0.289758 2.042543 -0.690655
v -0.322773 2.145631 -0.656833
v -0.269156 2.082280 -0.637729
v -0.337547 2.129230 -0.576592
v -0.401326 2.126813 -0.640338
v -0.397726 2.122743 -0.579036
v -0.473126 1.996164 -0.571275
v -0.517174 1.870307 -0.505544
v -0.453517 2.012102 -0.516834
v -0.499875 1.883105 -0.457002
v -0.399703 2.000452 -0.498090
v -0.452604 1.873642 -0.440587
v -0.347796 1.967132 -0.510623
v -0.338668 1.932068 -0.566658
v -0.408424 1.848705 -0.453730
v -0.285461 2.082319 -0.574410
v -0.397407 1.820838 -0.502530
vn -0.1757 0.1107 -0.9782
vn -0.2025 0.1263 -0.9711
vn 0.1297 0.0963 -0.9869
vn 0.1354 0.0834 -0.9873
vn 0.8957 -0.0480 -0.4421
vn 0.8946 -0.0556 -0.4434
vn 0.9774 -0.1105 -0.1800
vn 0.9818 -0.1011 -0.1607
vn -0.5082 0.1286 -0.8516
vn -0.5064 0.1408 -0.8507
vn -0.9846 -0.0033 0.1749
vn -0.9872 0.0044 0.1595
vn -0.9914 0.0581 -0.1169
vn -0.9907 0.0509 -0.1263
vn -0.8990 -0.0523 0.4348
vn -0.9018 -0.0506 0.4291
vn 0.2220 -0.2312 0.9472
vn 0.1855 -0.2482 0.9508
vn -0.1401 -0.2178 0.9659
vn -0.1321 -0.1990 0.9711
vn 0.5080 -0.2355 0.8286
vn 0.4950 -0.2529 0.8313
vn 0.9821 -0.1573 0.1036
vn 0.9843 -0.1413 0.1059
vn 0.4622 -0.3032 0.8333
vn 0.1592 -0.2930 0.9428
vn 0.9710 -0.1453 -0.1899
vn 0.9751 -0.2026 0.0898
vn 0.8916 -0.0783 -0.4460
vn 0.8785 -0.1273 -0.4605
vn 0.9591 -0.1995 -0.2007
vn 0.9643 -0.2566 0.0658
vn 0.9283 -0.2905 -0.2321
vn 0.9441 -0.3279 0.0330
vn 0.8336 -0.2334 -0.5005
vn 0.9103 -0.3110 -0.2731
vn 0.9389 -0.3439 -0.0128
vn 0.8303 -0.2574 -0.4943
vn 0.0710 0.0566 -0.9959
vn -0.2251 0.1271 -0.9660
vn -0.2140 0.1585 -0.9639
vn 0.0223 0.0668 -0.9975
vn 0.1148 0.1247 -0.9855
vn -0.1973 0.1672 -0.9660
vn -0.4724 0.1864 -0.8614
vn -0.4298 0.2327 -0.8724
vn -0.4782 0.1954 -0.8563
vn -0.1979 0.1602 -0.9670
vn -0.4944 0.1759 -0.8512
vn 0.1245 0.1266 -0.9841
vn -0.9905 0.1167 -0.0727
vn -0.9793 0.0614 0.1930
vn -0.9536 0.1827 0.2393
vn -0.9749 0.2200 -0.0325
vn -0.9921 0.0776 -0.0985
vn -0.9861 0.0186 0.1652
vn -0.9049 -0.0435 0.4234
vn -0.8991 0.0001 0.4377
vn -0.1503 -0.2535 0.9556
vn 0.1433 -0.2940 0.9450
vn -0.1423 -0.2361 0.9613
vn -0.8676 0.1274 0.4807
vn 0.1594 -0.2085 0.9649
vn -0.0973 -0.1318 0.9865
vn 0.4315 -0.3245 0.8417
vn 0.4326 -0.2700 0.8602
vn 0.2241 -0.1075 0.9686
vn -0.0081 -0.0248 0.9997
vn 0.4498 -0.1803 0.8747
vn 0.3990 0.3230 0.8582
vn 0.0976 0.3760 0.9215
vn 0.6289 0.1642 0.7600
vn 0.4396 0.8415 0.3141
vn 0.0728 0.8974 0.4351
vn 0.7539 0.6177 0.2238
vn 0.9125 -0.2632 -0.3131
vn 0.9522 -0.3024 -0.0426
vn 0.6895 0.7110 -0.1384
vn 0.3672 0.9297 -0.0287
vn 0.8514 -0.2280 -0.4724
vn -0.2043 0.2182 -0.9543
vn 0.0061 0.1375 -0.9905
vn -0.0059 0.9965 0.0831
vn -0.3871 0.2819 -0.8779
vn -0.9319 0.3594 0.0497
vn -0.8988 0.3308 0.2876
vn -0.8738 0.3968 0.2810
vn -0.9045 0.4148 0.0994
vn -0.8084 0.2765 0.5196
vn -0.7735 0.3452 0.5315
vn 0.9081 0.1457 -0.3926
vn 0.9132 0.1575 -0.3758
vn 0.9779 0.2008 -0.0576
vn 0.9779 0.1835 -0.1006
vn -0.1331 -0.1027 -0.9858
vn -0.0526 -0.1075 -0.9928
vn 0.2638 -0.0233 -0.9643
vn 0.2287 0.0048 -0.9735
vn -0.3760 -0.1695 -0.9110
vn -0.3626 -0.1856 -0.9133
vn -0.9577 -0.2832 0.0508
vn -0.9503 -0.2978 0.0912
vn -0.9250 -0.3059 -0.2252
vn -0.9297 -0.2885 -0.2290
vn -0.8925 -0.2479 0.3768
vn -0.8827 -0.2640 0.3889
vn 0.0425 -0.0354 0.9985
vn 0.0991 0.0096 0.9950
vn -0.2207 -0.0922 0.9710
vn -0.2221 -0.1166 0.9680
vn 0.4036 0.0817 0.9113
vn 0.3931 0.0998 0.9141
vn 0.9428 0.2200 0.2506
vn 0.9459 0.2062 0.2506
vn 0.9772 0.2092 -0.0367
vn 0.9387 0.2406 0.2468
vn 0.3538 0.1564 0.9222
vn 0.0530 0.0735 0.9959
vn 0.9267 0.1609 -0.3397
vn 0.9355 0.1556 -0.3173
vn 0.9735 0.2254 -0.0378
vn 0.9323 0.2747 0.2351
vn 0.9625 0.2694 -0.0328
vn 0.9161 0.3418 0.2097
vn 0.9365 0.1711 -0.3062
vn 0.9497 0.3075 -0.0590
vn 0.8961 0.4072 0.1765
vn 0.9360 0.1819 -0.3014
vn 0.4450 -0.2133 -0.8698
vn 0.1536 -0.3294 -0.9316
vn 0.2243 -0.4100 -0.8841
vn 0.4921 -0.2677 -0.8284
vn 0.3752 -0.1443 -0.9157
vn 0.0709 -0.2501 -0.9656
vn -0.1672 -0.4175 -0.8932
vn -0.0763 -0.5150 -0.8538
vn -0.2488 -0.3285 -0.9112
vn 0.3264 -0.0976 -0.9402
vn 0.0046 -0.1841 -0.9829
vn -0.3135 -0.2521 -0.9155
vn -0.9178 -0.3323 -0.2174
vn -0.9462 -0.3082 0.0987
vn -0.9445 -0.3156 0.0914
vn -0.9100 -0.3629 -0.2006
vn -0.9326 -0.3409 0.1190
vn -0.8925 -0.4202 -0.1642
vn -0.8889 -0.2531 0.3817
vn -0.8987 -0.2419 0.3659
vn -0.2460 -0.0209 0.9690
vn 0.0035 0.1383 0.9904
vn -0.2982 0.0423 0.9536
vn -0.9019 -0.2408 0.3585
vn -0.0839 0.2421 0.9666
vn -0.3649 0.1163 0.9238
vn 0.2969 0.2188 0.9295
vn 0.2004 0.3396 0.9190
vn -0.1642 0.3472 0.9233
vn -0.4345 0.2096 0.8760
vn 0.1121 0.4510 0.8854
vn -0.2410 0.4709 0.8486
vn -0.4915 0.2875 0.8221
vn -0.0108 0.5985 0.8010
vn -0.1889 0.7229 0.6646
vn -0.3858 0.5839 0.7143
vn -0.5788 0.3898 0.7163
vn -0.6832 0.6965 0.2191
vn -0.8448 0.4460 0.2957
vn -0.4765 0.8644 0.1605
vn -0.7235 0.4747 -0.5012
vn -0.8853 0.2401 -0.3984
vn -0.5090 0.6537 -0.5600
vn 0.7116 0.6994 -0.0664
vn 0.7848 0.5590 -0.2677
vn 0.7123 0.6133 -0.3412
vn 0.6398 0.7533 -0.1524
vn 0.8122 0.3754 -0.4466
vn 0.7411 0.4516 -0.4969
vn -0.3953 0.4501 -0.8007
vn -0.6518 0.2720 -0.7079
vn 0.8346 0.5440 0.0864
vn 0.8988 0.4217 -0.1199
vn 0.9060 0.2430 -0.3464
vn 0.5427 -0.3213 -0.7761
vn 0.3238 -0.4816 -0.8144
vn 0.3030 -0.5094 -0.8054
vn 0.4827 -0.3351 -0.8092
vn 0.2579 -0.4464 -0.8569
vn 0.4042 -0.3175 -0.8578
vn 0.0281 -0.6198 -0.7843
vn 0.0856 -0.6574 -0.7487
vn 0.0453 -0.5931 -0.8039
vn -0.7994 0.1191 -0.5889
vn -0.7903 -0.6127 0.0085
vn -0.8591 -0.4717 0.1987
vn -0.8905 -0.4228 0.1682
vn -0.8298 -0.5579 -0.0114
vn -0.8776 -0.2874 0.3838
vn -0.9032 -0.2698 0.3339
vn -0.8108 -0.5838 -0.0429
vn -0.8792 -0.4297 0.2058
vn -0.8735 -0.2748 0.4019
vn -0.9211 -0.3683 0.1264
vn -0.9022 -0.2378 0.3599
vn -0.8709 -0.4749 -0.1269
vn -0.9870 -0.0794 0.1399
vn -0.9854 -0.0885 0.1456
vn -0.9793 -0.1316 -0.1535
vn -0.9759 -0.1231 -0.1804
vn -0.2485 0.0472 0.9675
vn -0.2151 0.0581 0.9749
vn -0.5348 0.0191 0.8447
vn -0.5412 0.0111 0.8408
vn 0.1227 0.0829 0.9890
vn 0.1234 0.0887 0.9884
vn 0.9857 0.0375 0.1643
vn 0.9821 0.0446 0.1832
vn 0.8800 0.0774 0.4685
vn 0.8761 0.0718 0.4768
vn 0.9911 0.0030 -0.1328
vn 0.9920 0.0066 -0.1261
vn 0.1914 -0.1532 -0.9695
vn 0.2276 -0.1639 -0.9599
vn 0.5418 -0.1191 -0.8320
vn 0.5369 -0.1036 -0.8373
vn -0.1278 -0.1790 -0.9755
vn -0.1196 -0.1910 -0.9743
vn -0.8812 -0.1634 -0.4435
vn -0.8809 -0.1511 -0.4485
vn -0.9764 -0.1591 -0.1462
vn -0.8817 -0.1938 -0.4302
vn -0.1011 -0.2194 -0.9704
vn 0.2356 -0.1911 -0.9529
vn -0.9831 -0.1112 0.1452
vn -0.9880 -0.1180 0.0993
vn -0.9749 -0.1598 -0.1550
vn -0.8964 -0.1907 -0.4001
vn -0.9779 -0.1430 -0.1528
vn -0.9107 -0.1684 -0.3772
vn -0.9917 -0.1124 0.0625
vn -0.1672 0.9668 -0.1931
vn -0.6814 0.6779 -0.2760
vn -0.7165 0.6655 0.2093
vn -0.2798 0.8931 0.3522
vn -0.0534 0.7150 -0.6971
vn -0.5009 0.5428 -0.6741
vn 0.4389 0.7159 -0.5430
vn 0.3967 0.9137 -0.0878
vn 0.2508 0.8805 0.4022
vn -0.4921 0.0636 0.8682
vn -0.2143 0.1119 0.9703
vn -0.2058 0.1417 0.9683
vn -0.4609 0.0939 0.8825
vn 0.0682 0.1480 0.9866
vn 0.0298 0.1749 0.9841
vn -0.5231 0.0325 0.8517
vn -0.2115 0.0738 0.9746
vn 0.1170 0.1065 0.9874
vn 0.8878 0.0950 0.4504
vn 0.9824 0.0591 0.1771
vn 0.9796 0.1136 0.1657
vn 0.9014 0.1461 0.4077
vn 0.9724 0.1576 0.1722
vn 0.9085 0.1828 0.3757
vn 0.9932 0.0174 -0.1152
vn 0.9936 0.0705 -0.0887
vn 0.9907 0.1210 -0.0629
vn 0.5389 -0.1417 -0.8303
vn 0.2266 -0.1555 -0.9615
vn 0.4853 -0.1059 -0.8679
vn 0.2253 -0.1060 -0.9685
vn 0.4425 -0.0678 -0.8942
vn -0.0637 -0.1913 -0.9795
vn -0.0339 -0.1420 -0.9893
vn -0.2997 -0.0799 -0.9507
vn -0.3058 -0.0933 -0.9475
vn 0.0094 -0.1447 -0.9894
vn 0.0424 -0.1284 -0.9908
vn -0.9960 0.0600 -0.0658
vn -0.9962 0.0763 -0.0411
vn -0.9511 0.0496 -0.3050
vn -0.9488 0.0368 -0.3138
vn -0.9712 0.0819 0.2238
vn -0.9708 0.0960 0.2198
vn -0.0320 -0.0079 0.9995
vn -0.0591 -0.0014 0.9983
vn -0.3662 0.0432 0.9295
vn -0.3726 0.0353 0.9273
vn 0.2747 -0.0455 0.9605
vn 0.2645 -0.0463 0.9633
vn 0.9852 -0.1687 0.0302
vn 0.9790 -0.1940 0.0629
vn 0.9290 -0.1659 0.3308
vn 0.9360 -0.1391 0.3234
vn 0.9568 -0.1823 -0.2263
vn 0.9543 -0.2085 -0.2141
vn 0.3324 -0.1817 -0.9255
vn 0.3400 -0.1583 -0.9270
vn -0.0084 -0.1866 -0.9824
vn 0.3089 -0.2393 -0.9205
vn 0.9419 -0.2803 -0.1849
vn 0.9620 -0.2593 0.0856
vn -0.3087 -0.1170 -0.9440
vn -0.3027 -0.1386 -0.9430
vn -0.0138 -0.2217 -0.9750
vn 0.2801 -0.2855 -0.9165
vn -0.0341 -0.2783 -0.9599
vn 0.2411 -0.3369 -0.9102
vn -0.3133 -0.1972 -0.9290
vn -0.0548 -0.2798 -0.9585
vn 0.1931 -0.3350 -0.9222
vn -0.2860 -0.2078 -0.9354
vn -0.9485 0.1134 -0.2958
vn -0.9824 0.1819 -0.0430
vn -0.9714 0.2315 -0.0524
vn -0.9501 0.1502 -0.2733
vn -0.9460 0.1197 -0.3012
vn -0.9848 0.1662 -0.0496
vn -0.9518 0.2360 0.1959
vn -0.9407 0.2955 0.1664
vn -0.9594 0.2011 0.1977
vn -0.9509 0.0880 -0.2967
vn -0.9916 0.1226 -0.0411
vn -0.9669 0.1475 0.2083
vn -0.3434 0.0888 0.9350
vn -0.0544 0.0332 0.9980
vn -0.0233 0.0992 0.9948
vn -0.3060 0.1610 0.9383
vn 0.0158 0.1977 0.9801
vn -0.2577 0.2537 0.9323
vn 0.2544 -0.0288 0.9667
vn 0.2624 0.0262 0.9646
vn 0.9147 -0.2216 0.3379
vn 0.9500 -0.2971 0.0960
vn 0.9100 -0.2421 0.3365
vn 0.2865 0.1227 0.9502
vn 0.9563 -0.2760 0.0969
vn 0.9232 -0.2052 0.3251
vn 0.9293 -0.3333 -0.1594
vn 0.9301 -0.3325 -0.1561
vn 0.9750 -0.2157 0.0538
vn 0.9529 -0.1418 0.2682
vn 0.9467 -0.2749 -0.1678
vn 0.9511 0.2656 -0.1580
vn 0.9405 0.3017 0.1564
vn 0.9112 0.0997 -0.3997
vn 0.4164 0.8428 -0.3411
vn 0.4493 0.8915 0.0571
vn 0.3946 0.6160 -0.6817
vn -0.0825 -0.2295 -0.9698
vn 0.1681 -0.2864 -0.9433
vn -0.2537 -0.1809 -0.9502
vn 0.0078 0.7134 -0.7007
vn 0.0412 0.9343 -0.3542
vn -0.9584 0.2812 -0.0487
vn -0.9443 0.2063 -0.2565
vn 0.0672 0.9968 0.0438
vn -0.9320 0.3358 0.1367
vn -0.1700 0.3524 0.9203
vn 0.0672 0.3032 0.9505
vn 0.0680 0.3537 0.9329
vn -0.1163 0.3897 0.9136
vn 0.3095 0.2302 0.9226
vn 0.3154 0.2843 0.9054
vn 0.0730 0.0932 -0.9930
vn 0.0848 0.1124 -0.9900
vn 0.4060 0.1830 -0.8953
vn 0.3615 0.1524 -0.9198
vn -0.9142 -0.1804 -0.3630
vn -0.8918 -0.1920 -0.4096
vn -0.7490 -0.1190 -0.6518
vn -0.7616 -0.0982 -0.6405
vn -0.9655 -0.2312 -0.1196
vn -0.9595 -0.2520 -0.1257
vn -0.4123 -0.2736 0.8690
vn -0.3575 -0.2892 0.8880
vn -0.6363 -0.3214 0.7013
vn -0.6490 -0.3005 0.6990
vn -0.0644 -0.2064 0.9763
vn -0.0461 -0.2289 0.9724
vn 0.9057 0.0693 0.4183
vn 0.9192 0.0961 0.3818
vn 0.7740 0.0124 0.6331
vn 0.7695 -0.0015 0.6386
vn 0.9835 0.1510 0.0994
vn 0.9800 0.1668 0.1089
vn 0.6697 0.2279 -0.7068
vn 0.6724 0.2063 -0.7109
vn 0.4088 0.2195 -0.8859
vn 0.6547 0.2698 -0.7061
vn 0.9665 0.2164 0.1378
vn 0.9053 0.1443 0.3995
vn 0.1065 0.1450 -0.9837
vn 0.1205 0.1578 -0.9801
vn 0.3960 0.2402 -0.8863
vn 0.6278 0.2997 -0.7183
vn 0.3611 0.3131 -0.8784
vn 0.5763 0.3839 -0.7214
vn 0.1079 0.2092 -0.9719
vn 0.0515 0.3567 -0.9328
vn 0.2687 0.4732 -0.8390
vn 0.4703 0.5461 -0.6932
vn 0.2097 0.5645 -0.7984
vn 0.3943 0.6346 -0.6647
vn 0.0124 0.4618 -0.8869
vn -0.5305 0.7388 0.4157
vn -0.4490 0.8745 0.1833
vn -0.6837 0.7296 0.0178
vn -0.7598 0.5902 0.2727
vn -0.2628 0.7887 0.5557
vn -0.1826 0.9285 0.3233
vn -0.3219 0.5864 0.7434
vn -0.5821 0.5245 0.6214
vn -0.7709 0.4318 0.4682
vn -0.7318 -0.1600 -0.6625
vn -0.8298 -0.2769 -0.4846
vn -0.8587 -0.1959 -0.4736
vn -0.7785 -0.1118 -0.6177
vn -0.8882 -0.3799 -0.2583
vn -0.9203 -0.2991 -0.2521
vn -0.6771 -0.2180 -0.7029
vn -0.8041 -0.3268 -0.4966
vn -0.8788 -0.4142 -0.2370
vn -0.5498 -0.4386 0.7109
vn -0.3163 -0.3593 0.8780
vn -0.3321 -0.3513 0.8754
vn -0.5330 -0.4250 0.7316
vn -0.3584 -0.2947 0.8858
vn -0.5429 -0.3648 0.7564
vn -0.0678 -0.2573 0.9639
vn -0.1108 -0.2471 0.9626
vn -0.1622 -0.2117 0.9638
vn 0.7147 0.1656 0.6795
vn 0.8467 0.2699 0.4585
vn 0.7581 0.3857 0.5258
vn 0.6477 0.2599 0.7162
vn 0.6966 0.4614 0.5495
vn 0.5881 0.3369 0.7353
vn 0.7488 0.1119 0.6533
vn 0.8802 0.1987 0.4310
vn -0.3342 -0.3328 0.8818
vn -0.0678 -0.2395 0.9685
vn 0.7715 0.0569 0.6337
vn -0.3327 -0.3270 0.8845
vn -0.0421 -0.2517 0.9669
vn -0.6067 -0.3695 0.7038
vn -0.5836 -0.3952 0.7094
vn -0.8689 -0.2479 -0.4285
vn -0.9385 -0.3109 -0.1501
vn -0.9098 -0.3684 -0.1910
vn -0.8395 -0.2984 -0.4541
vn -0.7281 -0.1662 -0.6650
vn -0.7029 -0.2054 -0.6810
vn 0.9474 0.2680 0.1749
vn 0.9097 0.3501 0.2234
vn 0.8177 0.4792 0.3188
vn 0.7526 0.5406 0.3761
vn -0.3918 -0.1425 -0.9090
vn -0.4024 -0.1817 -0.8972
vn -0.0865 -0.2628 -0.9610
vn -0.0415 -0.2166 -0.9754
vn -0.9933 0.1147 -0.0131
vn -0.9883 0.1519 0.0112
vn -0.9593 0.0800 -0.2707
vn -0.9590 0.0618 -0.2764
vn -0.9440 0.1643 0.2861
vn -0.9384 0.2078 0.2759
vn 0.0547 0.1082 0.9926
vn 0.0321 0.1539 0.9876
vn -0.2830 0.2120 0.9354
vn -0.2954 0.1620 0.9415
vn 0.3604 0.0487 0.9315
vn 0.3575 0.0744 0.9310
vn 0.9786 -0.2058 0.0025
vn 0.9700 -0.2394 0.0432
vn 0.9340 -0.1672 0.3159
vn 0.9404 -0.1413 0.3093
vn 0.9310 -0.2459 -0.2697
vn 0.9214 -0.2945 -0.2536
vn 0.2579 -0.3184 -0.9122
vn 0.2749 -0.2584 -0.9261
vn -0.1376 -0.3977 -0.9072
vn 0.1949 -0.4821 -0.8542
vn 0.8765 -0.4392 -0.1969
vn 0.9339 -0.3464 0.0885
vn -0.4250 -0.2835 -0.8597
vn -0.3785 -0.3320 -0.8640
vn -0.1379 -0.4520 -0.8813
vn 0.1136 -0.5364 -0.8363
vn -0.1046 -0.4262 -0.8986
vn 0.0822 -0.4941 -0.8655
vn -0.3225 -0.3221 -0.8901
vn 0.3052 0.8955 -0.3239
vn 0.2131 0.6316 -0.7454
vn -0.6470 0.5527 -0.5252
vn -0.5847 0.7784 -0.2286
vn 0.7437 0.6256 -0.2357
vn 0.6418 0.4167 -0.6437
vn 0.5584 0.5608 0.6113
vn 0.2315 0.8017 0.5511
vn -0.4641 0.7712 0.4357
vn -0.9246 0.2499 -0.2876
vn -0.9268 0.3696 -0.0672
vn -0.8712 0.4635 0.1617
vn -0.9518 0.1398 -0.2729
vn -0.9672 0.2538 -0.0036
vn -0.9131 0.3334 0.2348
vn -0.2364 0.3696 0.8986
vn 0.0555 0.2920 0.9548
vn 0.1012 0.4194 0.9022
vn -0.1653 0.5103 0.8440
vn 0.3689 0.1696 0.9139
vn 0.3648 0.2874 0.8856
vn 0.9116 -0.2406 0.3333
vn 0.9048 -0.4152 0.0949
vn 0.9023 -0.2961 0.3132
vn 0.9081 -0.4099 0.0859
vn 0.9084 -0.3070 0.2839
vn 0.8556 -0.5039 -0.1184
vn 0.8729 -0.4807 -0.0840
vn 0.8957 -0.0479 -0.4421
vn -0.9211 -0.3683 0.1263
vn -0.9870 -0.0793 0.1399
vn 0.9301 -0.3325 -0.1560
vn 0.9056 0.0693 0.4183
vn -0.6068 -0.3695 0.7038
vn 0.0424 -0.0354 0.9985
vn 0.9387 0.2405 0.2468
vn 0.0452 -0.5931 -0.8039
vn 0.1169 0.1065 0.9874
vn 0.4060 0.1830 -0.8954
vn -0.8882 -0.3799 -0.2582
vn -0.3226 -0.3221 -0.8901
vt 0.283493 0.053793
vt 0.281997 0.057331
vt 0.282139 0.056997
vt 0.283622 0.053489
vt 0.282282 0.056659
vt 0.283753 0.053180
vt 0.283404 0.054006
vt 0.281899 0.057564
vt 0.283496 0.053786
vt 0.282000 0.057324
vt 0.283628 0.053476
vt 0.282144 0.056985
vt 0.283756 0.053172
vt 0.282285 0.056651
vt 0.283846 0.052961
vt 0.282383 0.056419
vt 0.280797 0.060170
vt 0.280689 0.060426
vt 0.280685 0.060435
vt 0.280527 0.060809
vt 0.278339 0.065983
vt 0.278525 0.065543
vt 0.278657 0.065230
vt 0.276184 0.071078
vt 0.276364 0.070654
vt 0.275939 0.071659
vt 0.273553 0.077300
vt 0.273899 0.076483
vt 0.273111 0.078347
vt 0.275713 0.072192
vt 0.272765 0.079165
vt 0.278158 0.066412
vt 0.275562 0.072549
vt 0.272556 0.079659
vt 0.278032 0.066709
vt 0.280371 0.061177
vt 0.280263 0.061433
vt 0.278163 0.066400
vt 0.275739 0.072131
vt 0.280375 0.061168
vt 0.280533 0.060794
vt 0.278347 0.065963
vt 0.278530 0.065531
vt 0.275982 0.071556
vt 0.276210 0.071017
vt 0.273689 0.076980
vt 0.273341 0.077801
vt 0.271400 0.082391
vt 0.271224 0.082809
vt 0.271870 0.081281
vt 0.270417 0.084716
vt 0.270474 0.084582
vt 0.271195 0.082878
vt 0.270862 0.083665
vt 0.270268 0.085069
vt 0.270216 0.085191
vt 0.272900 0.078845
vt 0.283533 0.053701
vt 0.282510 0.056120
vt 0.282334 0.056535
vt 0.283373 0.054079
vt 0.283801 0.053065
vt 0.282805 0.055422
vt 0.284029 0.052526
vt 0.283055 0.054830
vt 0.283957 0.052698
vt 0.282975 0.055020
vt 0.283798 0.053074
vt 0.282800 0.055434
vt 0.283529 0.053710
vt 0.282505 0.056132
vt 0.283300 0.054251
vt 0.282254 0.056725
vt 0.281181 0.059262
vt 0.281084 0.059491
vt 0.281360 0.058838
vt 0.281383 0.058784
vt 0.279780 0.062575
vt 0.279500 0.063237
vt 0.279345 0.063604
vt 0.277692 0.067513
vt 0.277469 0.068041
vt 0.278060 0.066642
vt 0.275806 0.071972
vt 0.275513 0.072667
vt 0.276266 0.070884
vt 0.278532 0.065527
vt 0.276815 0.069587
vt 0.280176 0.061638
vt 0.278899 0.064659
vt 0.277231 0.068604
vt 0.280496 0.060881
vt 0.281712 0.058006
vt 0.281988 0.057353
vt 0.281891 0.057583
vt 0.280338 0.061256
vt 0.278669 0.065201
vt 0.281689 0.058062
vt 0.280055 0.061925
vt 0.279662 0.062855
vt 0.278295 0.066087
vt 0.277830 0.067187
vt 0.275919 0.071705
vt 0.276459 0.070429
vt 0.274152 0.075883
vt 0.274767 0.074430
vt 0.273696 0.076963
vt 0.272619 0.079510
vt 0.273145 0.078266
vt 0.273837 0.076629
vt 0.272508 0.079771
vt 0.273222 0.078084
vt 0.272005 0.080961
vt 0.272872 0.078910
vt 0.273668 0.077029
vt 0.272324 0.080207
vt 0.272986 0.078641
vt 0.273567 0.077268
vt 0.272893 0.078862
vt 0.273483 0.077465
vt 0.274050 0.076125
vt 0.274593 0.074841
vt 0.275219 0.073361
vt 0.274265 0.075617
vt 0.275686 0.072256
vt 0.274797 0.074359
vt 0.274111 0.075981
vt 0.274424 0.075242
vt 0.275321 0.073120
vt 0.276928 0.069319
vt 0.285177 0.049812
vt 0.284073 0.052423
vt 0.284181 0.052168
vt 0.285275 0.049579
vt 0.285064 0.050078
vt 0.283950 0.052714
vt 0.284980 0.050277
vt 0.283858 0.052932
vt 0.285045 0.050125
vt 0.283928 0.052765
vt 0.285144 0.049891
vt 0.284036 0.052510
vt 0.285256 0.049625
vt 0.284159 0.052219
vt 0.285340 0.049427
vt 0.284251 0.052002
vt 0.282670 0.055741
vt 0.282748 0.055556
vt 0.282646 0.055798
vt 0.282550 0.056025
vt 0.279044 0.064315
vt 0.279190 0.063969
vt 0.279286 0.063744
vt 0.275843 0.071885
vt 0.276245 0.070935
vt 0.275991 0.071535
vt 0.275089 0.073668
vt 0.275532 0.072621
vt 0.275813 0.071956
vt 0.275938 0.071662
vt 0.275502 0.072691
vt 0.275684 0.072262
vt 0.278877 0.064711
vt 0.278751 0.065008
vt 0.282412 0.056350
vt 0.282310 0.056593
vt 0.282388 0.056408
vt 0.278847 0.064782
vt 0.282508 0.056123
vt 0.278993 0.064436
vt 0.279160 0.064040
vt 0.284590 0.051200
vt 0.282825 0.055375
vt 0.282984 0.054998
vt 0.284736 0.050856
vt 0.284424 0.051592
vt 0.282643 0.055806
vt 0.284301 0.051884
vt 0.282507 0.056127
vt 0.284396 0.051659
vt 0.282611 0.055881
vt 0.284541 0.051315
vt 0.282770 0.055504
vt 0.284707 0.050924
vt 0.282952 0.055074
vt 0.284830 0.050632
vt 0.283088 0.054753
vt 0.281071 0.059522
vt 0.281185 0.059253
vt 0.281035 0.059606
vt 0.280896 0.059935
vt 0.278247 0.066199
vt 0.278441 0.065743
vt 0.278565 0.065448
vt 0.275537 0.072609
vt 0.275706 0.072208
vt 0.275285 0.073204
vt 0.272055 0.080844
vt 0.272430 0.079956
vt 0.271557 0.082021
vt 0.275013 0.073847
vt 0.271132 0.083026
vt 0.278024 0.066728
vt 0.274816 0.074314
vt 0.270859 0.083671
vt 0.277855 0.067126
vt 0.280697 0.060407
vt 0.280548 0.060760
vt 0.280661 0.060491
vt 0.277979 0.066833
vt 0.274984 0.073916
vt 0.280836 0.060078
vt 0.278172 0.066378
vt 0.278396 0.065847
vt 0.275235 0.073324
vt 0.275508 0.072678
vt 0.272157 0.080603
vt 0.271731 0.081610
vt 0.269098 0.087835
vt 0.268895 0.088315
vt 0.269713 0.086382
vt 0.267887 0.090699
vt 0.267989 0.090460
vt 0.268902 0.088300
vt 0.268553 0.089125
vt 0.267792 0.090924
vt 0.267735 0.091058
vt 0.271234 0.082785
vt 0.284865 0.050550
vt 0.283567 0.053619
vt 0.283337 0.054163
vt 0.284655 0.051047
vt 0.285111 0.049969
vt 0.283836 0.052983
vt 0.285296 0.049531
vt 0.284039 0.052503
vt 0.285161 0.049849
vt 0.283892 0.052852
vt 0.284951 0.050346
vt 0.283662 0.053395
vt 0.284705 0.050927
vt 0.283393 0.054032
vt 0.284520 0.051366
vt 0.283189 0.054513
vt 0.281532 0.058431
vt 0.281368 0.058820
vt 0.281598 0.058275
vt 0.281790 0.057823
vt 0.277760 0.067352
vt 0.277443 0.068102
vt 0.277246 0.068568
vt 0.273312 0.077869
vt 0.273090 0.078396
vt 0.273688 0.076982
vt 0.271663 0.081771
vt 0.271269 0.082702
vt 0.271067 0.083179
vt 0.270021 0.085654
vt 0.269928 0.085872
vt 0.270458 0.084619
vt 0.270453 0.084631
vt 0.270960 0.083433
vt 0.270381 0.084802
vt 0.271100 0.083102
vt 0.271320 0.082581
vt 0.271630 0.081849
vt 0.272266 0.080344
vt 0.272766 0.079163
vt 0.274177 0.075826
vt 0.274562 0.074915
vt 0.274339 0.075441
vt 0.272564 0.079640
vt 0.273964 0.076329
vt 0.272170 0.080572
vt 0.273475 0.077485
vt 0.271567 0.081998
vt 0.277936 0.066936
vt 0.277546 0.067857
vt 0.278253 0.066186
vt 0.281903 0.057555
vt 0.282160 0.056947
vt 0.282323 0.056560
vt 0.278450 0.065720
vt 0.282093 0.057104
vt 0.278150 0.066430
vt 0.285433 0.049208
vt 0.284161 0.052215
vt 0.284287 0.051917
vt 0.285547 0.048936
vt 0.285301 0.049519
vt 0.284017 0.052556
vt 0.285203 0.049751
vt 0.283909 0.052811
vt 0.285277 0.049575
vt 0.283991 0.052617
vt 0.285392 0.049303
vt 0.284116 0.052320
vt 0.285523 0.048993
vt 0.284260 0.051980
vt 0.285622 0.048760
vt 0.284368 0.051724
vt 0.282712 0.055641
vt 0.282803 0.055425
vt 0.282683 0.055711
vt 0.282572 0.055972
vt 0.279489 0.063262
vt 0.279661 0.062857
vt 0.279772 0.062594
vt 0.276760 0.069716
vt 0.277142 0.068814
vt 0.276845 0.069515
vt 0.276055 0.071383
vt 0.276396 0.070577
vt 0.276725 0.069799
vt 0.276782 0.069665
vt 0.276361 0.070659
vt 0.276485 0.070366
vt 0.279293 0.063726
vt 0.279146 0.064073
vt 0.282411 0.056353
vt 0.282290 0.056638
vt 0.282382 0.056422
vt 0.279258 0.063810
vt 0.282522 0.056091
vt 0.279429 0.063405
vt 0.279625 0.062941
s 1
usemtl Color_Palette_01.003
f 176/10/98 177/11/99 174/12/100 173/13/101
f 173/13/102 174/12/103 189/14/104 175/15/105
f 178/16/106 179/17/107 177/11/99 176/10/98
f 180/18/108 181/19/109 179/17/110 178/16/111
f 182/20/112 183/21/113 181/19/109 180/18/108
f 184/22/114 185/23/115 183/21/116 182/20/117
f 186/24/118 187/25/119 185/23/115 184/22/114
f 175/15/105 189/14/104 187/25/120 186/24/121
f 187/25/119 188/26/122 210/27/123 185/23/115
f 189/14/104 190/28/124 188/26/125 187/25/120
f 174/12/103 191/29/126 190/28/124 189/14/104
f 190/28/124 191/29/126 194/30/127 192/31/128
f 188/26/125 190/28/124 192/31/128 193/32/129
f 193/32/129 192/31/128 195/33/130 196/34/131
f 192/31/128 194/30/127 198/35/132 195/33/130
f 196/34/131 195/33/130 197/36/133 217/37/134
f 195/33/130 198/35/132 199/38/135 197/36/133
f 198/35/136 200/39/137 201/40/138 199/38/139
f 194/30/140 203/41/141 200/39/137 198/35/136
f 200/39/137 202/42/142 227/43/143 201/40/138
f 203/41/141 205/44/144 202/42/142 200/39/137
f 204/45/145 207/46/146 205/44/144 203/41/141
f 191/29/147 204/45/145 203/41/141 194/30/140
f 205/44/148 206/47/149 229/48/150 202/42/151
f 207/46/152 208/49/153 206/47/149 205/44/148
f 181/19/109 208/49/153 207/46/152 179/17/110
f 179/17/107 207/46/146 204/45/145 177/11/99
f 208/49/153 209/50/154 211/51/155 206/47/149
f 183/21/113 209/50/154 208/49/153 181/19/109
f 209/50/156 210/27/123 213/52/157 211/51/158
f 185/23/115 210/27/123 209/50/156 183/21/116
f 206/47/149 211/51/155 212/53/159 229/48/150
f 211/51/158 213/52/157 214/54/160 212/53/161
f 210/27/123 188/26/122 193/32/162 213/52/157
f 213/52/157 193/32/162 196/34/163 214/54/160
f 212/53/161 214/54/160 215/55/164 216/56/165
f 214/54/160 196/34/163 217/37/166 215/55/164
f 216/56/165 215/55/164 218/57/167 219/58/168
f 215/55/164 217/37/166 221/59/169 218/57/167
f 219/58/168 218/57/167 220/60/170 226/61/171
f 218/57/167 221/59/169 222/62/172 220/60/170
f 217/37/134 197/36/133 222/62/173 221/59/174
f 220/60/170 222/62/172 223/63/175 224/64/176
f 197/36/133 199/38/135 223/63/177 222/62/173
f 199/38/139 201/40/138 224/64/178 223/63/179
f 226/61/171 220/60/170 224/64/176 225/65/180
f 201/40/138 227/43/143 225/65/181 224/64/178
f 227/43/182 228/66/183 226/61/184 225/65/185
f 202/42/151 229/48/150 228/66/183 227/43/182
f 229/48/150 212/53/159 216/56/186 228/66/183
f 228/66/183 216/56/186 219/58/187 226/61/184
f 177/11/99 204/45/145 191/29/147 174/12/100
f 230/67/188 231/68/189 246/69/190 232/70/191
f 233/71/192 234/72/193 231/68/194 230/67/195
f 235/73/196 236/74/197 234/72/193 233/71/192
f 237/75/198 238/76/199 236/74/200 235/73/201
f 239/77/202 240/78/203 238/76/199 237/75/198
f 241/79/204 242/80/205 240/78/206 239/77/207
f 243/81/208 244/82/209 242/80/205 241/79/204
f 232/70/191 246/69/190 244/82/210 243/81/211
f 246/69/190 247/83/212 245/84/213 244/82/210
f 244/82/209 245/84/214 267/85/215 242/80/205
f 231/68/189 248/86/216 247/83/212 246/69/190
f 247/83/212 248/86/216 251/87/217 249/88/218
f 245/84/213 247/83/212 249/88/218 250/89/219
f 250/89/219 249/88/218 252/90/220 253/91/221
f 249/88/218 251/87/217 255/92/222 252/90/220
f 253/91/221 252/90/220 254/93/223 274/94/224
f 252/90/220 255/92/222 256/95/225 254/93/223
f 255/92/226 257/96/227 258/97/228 256/95/229
f 251/87/230 260/98/231 257/96/227 255/92/226
f 257/96/227 259/99/232 301/100/233 258/97/228
f 260/98/231 262/101/234 259/99/232 257/96/227
f 248/86/235 261/102/236 260/98/231 251/87/230
f 261/102/236 264/103/237 262/101/234 260/98/231
f 264/103/238 265/104/239 263/105/240 262/101/241
f 262/101/241 263/105/240 302/106/242 259/99/243
f 238/76/199 265/104/239 264/103/238 236/74/200
f 236/74/197 264/103/237 261/102/236 234/72/193
f 240/78/203 266/107/244 265/104/239 238/76/199
f 265/104/239 266/107/244 268/108/245 263/105/240
f 242/80/205 267/85/215 266/107/246 240/78/206
f 266/107/246 267/85/215 270/109/247 268/108/248
f 263/105/240 268/108/245 269/110/249 302/106/242
f 268/108/248 270/109/247 271/111/250 269/110/251
f 267/85/215 245/84/214 250/89/252 270/109/247
f 270/109/247 250/89/252 253/91/253 271/111/250
f 269/110/251 271/111/250 272/112/254 273/113/255
f 271/111/250 253/91/253 274/94/256 272/112/254
f 273/113/255 272/112/254 275/114/257 277/115/258
f 272/112/254 274/94/256 276/116/259 275/114/257
f 275/114/257 276/116/259 280/117/260 278/118/261
f 277/115/258 275/114/257 278/118/261 279/119/262
f 279/119/262 278/118/261 281/120/263 282/121/264
f 278/118/261 280/117/260 284/122/265 281/120/263
f 282/121/264 281/120/263 283/123/266 296/124/267
f 281/120/263 284/122/265 285/125/268 283/123/266
f 280/117/269 287/126/270 285/125/271 284/122/272
f 287/126/270 289/127/273 286/128/274 285/125/271
f 283/123/266 285/125/268 286/128/275 294/129/276
f 276/116/277 288/130/278 287/126/270 280/117/269
f 288/130/278 290/131/279 289/127/273 287/126/270
f 290/131/280 292/132/281 291/133/282 289/127/283
f 289/127/283 291/133/282 294/129/284 286/128/285
f 292/132/281 300/134/286 293/135/287 291/133/282
f 291/133/282 293/135/287 295/136/288 294/129/284
f 296/124/267 283/123/266 294/129/276 295/136/289
f 293/135/290 297/137/291 296/124/292 295/136/293
f 297/137/291 279/119/294 282/121/295 296/124/292
f 300/134/296 298/138/297 297/137/291 293/135/290
f 298/138/297 277/115/298 279/119/294 297/137/291
f 299/139/299 273/113/300 277/115/298 298/138/297
f 301/100/301 299/139/299 298/138/297 300/134/296
f 258/97/228 301/100/233 300/134/286 292/132/281
f 259/99/243 302/106/242 299/139/299 301/100/301
f 302/106/242 269/110/249 273/113/300 299/139/299
f 256/95/229 258/97/228 292/132/281 290/131/280
f 254/93/223 256/95/225 290/131/279 288/130/278
f 274/94/224 254/93/223 288/130/278 276/116/277
f 234/72/193 261/102/236 248/86/235 231/68/194
f 303/140/302 304/141/303 319/142/304 305/143/305
f 306/144/306 307/145/307 304/141/308 303/140/309
f 308/146/310 309/147/311 307/145/307 306/144/306
f 310/148/312 311/149/313 309/147/314 308/146/315
f 312/150/316 313/151/317 311/149/313 310/148/312
f 314/152/318 315/153/319 313/151/320 312/150/321
f 316/154/322 317/155/323 315/153/319 314/152/318
f 305/143/305 319/142/304 317/155/324 316/154/325
f 319/142/304 320/156/326 318/157/327 317/155/324
f 317/155/323 318/157/328 343/158/329 315/153/319
f 304/141/303 321/159/330 320/156/326 319/142/304
f 320/156/326 321/159/330 324/160/331 322/161/332
f 318/157/327 320/156/326 322/161/332 323/162/333
f 323/162/333 322/161/332 325/163/334 327/164/335
f 322/161/332 324/160/331 326/165/336 325/163/334
f 328/166/337 325/163/338 326/165/339 331/167/340
f 329/168/341 327/164/342 325/163/338 328/166/337
f 342/169/343 329/168/341 328/166/337 330/170/344
f 330/170/344 328/166/337 331/167/340 332/171/345
f 324/160/346 333/172/347 331/167/348 326/165/349
f 333/172/347 335/173/350 332/171/351 331/167/348
f 321/159/352 334/174/353 333/172/347 324/160/346
f 334/174/353 336/175/354 335/173/350 333/172/347
f 336/175/355 338/176/356 337/177/357 335/173/358
f 335/173/358 337/177/357 330/170/359 332/171/360
f 338/176/356 341/178/361 339/179/362 337/177/357
f 337/177/357 339/179/362 342/169/363 330/170/359
f 341/178/364 343/158/329 340/180/365 339/179/366
f 339/179/366 340/180/365 329/168/367 342/169/368
f 315/153/319 343/158/329 341/178/364 313/151/320
f 313/151/317 341/178/361 338/176/356 311/149/313
f 343/158/329 318/157/328 323/162/369 340/180/365
f 340/180/365 323/162/369 327/164/370 329/168/367
f 311/149/313 338/176/356 336/175/355 309/147/314
f 309/147/311 336/175/354 334/174/353 307/145/307
f 307/145/307 334/174/353 321/159/352 304/141/308
f 344/181/371 345/182/372 360/183/373 346/184/374
f 347/185/375 348/186/376 345/182/377 344/181/378
f 349/187/379 350/188/380 348/186/376 347/185/375
f 351/189/381 352/190/382 350/188/383 349/187/384
f 353/191/385 354/192/386 352/190/382 351/189/381
f 355/193/387 356/194/388 354/192/389 353/191/390
f 357/195/391 358/196/392 356/194/388 355/193/387
f 346/184/374 360/183/373 358/196/393 357/195/394
f 360/183/373 361/197/395 359/198/396 358/196/393
f 358/196/392 359/198/397 381/199/398 356/194/388
f 345/182/372 362/200/399 361/197/395 360/183/373
f 361/197/395 362/200/399 365/201/400 363/202/401
f 359/198/396 361/197/395 363/202/401 364/203/402
f 364/203/402 363/202/401 366/204/403 367/205/404
f 363/202/401 365/201/400 369/206/405 366/204/403
f 367/205/404 366/204/403 368/207/406 388/208/407
f 366/204/403 369/206/405 370/209/408 368/207/406
f 369/206/409 371/210/410 372/211/411 370/209/412
f 365/201/413 374/212/414 371/210/410 369/206/409
f 371/210/410 373/213/415 398/214/416 372/211/411
f 374/212/414 376/215/417 373/213/415 371/210/410
f 362/200/418 375/216/419 374/212/414 365/201/413
f 375/216/419 378/217/420 376/215/417 374/212/414
f 378/217/421 379/218/422 377/219/423 376/215/424
f 376/215/424 377/219/423 400/220/425 373/213/426
f 352/190/382 379/218/422 378/217/421 350/188/383
f 350/188/380 378/217/420 375/216/419 348/186/376
f 354/192/386 380/221/427 379/218/422 352/190/382
f 379/218/422 380/221/427 382/222/428 377/219/423
f 356/194/388 381/199/398 380/221/429 354/192/389
f 380/221/429 381/199/398 384/223/430 382/222/431
f 377/219/423 382/222/428 383/224/432 400/220/425
f 382/222/431 384/223/430 385/225/433 383/224/434
f 381/199/398 359/198/397 364/203/435 384/223/430
f 384/223/430 364/203/435 367/205/436 385/225/433
f 383/224/434 385/225/433 386/226/437 387/227/438
f 385/225/433 367/205/436 388/208/439 386/226/437
f 387/227/438 386/226/437 389/228/440 390/229/441
f 386/226/437 388/208/439 392/230/442 389/228/440
f 390/229/441 389/228/440 391/231/443 397/232/444
f 389/228/440 392/230/442 393/233/445 391/231/443
f 388/208/407 368/207/406 393/233/446 392/230/447
f 368/207/406 370/209/408 394/234/448 393/233/446
f 391/231/443 393/233/445 394/234/449 395/235/450
f 370/209/412 372/211/411 395/235/451 394/234/452
f 397/232/444 391/231/443 395/235/450 396/236/453
f 372/211/411 398/214/416 396/236/454 395/235/451
f 398/214/455 399/237/456 397/232/457 396/236/458
f 373/213/426 400/220/425 399/237/456 398/214/455
f 400/220/425 383/224/432 387/227/459 399/237/456
f 399/237/456 387/227/459 390/229/460 397/232/457
f 348/186/376 375/216/419 362/200/418 345/182/377
f 401/238/461 402/239/462 417/240/463 403/241/464
f 404/242/465 405/243/466 402/239/467 401/238/468
f 406/244/469 407/245/470 405/243/466 404/242/465
f 408/246/471 409/247/472 407/245/473 406/244/474
f 410/248/475 411/249/476 409/247/472 408/246/471
f 412/250/477 413/251/478 411/249/479 410/248/480
f 414/252/481 415/253/482 413/251/478 412/250/477
f 403/241/464 417/240/463 415/253/483 414/252/484
f 417/240/463 418/254/485 416/255/486 415/253/483
f 415/253/482 416/255/487 457/256/488 413/251/478
f 402/239/462 419/257/489 418/254/485 417/240/463
f 418/254/485 419/257/489 422/258/490 420/259/491
f 416/255/486 418/254/485 420/259/491 421/260/492
f 421/260/492 420/259/491 423/261/493 425/262/494
f 420/259/491 422/258/490 424/263/495 423/261/493
f 423/261/493 424/263/495 428/264/496 426/265/497
f 425/262/494 423/261/493 426/265/497 427/266/498
f 427/266/498 426/265/497 429/267/499 431/268/500
f 426/265/497 428/264/496 430/269/501 429/267/499
f 432/270/502 429/267/503 430/269/504 435/271/505
f 433/272/506 431/268/507 429/267/503 432/270/502
f 446/273/508 433/272/506 432/270/502 434/274/509
f 434/274/509 432/270/502 435/271/505 436/275/510
f 428/264/511 437/276/512 435/271/513 430/269/514
f 437/276/512 439/277/515 436/275/516 435/271/513
f 424/263/517 438/278/518 437/276/512 428/264/511
f 438/278/518 440/279/519 439/277/515 437/276/512
f 440/279/520 442/280/521 441/281/522 439/277/523
f 439/277/523 441/281/522 434/274/524 436/275/525
f 442/280/521 445/282/526 443/283/527 441/281/522
f 441/281/522 443/283/527 446/273/528 434/274/524
f 445/282/529 447/284/530 444/285/531 443/283/532
f 443/283/532 444/285/531 433/272/533 446/273/534
f 448/286/535 449/287/536 447/284/530 445/282/529
f 451/288/537 448/286/538 445/282/526 442/280/521
f 450/289/539 457/256/488 449/287/536 448/286/535
f 452/290/540 450/289/541 448/286/538 451/288/537
f 454/291/542 452/290/540 451/288/537 453/292/543
f 453/292/543 451/288/537 442/280/521 440/279/520
f 456/293/544 454/291/545 453/292/546 455/294/547
f 455/294/547 453/292/546 440/279/519 438/278/518
f 419/257/548 456/293/544 455/294/547 422/258/549
f 422/258/549 455/294/547 438/278/518 424/263/517
f 407/245/470 454/291/545 456/293/544 405/243/466
f 405/243/466 456/293/544 419/257/548 402/239/467
f 409/247/472 452/290/540 454/291/542 407/245/473
f 411/249/476 450/289/541 452/290/540 409/247/472
f 413/251/478 457/256/488 450/289/539 411/249/479
f 457/256/488 416/255/487 421/260/550 449/287/536
f 449/287/536 421/260/550 425/262/551 447/284/530
f 447/284/530 425/262/551 427/266/552 444/285/531
f 444/285/531 427/266/552 431/268/553 433/272/533
f 458/295/554 459/296/555 474/297/556 460/298/557
f 461/299/558 462/300/559 459/296/560 458/295/561
f 463/301/562 464/302/563 462/300/559 461/299/558
f 465/303/564 466/304/565 464/302/566 463/301/567
f 467/305/568 468/306/569 466/304/565 465/303/564
f 469/307/570 470/308/571 468/306/572 467/305/573
f 471/309/574 472/310/575 470/308/571 469/307/570
f 460/298/557 474/297/556 472/310/576 471/309/577
f 474/297/556 475/311/578 473/312/579 472/310/576
f 472/310/575 473/312/580 498/313/581 470/308/571
f 459/296/555 476/314/582 475/311/578 474/297/556
f 475/311/578 476/314/582 479/315/583 477/316/584
f 473/312/579 475/311/578 477/316/584 478/317/585
f 478/317/585 477/316/584 480/318/586 482/319/587
f 477/316/584 479/315/583 481/320/588 480/318/586
f 483/321/589 480/318/590 481/320/591 486/322/592
f 484/323/593 482/319/594 480/318/590 483/321/589
f 497/324/595 484/323/593 483/321/589 485/325/596
f 485/325/596 483/321/589 486/322/592 487/326/597
f 479/315/598 488/327/599 486/322/592 481/320/591
f 488/327/599 490/328/600 487/326/597 486/322/592
f 476/314/601 489/329/602 488/327/599 479/315/598
f 489/329/602 491/330/603 490/328/600 488/327/599
f 491/330/604 493/331/605 492/332/606 490/328/607
f 490/328/607 492/332/606 485/325/596 487/326/597
f 493/331/605 496/333/608 494/334/609 492/332/606
f 492/332/606 494/334/609 497/324/595 485/325/596
f 496/333/610 498/313/581 495/335/611 494/334/612
f 494/334/612 495/335/611 484/323/613 497/324/614
f 470/308/571 498/313/581 496/333/610 468/306/572
f 468/306/569 496/333/608 493/331/605 466/304/565
f 498/313/581 473/312/580 478/317/615 495/335/611
f 495/335/611 478/317/615 482/319/616 484/323/613
f 466/304/565 493/331/605 491/330/604 464/302/566
f 464/302/563 491/330/603 489/329/602 462/300/559
f 462/300/559 489/329/602 476/314/601 459/296/560
f 502/10/98 503/11/99 500/12/100 499/13/101
f 499/13/617 500/12/103 515/14/104 501/15/105
f 504/16/106 505/17/107 503/11/99 502/10/98
f 506/18/108 507/19/109 505/17/110 504/16/111
f 508/20/112 509/21/113 507/19/109 506/18/108
f 510/22/114 511/23/115 509/21/116 508/20/117
f 512/24/118 513/25/119 511/23/115 510/22/114
f 501/15/105 515/14/104 513/25/120 512/24/121
f 513/25/119 514/26/122 536/27/123 511/23/115
f 515/14/104 516/28/124 514/26/125 513/25/120
f 500/12/103 517/29/126 516/28/124 515/14/104
f 516/28/124 517/29/126 520/30/127 518/31/128
f 514/26/125 516/28/124 518/31/128 519/32/129
f 519/32/129 518/31/128 521/33/130 522/34/131
f 518/31/128 520/30/127 524/35/132 521/33/130
f 522/34/131 521/33/130 523/36/133 543/37/134
f 521/33/130 524/35/132 525/38/135 523/36/133
f 524/35/136 526/39/137 527/40/138 525/38/139
f 520/30/140 529/41/141 526/39/137 524/35/136
f 526/39/137 528/42/142 553/43/143 527/40/138
f 529/41/141 531/44/144 528/42/142 526/39/137
f 530/45/145 533/46/146 531/44/144 529/41/141
f 517/29/147 530/45/145 529/41/141 520/30/140
f 531/44/148 532/47/149 555/48/150 528/42/151
f 533/46/152 534/49/153 532/47/149 531/44/148
f 507/19/109 534/49/153 533/46/152 505/17/110
f 505/17/107 533/46/146 530/45/145 503/11/99
f 534/49/153 535/50/154 537/51/155 532/47/149
f 509/21/113 535/50/154 534/49/153 507/19/109
f 535/50/156 536/27/123 539/52/157 537/51/158
f 511/23/115 536/27/123 535/50/156 509/21/116
f 532/47/149 537/51/155 538/53/159 555/48/150
f 537/51/158 539/52/157 540/54/160 538/53/161
f 536/27/123 514/26/122 519/32/162 539/52/157
f 539/52/157 519/32/162 522/34/163 540/54/160
f 538/53/161 540/54/160 541/55/164 542/56/165
f 540/54/160 522/34/163 543/37/166 541/55/164
f 542/56/165 541/55/164 544/57/167 545/58/168
f 541/55/164 543/37/166 547/59/169 544/57/167
f 545/58/168 544/57/167 546/60/170 552/61/171
f 544/57/167 547/59/169 548/62/172 546/60/170
f 543/37/134 523/36/133 548/62/173 547/59/174
f 546/60/170 548/62/172 549/63/175 550/64/176
f 523/36/133 525/38/135 549/63/177 548/62/173
f 525/38/139 527/40/138 550/64/178 549/63/179
f 552/61/171 546/60/170 550/64/176 551/65/180
f 527/40/138 553/43/143 551/65/181 550/64/178
f 553/43/182 554/66/183 552/61/184 551/65/185
f 528/42/151 555/48/150 554/66/183 553/43/182
f 555/48/150 538/53/159 542/56/186 554/66/183
f 554/66/183 542/56/186 545/58/187 552/61/184
f 503/11/99 530/45/145 517/29/147 500/12/100
f 556/67/188 557/68/189 572/69/190 558/70/191
f 559/71/192 560/72/193 557/68/194 556/67/195
f 561/73/196 562/74/197 560/72/193 559/71/192
f 563/75/198 564/76/199 562/74/200 561/73/201
f 565/77/202 566/78/203 564/76/199 563/75/198
f 567/79/204 568/80/205 566/78/206 565/77/207
f 569/81/208 570/82/209 568/80/205 567/79/204
f 558/70/191 572/69/190 570/82/210 569/81/211
f 572/69/190 573/83/212 571/84/213 570/82/210
f 570/82/209 571/84/214 593/85/215 568/80/205
f 557/68/189 574/86/216 573/83/212 572/69/190
f 573/83/212 574/86/216 577/87/217 575/88/218
f 571/84/213 573/83/212 575/88/218 576/89/219
f 576/89/219 575/88/218 578/90/220 579/91/221
f 575/88/218 577/87/217 581/92/222 578/90/220
f 579/91/221 578/90/220 580/93/223 600/94/224
f 578/90/220 581/92/222 582/95/225 580/93/223
f 581/92/226 583/96/227 584/97/228 582/95/229
f 577/87/230 586/98/231 583/96/227 581/92/226
f 583/96/227 585/99/232 627/100/233 584/97/228
f 586/98/231 588/101/234 585/99/232 583/96/227
f 574/86/235 587/102/236 586/98/231 577/87/230
f 587/102/236 590/103/237 588/101/234 586/98/231
f 590/103/238 591/104/239 589/105/240 588/101/241
f 588/101/241 589/105/240 628/106/242 585/99/243
f 564/76/199 591/104/239 590/103/238 562/74/200
f 562/74/197 590/103/237 587/102/236 560/72/193
f 566/78/203 592/107/244 591/104/239 564/76/199
f 591/104/239 592/107/244 594/108/245 589/105/240
f 568/80/205 593/85/215 592/107/246 566/78/206
f 592/107/246 593/85/215 596/109/247 594/108/248
f 589/105/240 594/108/245 595/110/249 628/106/242
f 594/108/248 596/109/247 597/111/250 595/110/251
f 593/85/215 571/84/214 576/89/252 596/109/247
f 596/109/247 576/89/252 579/91/253 597/111/250
f 595/110/251 597/111/250 598/112/254 599/113/255
f 597/111/250 579/91/253 600/94/256 598/112/254
f 599/113/255 598/112/254 601/114/257 603/115/258
f 598/112/254 600/94/256 602/116/259 601/114/257
f 601/114/257 602/116/259 606/117/260 604/118/261
f 603/115/258 601/114/257 604/118/261 605/119/262
f 605/119/262 604/118/261 607/120/263 608/121/264
f 604/118/261 606/117/260 610/122/265 607/120/263
f 608/121/264 607/120/263 609/123/266 622/124/267
f 607/120/263 610/122/265 611/125/268 609/123/266
f 606/117/269 613/126/270 611/125/271 610/122/272
f 613/126/270 615/127/273 612/128/274 611/125/271
f 609/123/266 611/125/268 612/128/275 620/129/276
f 602/116/277 614/130/278 613/126/270 606/117/269
f 614/130/278 616/131/279 615/127/273 613/126/270
f 616/131/280 618/132/281 617/133/282 615/127/283
f 615/127/283 617/133/282 620/129/284 612/128/285
f 618/132/281 626/134/286 619/135/287 617/133/282
f 617/133/282 619/135/287 621/136/288 620/129/284
f 622/124/267 609/123/266 620/129/276 621/136/289
f 619/135/290 623/137/291 622/124/292 621/136/293
f 623/137/291 605/119/294 608/121/295 622/124/292
f 626/134/296 624/138/297 623/137/291 619/135/290
f 624/138/297 603/115/298 605/119/294 623/137/291
f 625/139/618 599/113/300 603/115/298 624/138/297
f 627/100/301 625/139/618 624/138/297 626/134/296
f 584/97/228 627/100/233 626/134/286 618/132/281
f 585/99/243 628/106/242 625/139/618 627/100/301
f 628/106/242 595/110/249 599/113/300 625/139/618
f 582/95/229 584/97/228 618/132/281 616/131/280
f 580/93/223 582/95/225 616/131/279 614/130/278
f 600/94/224 580/93/223 614/130/278 602/116/277
f 560/72/193 587/102/236 574/86/235 557/68/194
f 629/140/619 630/141/303 645/142/304 631/143/305
f 632/144/306 633/145/307 630/141/308 629/140/309
f 634/146/310 635/147/311 633/145/307 632/144/306
f 636/148/312 637/149/313 635/147/314 634/146/315
f 638/150/316 639/151/317 637/149/313 636/148/312
f 640/152/318 641/153/319 639/151/320 638/150/321
f 642/154/322 643/155/323 641/153/319 640/152/318
f 631/143/305 645/142/304 643/155/324 642/154/325
f 645/142/304 646/156/326 644/157/327 643/155/324
f 643/155/323 644/157/328 669/158/329 641/153/319
f 630/141/303 647/159/330 646/156/326 645/142/304
f 646/156/326 647/159/330 650/160/331 648/161/332
f 644/157/327 646/156/326 648/161/332 649/162/333
f 649/162/333 648/161/332 651/163/334 653/164/335
f 648/161/332 650/160/331 652/165/336 651/163/334
f 654/166/337 651/163/338 652/165/339 657/167/340
f 655/168/341 653/164/342 651/163/338 654/166/337
f 668/169/343 655/168/341 654/166/337 656/170/344
f 656/170/344 654/166/337 657/167/340 658/171/345
f 650/160/346 659/172/347 657/167/348 652/165/349
f 659/172/347 661/173/350 658/171/351 657/167/348
f 647/159/352 660/174/353 659/172/347 650/160/346
f 660/174/353 662/175/354 661/173/350 659/172/347
f 662/175/355 664/176/356 663/177/357 661/173/358
f 661/173/358 663/177/357 656/170/359 658/171/360
f 664/176/356 667/178/361 665/179/362 663/177/357
f 663/177/357 665/179/362 668/169/363 656/170/359
f 667/178/364 669/158/329 666/180/365 665/179/366
f 665/179/366 666/180/365 655/168/367 668/169/368
f 641/153/319 669/158/329 667/178/364 639/151/320
f 639/151/317 667/178/361 664/176/356 637/149/313
f 669/158/329 644/157/328 649/162/369 666/180/365
f 666/180/365 649/162/369 653/164/370 655/168/367
f 637/149/313 664/176/356 662/175/355 635/147/314
f 635/147/311 662/175/354 660/174/353 633/145/307
f 633/145/307 660/174/353 647/159/352 630/141/308
f 670/181/371 671/182/372 686/183/373 672/184/374
f 673/185/375 674/186/376 671/182/377 670/181/378
f 675/187/379 676/188/380 674/186/376 673/185/375
f 677/189/381 678/190/382 676/188/383 675/187/384
f 679/191/385 680/192/386 678/190/382 677/189/381
f 681/193/387 682/194/388 680/192/389 679/191/390
f 683/195/391 684/196/392 682/194/388 681/193/387
f 672/184/374 686/183/373 684/196/393 683/195/394
f 686/183/373 687/197/395 685/198/396 684/196/393
f 684/196/392 685/198/397 707/199/398 682/194/388
f 671/182/372 688/200/399 687/197/395 686/183/373
f 687/197/395 688/200/399 691/201/400 689/202/401
f 685/198/396 687/197/395 689/202/401 690/203/402
f 690/203/402 689/202/401 692/204/403 693/205/404
f 689/202/401 691/201/400 695/206/405 692/204/403
f 693/205/404 692/204/403 694/207/406 714/208/407
f 692/204/403 695/206/405 696/209/408 694/207/406
f 695/206/409 697/210/410 698/211/411 696/209/412
f 691/201/413 700/212/414 697/210/410 695/206/409
f 697/210/410 699/213/415 724/214/416 698/211/411
f 700/212/414 702/215/417 699/213/415 697/210/410
f 688/200/418 701/216/419 700/212/414 691/201/413
f 701/216/419 704/217/420 702/215/417 700/212/414
f 704/217/421 705/218/422 703/219/423 702/215/424
f 702/215/424 703/219/423 726/220/425 699/213/426
f 678/190/382 705/218/422 704/217/421 676/188/383
f 676/188/380 704/217/420 701/216/419 674/186/376
f 680/192/386 706/221/427 705/218/422 678/190/382
f 705/218/422 706/221/427 708/222/428 703/219/423
f 682/194/388 707/199/398 706/221/429 680/192/389
f 706/221/429 707/199/398 710/223/430 708/222/431
f 703/219/423 708/222/428 709/224/432 726/220/425
f 708/222/431 710/223/430 711/225/433 709/224/434
f 707/199/398 685/198/397 690/203/435 710/223/430
f 710/223/430 690/203/435 693/205/620 711/225/433
f 709/224/434 711/225/433 712/226/437 713/227/438
f 711/225/433 693/205/620 714/208/439 712/226/437
f 713/227/438 712/226/437 715/228/440 716/229/441
f 712/226/437 714/208/439 718/230/442 715/228/440
f 716/229/441 715/228/440 717/231/443 723/232/444
f 715/228/440 718/230/442 719/233/445 717/231/443
f 714/208/407 694/207/406 719/233/446 718/230/447
f 694/207/406 696/209/408 720/234/448 719/233/446
f 717/231/443 719/233/445 720/234/449 721/235/450
f 696/209/412 698/211/411 721/235/451 720/234/452
f 723/232/444 717/231/443 721/235/450 722/236/453
f 698/211/411 724/214/416 722/236/454 721/235/451
f 724/214/455 725/237/456 723/232/457 722/236/458
f 699/213/426 726/220/425 725/237/456 724/214/455
f 726/220/425 709/224/432 713/227/459 725/237/456
f 725/237/456 713/227/459 716/229/460 723/232/457
f 674/186/376 701/216/419 688/200/418 671/182/377
f 727/238/461 728/239/462 743/240/463 729/241/464
f 730/242/465 731/243/466 728/239/467 727/238/468
f 732/244/469 733/245/470 731/243/466 730/242/465
f 734/246/471 735/247/472 733/245/473 732/244/474
f 736/248/475 737/249/476 735/247/472 734/246/471
f 738/250/621 739/251/478 737/249/479 736/248/480
f 740/252/481 741/253/482 739/251/478 738/250/621
f 729/241/464 743/240/463 741/253/483 740/252/484
f 743/240/463 744/254/485 742/255/486 741/253/483
f 741/253/482 742/255/487 783/256/488 739/251/478
f 728/239/462 745/257/489 744/254/485 743/240/463
f 744/254/485 745/257/489 748/258/490 746/259/491
f 742/255/486 744/254/485 746/259/491 747/260/492
f 747/260/492 746/259/491 749/261/493 751/262/494
f 746/259/491 748/258/490 750/263/495 749/261/493
f 749/261/493 750/263/495 754/264/496 752/265/497
f 751/262/494 749/261/493 752/265/497 753/266/498
f 753/266/498 752/265/497 755/267/499 757/268/500
f 752/265/497 754/264/496 756/269/501 755/267/499
f 758/270/502 755/267/503 756/269/504 761/271/505
f 759/272/506 757/268/507 755/267/503 758/270/502
f 772/273/508 759/272/506 758/270/502 760/274/509
f 760/274/509 758/270/502 761/271/505 762/275/510
f 754/264/511 763/276/512 761/271/513 756/269/514
f 763/276/512 765/277/515 762/275/516 761/271/513
f 750/263/517 764/278/518 763/276/512 754/264/511
f 764/278/518 766/279/519 765/277/515 763/276/512
f 766/279/520 768/280/521 767/281/522 765/277/523
f 765/277/523 767/281/522 760/274/524 762/275/525
f 768/280/521 771/282/526 769/283/527 767/281/522
f 767/281/522 769/283/527 772/273/528 760/274/524
f 771/282/529 773/284/530 770/285/531 769/283/532
f 769/283/532 770/285/531 759/272/533 772/273/534
f 774/286/535 775/287/536 773/284/530 771/282/529
f 777/288/537 774/286/538 771/282/526 768/280/521
f 776/289/539 783/256/488 775/287/536 774/286/535
f 778/290/540 776/289/541 774/286/538 777/288/537
f 780/291/622 778/290/540 777/288/537 779/292/543
f 779/292/543 777/288/537 768/280/521 766/279/520
f 782/293/544 780/291/545 779/292/546 781/294/547
f 781/294/547 779/292/546 766/279/519 764/278/518
f 745/257/548 782/293/544 781/294/547 748/258/549
f 748/258/549 781/294/547 764/278/518 750/263/517
f 733/245/470 780/291/545 782/293/544 731/243/466
f 731/243/466 782/293/544 745/257/548 728/239/467
f 735/247/472 778/290/540 780/291/622 733/245/473
f 737/249/476 776/289/541 778/290/540 735/247/472
f 739/251/478 783/256/488 776/289/539 737/249/479
f 783/256/488 742/255/487 747/260/550 775/287/536
f 775/287/536 747/260/550 751/262/551 773/284/530
f 773/284/530 751/262/551 753/266/552 770/285/531
f 770/285/531 753/266/552 757/268/553 759/272/533
f 784/295/554 785/296/555 800/297/556 786/298/557
f 787/299/558 788/300/559 785/296/560 784/295/561
f 789/301/562 790/302/563 788/300/559 787/299/558
f 791/303/564 792/304/565 790/302/566 789/301/567
f 793/305/568 794/306/569 792/304/565 791/303/564
f 795/307/570 796/308/571 794/306/572 793/305/573
f 797/309/574 798/310/575 796/308/571 795/307/570
f 786/298/557 800/297/556 798/310/576 797/309/577
f 800/297/556 801/311/578 799/312/579 798/310/576
f 798/310/575 799/312/580 824/313/581 796/308/571
f 785/296/555 802/314/582 801/311/578 800/297/556
f 801/311/578 802/314/582 805/315/583 803/316/584
f 799/312/579 801/311/578 803/316/584 804/317/585
f 804/317/585 803/316/584 806/318/586 808/319/587
f 803/316/584 805/315/583 807/320/588 806/318/586
f 809/321/589 806/318/590 807/320/591 812/322/592
f 810/323/593 808/319/594 806/318/590 809/321/589
f 823/324/595 810/323/593 809/321/589 811/325/596
f 811/325/596 809/321/589 812/322/592 813/326/597
f 805/315/598 814/327/599 812/322/592 807/320/591
f 814/327/599 816/328/600 813/326/597 812/322/592
f 802/314/601 815/329/602 814/327/599 805/315/598
f 815/329/602 817/330/603 816/328/600 814/327/599
f 817/330/604 819/331/605 818/332/606 816/328/607
f 816/328/607 818/332/606 811/325/596 813/326/597
f 819/331/605 822/333/608 820/334/609 818/332/606
f 818/332/606 820/334/609 823/324/595 811/325/596
f 822/333/610 824/313/581 821/335/611 820/334/612
f 820/334/612 821/335/611 810/323/613 823/324/614
f 796/308/571 824/313/581 822/333/610 794/306/572
f 794/306/569 822/333/608 819/331/605 792/304/565
f 824/313/581 799/312/580 804/317/615 821/335/611
f 821/335/611 804/317/615 808/319/616 810/323/613
f 792/304/565 819/331/605 817/330/604 790/302/566
f 790/302/563 817/330/603 815/329/602 788/300/559
f 788/300/559 815/329/602 802/314/601 785/296/560
f 828/10/98 829/11/99 826/12/100 825/13/101
f 825/13/102 826/12/103 841/14/104 827/15/105
f 830/16/106 831/17/107 829/11/99 828/10/98
f 832/18/108 833/19/109 831/17/110 830/16/111
f 834/20/112 835/21/113 833/19/109 832/18/108
f 836/22/114 837/23/115 835/21/116 834/20/117
f 838/24/118 839/25/119 837/23/115 836/22/114
f 827/15/105 841/14/104 839/25/120 838/24/121
f 839/25/119 840/26/122 862/27/123 837/23/115
f 841/14/104 842/28/124 840/26/125 839/25/120
f 826/12/103 843/29/126 842/28/124 841/14/104
f 842/28/124 843/29/126 846/30/127 844/31/128
f 840/26/125 842/28/124 844/31/128 845/32/129
f 845/32/129 844/31/128 847/33/130 848/34/131
f 844/31/128 846/30/127 850/35/132 847/33/130
f 848/34/131 847/33/130 849/36/133 869/37/134
f 847/33/130 850/35/132 851/38/135 849/36/133
f 850/35/136 852/39/137 853/40/138 851/38/139
f 846/30/140 855/41/141 852/39/137 850/35/136
f 852/39/137 854/42/142 879/43/143 853/40/138
f 855/41/141 857/44/144 854/42/142 852/39/137
f 856/45/145 859/46/146 857/44/144 855/41/141
f 843/29/147 856/45/145 855/41/141 846/30/140
f 857/44/148 858/47/149 881/48/150 854/42/151
f 859/46/152 860/49/153 858/47/149 857/44/148
f 833/19/109 860/49/153 859/46/152 831/17/110
f 831/17/107 859/46/146 856/45/145 829/11/99
f 860/49/153 861/50/154 863/51/155 858/47/149
f 835/21/113 861/50/154 860/49/153 833/19/109
f 861/50/156 862/27/123 865/52/157 863/51/158
f 837/23/115 862/27/123 861/50/156 835/21/116
f 858/47/149 863/51/155 864/53/159 881/48/150
f 863/51/158 865/52/157 866/54/160 864/53/161
f 862/27/123 840/26/122 845/32/162 865/52/157
f 865/52/157 845/32/162 848/34/163 866/54/160
f 864/53/161 866/54/160 867/55/164 868/56/165
f 866/54/160 848/34/163 869/37/166 867/55/164
f 868/56/165 867/55/164 870/57/167 871/58/168
f 867/55/164 869/37/166 873/59/169 870/57/167
f 871/58/168 870/57/167 872/60/170 878/61/171
f 870/57/167 873/59/169 874/62/172 872/60/170
f 869/37/134 849/36/133 874/62/173 873/59/174
f 872/60/170 874/62/172 875/63/175 876/64/176
f 849/36/133 851/38/135 875/63/177 874/62/173
f 851/38/139 853/40/138 876/64/178 875/63/179
f 878/61/171 872/60/170 876/64/176 877/65/180
f 853/40/138 879/43/143 877/65/181 876/64/178
f 879/43/182 880/66/183 878/61/184 877/65/185
f 854/42/151 881/48/150 880/66/183 879/43/182
f 881/48/150 864/53/159 868/56/186 880/66/183
f 880/66/183 868/56/186 871/58/187 878/61/184
f 829/11/99 856/45/145 843/29/147 826/12/100
f 882/67/188 883/68/189 898/69/190 884/70/191
f 885/71/192 886/72/193 883/68/194 882/67/195
f 887/73/196 888/74/197 886/72/193 885/71/192
f 889/75/198 890/76/199 888/74/200 887/73/201
f 891/77/202 892/78/203 890/76/199 889/75/198
f 893/79/623 894/80/205 892/78/206 891/77/207
f 895/81/208 896/82/209 894/80/205 893/79/623
f 884/70/191 898/69/190 896/82/210 895/81/211
f 898/69/190 899/83/212 897/84/624 896/82/210
f 896/82/209 897/84/214 919/85/215 894/80/205
f 883/68/189 900/86/216 899/83/212 898/69/190
f 899/83/212 900/86/216 903/87/217 901/88/218
f 897/84/624 899/83/212 901/88/218 902/89/219
f 902/89/219 901/88/218 904/90/220 905/91/221
f 901/88/218 903/87/217 907/92/222 904/90/220
f 905/91/221 904/90/220 906/93/223 926/94/224
f 904/90/220 907/92/222 908/95/225 906/93/223
f 907/92/226 909/96/227 910/97/228 908/95/229
f 903/87/230 912/98/231 909/96/227 907/92/226
f 909/96/227 911/99/232 953/100/233 910/97/228
f 912/98/231 914/101/234 911/99/232 909/96/227
f 900/86/235 913/102/236 912/98/231 903/87/230
f 913/102/236 916/103/237 914/101/234 912/98/231
f 916/103/238 917/104/239 915/105/240 914/101/241
f 914/101/241 915/105/240 954/106/242 911/99/243
f 890/76/199 917/104/239 916/103/238 888/74/200
f 888/74/197 916/103/237 913/102/236 886/72/193
f 892/78/203 918/107/244 917/104/239 890/76/199
f 917/104/239 918/107/244 920/108/245 915/105/240
f 894/80/205 919/85/215 918/107/246 892/78/206
f 918/107/246 919/85/215 922/109/247 920/108/248
f 915/105/240 920/108/245 921/110/249 954/106/242
f 920/108/248 922/109/247 923/111/250 921/110/251
f 919/85/215 897/84/214 902/89/252 922/109/247
f 922/109/247 902/89/252 905/91/253 923/111/250
f 921/110/251 923/111/250 924/112/254 925/113/255
f 923/111/250 905/91/253 926/94/256 924/112/254
f 925/113/255 924/112/254 927/114/257 929/115/258
f 924/112/254 926/94/256 928/116/259 927/114/257
f 927/114/257 928/116/259 932/117/260 930/118/261
f 929/115/258 927/114/257 930/118/261 931/119/262
f 931/119/262 930/118/261 933/120/263 934/121/264
f 930/118/261 932/117/260 936/122/265 933/120/263
f 934/121/264 933/120/263 935/123/266 948/124/267
f 933/120/263 936/122/265 937/125/268 935/123/266
f 932/117/269 939/126/270 937/125/271 936/122/272
f 939/126/270 941/127/273 938/128/274 937/125/271
f 935/123/266 937/125/268 938/128/275 946/129/276
f 928/116/277 940/130/278 939/126/270 932/117/269
f 940/130/278 942/131/279 941/127/273 939/126/270
f 942/131/280 944/132/281 943/133/282 941/127/283
f 941/127/283 943/133/282 946/129/284 938/128/285
f 944/132/281 952/134/286 945/135/287 943/133/282
f 943/133/282 945/135/287 947/136/625 946/129/284
f 948/124/267 935/123/266 946/129/276 947/136/289
f 945/135/290 949/137/291 948/124/292 947/136/293
f 949/137/291 931/119/294 934/121/295 948/124/292
f 952/134/296 950/138/297 949/137/291 945/135/290
f 950/138/297 929/115/298 931/119/294 949/137/291
f 951/139/299 925/113/300 929/115/298 950/138/297
f 953/100/301 951/139/299 950/138/297 952/134/296
f 910/97/228 953/100/233 952/134/286 944/132/281
f 911/99/243 954/106/242 951/139/299 953/100/301
f 954/106/242 921/110/249 925/113/300 951/139/299
f 908/95/229 910/97/228 944/132/281 942/131/280
f 906/93/223 908/95/225 942/131/279 940/130/278
f 926/94/224 906/93/223 940/130/278 928/116/277
f 886/72/193 913/102/236 900/86/235 883/68/194
f 955/140/302 956/141/303 971/142/304 957/143/305
f 958/144/306 959/145/307 956/141/308 955/140/309
f 960/146/310 961/147/311 959/145/307 958/144/306
f 962/148/312 963/149/313 961/147/314 960/146/315
f 964/150/316 965/151/317 963/149/313 962/148/312
f 966/152/318 967/153/319 965/151/320 964/150/321
f 968/154/322 969/155/323 967/153/319 966/152/318
f 957/143/305 971/142/304 969/155/324 968/154/325
f 971/142/304 972/156/326 970/157/327 969/155/324
f 969/155/323 970/157/328 995/158/329 967/153/319
f 956/141/303 973/159/330 972/156/326 971/142/304
f 972/156/326 973/159/330 976/160/331 974/161/332
f 970/157/327 972/156/326 974/161/332 975/162/333
f 975/162/333 974/161/332 977/163/334 979/164/335
f 974/161/332 976/160/331 978/165/336 977/163/334
f 980/166/337 977/163/338 978/165/339 983/167/340
f 981/168/341 979/164/342 977/163/338 980/166/337
f 994/169/343 981/168/341 980/166/337 982/170/344
f 982/170/344 980/166/337 983/167/340 984/171/345
f 976/160/346 985/172/347 983/167/348 978/165/349
f 985/172/347 987/173/350 984/171/351 983/167/348
f 973/159/352 986/174/353 985/172/347 976/160/346
f 986/174/353 988/175/626 987/173/350 985/172/347
f 988/175/355 990/176/356 989/177/357 987/173/358
f 987/173/358 989/177/357 982/170/359 984/171/360
f 990/176/356 993/178/361 991/179/362 989/177/357
f 989/177/357 991/179/362 994/169/363 982/170/359
f 993/178/364 995/158/329 992/180/365 991/179/366
f 991/179/366 992/180/365 981/168/367 994/169/368
f 967/153/319 995/158/329 993/178/364 965/151/320
f 965/151/317 993/178/361 990/176/356 963/149/313
f 995/158/329 970/157/328 975/162/369 992/180/365
f 992/180/365 975/162/369 979/164/370 981/168/367
f 963/149/313 990/176/356 988/175/355 961/147/314
f 961/147/311 988/175/626 986/174/353 959/145/307
f 959/145/307 986/174/353 973/159/352 956/141/308
f 996/181/371 997/182/372 1012/183/373 998/184/374
f 999/185/375 1000/186/376 997/182/377 996/181/378
f 1001/187/379 1002/188/380 1000/186/376 999/185/375
f 1003/189/381 1004/190/382 1002/188/383 1001/187/384
f 1005/191/385 1006/192/386 1004/190/382 1003/189/381
f 1007/193/387 1008/194/388 1006/192/389 1005/191/390
f 1009/195/391 1010/196/392 1008/194/388 1007/193/387
f 998/184/374 1012/183/373 1010/196/393 1009/195/394
f 1012/183/373 1013/197/395 1011/198/396 1010/196/393
f 1010/196/392 1011/198/397 1033/199/398 1008/194/388
f 997/182/372 1014/200/399 1013/197/395 1012/183/373
f 1013/197/395 1014/200/399 1017/201/400 1015/202/401
f 1011/198/396 1013/197/395 1015/202/401 1016/203/402
f 1016/203/402 1015/202/401 1018/204/403 1019/205/404
f 1015/202/401 1017/201/400 1021/206/405 1018/204/403
f 1019/205/404 1018/204/403 1020/207/406 1040/208/407
f 1018/204/403 1021/206/405 1022/209/408 1020/207/406
f 1021/206/409 1023/210/410 1024/211/411 1022/209/412
f 1017/201/413 1026/212/414 1023/210/410 1021/206/409
f 1023/210/410 1025/213/415 1050/214/416 1024/211/411
f 1026/212/414 1028/215/417 1025/213/415 1023/210/410
f 1014/200/418 1027/216/419 1026/212/414 1017/201/413
f 1027/216/419 1030/217/420 1028/215/417 1026/212/414
f 1030/217/421 1031/218/422 1029/219/423 1028/215/424
f 1028/215/424 1029/219/423 1052/220/425 1025/213/426
f 1004/190/382 1031/218/422 1030/217/421 1002/188/383
f 1002/188/380 1030/217/420 1027/216/419 1000/186/376
f 1006/192/386 1032/221/427 1031/218/422 1004/190/382
f 1031/218/422 1032/221/427 1034/222/428 1029/219/423
f 1008/194/388 1033/199/398 1032/221/429 1006/192/389
f 1032/221/429 1033/199/398 1036/223/430 1034/222/431
f 1029/219/423 1034/222/428 1035/224/432 1052/220/425
f 1034/222/431 1036/223/430 1037/225/433 1035/224/434
f 1033/199/398 1011/198/397 1016/203/435 1036/223/430
f 1036/223/430 1016/203/435 1019/205/436 1037/225/433
f 1035/224/434 1037/225/433 1038/226/437 1039/227/438
f 1037/225/433 1019/205/436 1040/208/439 1038/226/437
f 1039/227/438 1038/226/437 1041/228/440 1042/229/441
f 1038/226/437 1040/208/439 1044/230/442 1041/228/440
f 1042/229/441 1041/228/440 1043/231/443 1049/232/444
f 1041/228/440 1044/230/442 1045/233/445 1043/231/443
f 1040/208/407 1020/207/406 1045/233/446 1044/230/447
f 1020/207/406 1022/209/408 1046/234/448 1045/233/446
f 1043/231/443 1045/233/445 1046/234/449 1047/235/450
f 1022/209/412 1024/211/411 1047/235/451 1046/234/452
f 1049/232/444 1043/231/443 1047/235/450 1048/236/453
f 1024/211/411 1050/214/416 1048/236/454 1047/235/451
f 1050/214/455 1051/237/456 1049/232/457 1048/236/458
f 1025/213/426 1052/220/425 1051/237/456 1050/214/455
f 1052/220/425 1035/224/432 1039/227/459 1051/237/456
f 1051/237/456 1039/227/459 1042/229/460 1049/232/457
f 1000/186/376 1027/216/419 1014/200/418 997/182/377
f 1053/238/461 1054/239/462 1069/240/627 1055/241/464
f 1056/242/465 1057/243/466 1054/239/467 1053/238/468
f 1058/244/469 1059/245/470 1057/243/466 1056/242/465
f 1060/246/471 1061/247/472 1059/245/473 1058/244/474
f 1062/248/475 1063/249/476 1061/247/472 1060/246/471
f 1064/250/477 1065/251/478 1063/249/479 1062/248/480
f 1066/252/481 1067/253/482 1065/251/478 1064/250/477
f 1055/241/464 1069/240/627 1067/253/483 1066/252/484
f 1069/240/627 1070/254/485 1068/255/486 1067/253/483
f 1067/253/482 1068/255/487 1109/256/488 1065/251/478
f 1054/239/462 1071/257/489 1070/254/485 1069/240/627
f 1070/254/485 1071/257/489 1074/258/490 1072/259/491
f 1068/255/486 1070/254/485 1072/259/491 1073/260/492
f 1073/260/492 1072/259/491 1075/261/493 1077/262/494
f 1072/259/491 1074/258/490 1076/263/495 1075/261/493
f 1075/261/493 1076/263/495 1080/264/496 1078/265/497
f 1077/262/494 1075/261/493 1078/265/497 1079/266/498
f 1079/266/498 1078/265/497 1081/267/499 1083/268/500
f 1078/265/497 1080/264/496 1082/269/501 1081/267/499
f 1084/270/502 1081/267/503 1082/269/504 1087/271/505
f 1085/272/506 1083/268/507 1081/267/503 1084/270/502
f 1098/273/508 1085/272/506 1084/270/502 1086/274/509
f 1086/274/509 1084/270/502 1087/271/505 1088/275/510
f 1080/264/511 1089/276/512 1087/271/513 1082/269/514
f 1089/276/512 1091/277/628 1088/275/516 1087/271/513
f 1076/263/517 1090/278/518 1089/276/512 1080/264/511
f 1090/278/518 1092/279/519 1091/277/628 1089/276/512
f 1092/279/520 1094/280/521 1093/281/522 1091/277/523
f 1091/277/523 1093/281/522 1086/274/524 1088/275/525
f 1094/280/521 1097/282/526 1095/283/527 1093/281/522
f 1093/281/522 1095/283/527 1098/273/528 1086/274/524
f 1097/282/529 1099/284/530 1096/285/531 1095/283/532
f 1095/283/532 1096/285/531 1085/272/533 1098/273/534
f 1100/286/535 1101/287/536 1099/284/530 1097/282/529
f 1103/288/537 1100/286/538 1097/282/526 1094/280/521
f 1102/289/539 1109/256/488 1101/287/536 1100/286/535
f 1104/290/540 1102/289/541 1100/286/538 1103/288/537
f 1106/291/542 1104/290/540 1103/288/537 1105/292/543
f 1105/292/543 1103/288/537 1094/280/521 1092/279/520
f 1108/293/544 1106/291/545 1105/292/546 1107/294/547
f 1107/294/547 1105/292/546 1092/279/519 1090/278/518
f 1071/257/548 1108/293/544 1107/294/547 1074/258/549
f 1074/258/549 1107/294/547 1090/278/518 1076/263/517
f 1059/245/470 1106/291/545 1108/293/544 1057/243/466
f 1057/243/466 1108/293/544 1071/257/548 1054/239/467
f 1061/247/472 1104/290/540 1106/291/542 1059/245/473
f 1063/249/476 1102/289/541 1104/290/540 1061/247/472
f 1065/251/478 1109/256/488 1102/289/539 1063/249/479
f 1109/256/488 1068/255/487 1073/260/550 1101/287/536
f 1101/287/536 1073/260/550 1077/262/551 1099/284/530
f 1099/284/530 1077/262/551 1079/266/552 1096/285/531
f 1096/285/531 1079/266/552 1083/268/553 1085/272/533
f 1110/295/554 1111/296/555 1126/297/556 1112/298/557
f 1113/299/558 1114/300/559 1111/296/560 1110/295/561
f 1115/301/562 1116/302/563 1114/300/559 1113/299/558
f 1117/303/564 1118/304/565 1116/302/566 1115/301/567
f 1119/305/568 1120/306/569 1118/304/565 1117/303/564
f 1121/307/570 1122/308/571 1120/306/572 1119/305/573
f 1123/309/574 1124/310/575 1122/308/571 1121/307/570
f 1112/298/557 1126/297/556 1124/310/576 1123/309/577
f 1126/297/556 1127/311/578 1125/312/579 1124/310/576
f 1124/310/575 1125/312/580 1150/313/581 1122/308/571
f 1111/296/555 1128/314/582 1127/311/578 1126/297/556
f 1127/311/578 1128/314/582 1131/315/583 1129/316/584
f 1125/312/579 1127/311/578 1129/316/584 1130/317/585
f 1130/317/585 1129/316/584 1132/318/586 1134/319/587
f 1129/316/584 1131/315/583 1133/320/629 1132/318/586
f 1135/321/589 1132/318/590 1133/320/591 1138/322/592
f 1136/323/593 1134/319/594 1132/318/590 1135/321/589
f 1149/324/595 1136/323/593 1135/321/589 1137/325/596
f 1137/325/596 1135/321/589 1138/322/592 1139/326/597
f 1131/315/598 1140/327/599 1138/322/592 1133/320/591
f 1140/327/599 1142/328/600 1139/326/597 1138/322/592
f 1128/314/601 1141/329/602 1140/327/599 1131/315/598
f 1141/329/602 1143/330/603 1142/328/600 1140/327/599
f 1143/330/604 1145/331/605 1144/332/606 1142/328/607
f 1142/328/607 1144/332/606 1137/325/596 1139/326/597
f 1145/331/605 1148/333/608 1146/334/609 1144/332/606
f 1144/332/606 1146/334/609 1149/324/595 1137/325/596
f 1148/333/610 1150/313/581 1147/335/611 1146/334/612
f 1146/334/612 1147/335/611 1136/323/613 1149/324/614
f 1122/308/571 1150/313/581 1148/333/610 1120/306/572
f 1120/306/569 1148/333/608 1145/331/605 1118/304/565
f 1150/313/581 1125/312/580 1130/317/615 1147/335/611
f 1147/335/611 1130/317/615 1134/319/616 1136/323/613
f 1118/304/565 1145/331/605 1143/330/604 1116/302/566
f 1116/302/563 1143/330/603 1141/329/602 1114/300/559
f 1114/300/559 1141/329/602 1128/314/601 1111/296/560
f 1154/10/98 1155/11/99 1152/12/100 1151/13/101
f 1151/13/617 1152/12/103 1167/14/104 1153/15/105
f 1156/16/106 1157/17/107 1155/11/99 1154/10/98
f 1158/18/108 1159/19/109 1157/17/110 1156/16/111
f 1160/20/112 1161/21/113 1159/19/109 1158/18/108
f 1162/22/114 1163/23/115 1161/21/116 1160/20/117
f 1164/24/118 1165/25/119 1163/23/115 1162/22/114
f 1153/15/105 1167/14/104 1165/25/120 1164/24/121
f 1165/25/119 1166/26/122 1188/27/123 1163/23/115
f 1167/14/104 1168/28/124 1166/26/125 1165/25/120
f 1152/12/103 1169/29/126 1168/28/124 1167/14/104
f 1168/28/124 1169/29/126 1172/30/127 1170/31/128
f 1166/26/125 1168/28/124 1170/31/128 1171/32/129
f 1171/32/129 1170/31/128 1173/33/130 1174/34/131
f 1170/31/128 1172/30/127 1176/35/132 1173/33/130
f 1174/34/131 1173/33/130 1175/36/133 1195/37/134
f 1173/33/130 1176/35/132 1177/38/135 1175/36/133
f 1176/35/136 1178/39/137 1179/40/138 1177/38/139
f 1172/30/140 1181/41/141 1178/39/137 1176/35/136
f 1178/39/137 1180/42/142 1205/43/143 1179/40/138
f 1181/41/141 1183/44/144 1180/42/142 1178/39/137
f 1182/45/145 1185/46/146 1183/44/144 1181/41/141
f 1169/29/147 1182/45/145 1181/41/141 1172/30/140
f 1183/44/148 1184/47/149 1207/48/150 1180/42/151
f 1185/46/152 1186/49/153 1184/47/149 1183/44/148
f 1159/19/109 1186/49/153 1185/46/152 1157/17/110
f 1157/17/107 1185/46/146 1182/45/145 1155/11/99
f 1186/49/153 1187/50/154 1189/51/155 1184/47/149
f 1161/21/113 1187/50/154 1186/49/153 1159/19/109
f 1187/50/156 1188/27/123 1191/52/157 1189/51/158
f 1163/23/115 1188/27/123 1187/50/156 1161/21/116
f 1184/47/149 1189/51/155 1190/53/159 1207/48/150
f 1189/51/158 1191/52/157 1192/54/160 1190/53/161
f 1188/27/123 1166/26/122 1171/32/162 1191/52/157
f 1191/52/157 1171/32/162 1174/34/163 1192/54/160
f 1190/53/161 1192/54/160 1193/55/164 1194/56/165
f 1192/54/160 1174/34/163 1195/37/166 1193/55/164
f 1194/56/165 1193/55/164 1196/57/167 1197/58/168
f 1193/55/164 1195/37/166 1199/59/169 1196/57/167
f 1197/58/168 1196/57/167 1198/60/170 1204/61/171
f 1196/57/167 1199/59/169 1200/62/172 1198/60/170
f 1195/37/134 1175/36/133 1200/62/173 1199/59/174
f 1198/60/170 1200/62/172 1201/63/175 1202/64/176
f 1175/36/133 1177/38/135 1201/63/177 1200/62/173
f 1177/38/139 1179/40/138 1202/64/178 1201/63/179
f 1204/61/171 1198/60/170 1202/64/176 1203/65/180
f 1179/40/138 1205/43/143 1203/65/181 1202/64/178
f 1205/43/182 1206/66/183 1204/61/184 1203/65/185
f 1180/42/151 1207/48/150 1206/66/183 1205/43/182
f 1207/48/150 1190/53/159 1194/56/186 1206/66/183
f 1206/66/183 1194/56/186 1197/58/187 1204/61/184
f 1155/11/99 1182/45/145 1169/29/147 1152/12/100
f 1208/67/188 1209/68/189 1224/69/190 1210/70/191
f 1211/71/192 1212/72/193 1209/68/194 1208/67/195
f 1213/73/196 1214/74/197 1212/72/193 1211/71/192
f 1215/75/198 1216/76/199 1214/74/200 1213/73/201
f 1217/77/202 1218/78/203 1216/76/199 1215/75/198
f 1219/79/623 1220/80/205 1218/78/206 1217/77/207
f 1221/81/208 1222/82/209 1220/80/205 1219/79/623
f 1210/70/191 1224/69/190 1222/82/210 1221/81/211
f 1224/69/190 1225/83/212 1223/84/624 1222/82/210
f 1222/82/209 1223/84/214 1245/85/215 1220/80/205
f 1209/68/189 1226/86/216 1225/83/212 1224/69/190
f 1225/83/212 1226/86/216 1229/87/217 1227/88/218
f 1223/84/624 1225/83/212 1227/88/218 1228/89/219
f 1228/89/219 1227/88/218 1230/90/220 1231/91/221
f 1227/88/218 1229/87/217 1233/92/222 1230/90/220
f 1231/91/221 1230/90/220 1232/93/223 1252/94/224
f 1230/90/220 1233/92/222 1234/95/225 1232/93/223
f 1233/92/226 1235/96/227 1236/97/228 1234/95/229
f 1229/87/230 1238/98/231 1235/96/227 1233/92/226
f 1235/96/227 1237/99/232 1279/100/233 1236/97/228
f 1238/98/231 1240/101/234 1237/99/232 1235/96/227
f 1226/86/235 1239/102/236 1238/98/231 1229/87/230
f 1239/102/236 1242/103/237 1240/101/234 1238/98/231
f 1242/103/238 1243/104/239 1241/105/240 1240/101/241
f 1240/101/241 1241/105/240 1280/106/242 1237/99/243
f 1216/76/199 1243/104/239 1242/103/238 1214/74/200
f 1214/74/197 1242/103/237 1239/102/236 1212/72/193
f 1218/78/203 1244/107/244 1243/104/239 1216/76/199
f 1243/104/239 1244/107/244 1246/108/245 1241/105/240
f 1220/80/205 1245/85/215 1244/107/246 1218/78/206
f 1244/107/246 1245/85/215 1248/109/247 1246/108/248
f 1241/105/240 1246/108/245 1247/110/249 1280/106/242
f 1246/108/248 1248/109/247 1249/111/250 1247/110/251
f 1245/85/215 1223/84/214 1228/89/252 1248/109/247
f 1248/109/247 1228/89/252 1231/91/253 1249/111/250
f 1247/110/251 1249/111/250 1250/112/254 1251/113/255
f 1249/111/250 1231/91/253 1252/94/256 1250/112/254
f 1251/113/255 1250/112/254 1253/114/257 1255/115/258
f 1250/112/254 1252/94/256 1254/116/259 1253/114/257
f 1253/114/257 1254/116/259 1258/117/260 1256/118/261
f 1255/115/258 1253/114/257 1256/118/261 1257/119/262
f 1257/119/262 1256/118/261 1259/120/263 1260/121/264
f 1256/118/261 1258/117/260 1262/122/265 1259/120/263
f 1260/121/264 1259/120/263 1261/123/266 1274/124/267
f 1259/120/263 1262/122/265 1263/125/268 1261/123/266
f 1258/117/269 1265/126/270 1263/125/271 1262/122/272
f 1265/126/270 1267/127/273 1264/128/274 1263/125/271
f 1261/123/266 1263/125/268 1264/128/275 1272/129/276
f 1254/116/277 1266/130/278 1265/126/270 1258/117/269
f 1266/130/278 1268/131/279 1267/127/273 1265/126/270
f 1268/131/280 1270/132/281 1269/133/282 1267/127/283
f 1267/127/283 1269/133/282 1272/129/284 1264/128/285
f 1270/132/281 1278/134/286 1271/135/287 1269/133/282
f 1269/133/282 1271/135/287 1273/136/625 1272/129/284
f 1274/124/267 1261/123/266 1272/129/276 1273/136/289
f 1271/135/290 1275/137/291 1274/124/292 1273/136/293
f 1275/137/291 1257/119/294 1260/121/295 1274/124/292
f 1278/134/296 1276/138/297 1275/137/291 1271/135/290
f 1276/138/297 1255/115/298 1257/119/294 1275/137/291
f 1277/139/618 1251/113/300 1255/115/298 1276/138/297
f 1279/100/301 1277/139/618 1276/138/297 1278/134/296
f 1236/97/228 1279/100/233 1278/134/286 1270/132/281
f 1237/99/243 1280/106/242 1277/139/618 1279/100/301
f 1280/106/242 1247/110/249 1251/113/300 1277/139/618
f 1234/95/229 1236/97/228 1270/132/281 1268/131/280
f 1232/93/223 1234/95/225 1268/131/279 1266/130/278
f 1252/94/224 1232/93/223 1266/130/278 1254/116/277
f 1212/72/193 1239/102/236 1226/86/235 1209/68/194
f 1281/140/619 1282/141/303 1297/142/304 1283/143/305
f 1284/144/306 1285/145/307 1282/141/308 1281/140/309
f 1286/146/310 1287/147/311 1285/145/307 1284/144/306
f 1288/148/312 1289/149/313 1287/147/314 1286/146/315
f 1290/150/316 1291/151/317 1289/149/313 1288/148/312
f 1292/152/318 1293/153/319 1291/151/320 1290/150/321
f 1294/154/322 1295/155/323 1293/153/319 1292/152/318
f 1283/143/305 1297/142/304 1295/155/324 1294/154/325
f 1297/142/304 1298/156/326 1296/157/327 1295/155/324
f 1295/155/323 1296/157/328 1321/158/329 1293/153/319
f 1282/141/303 1299/159/330 1298/156/326 1297/142/304
f 1298/156/326 1299/159/330 1302/160/331 1300/161/332
f 1296/157/327 1298/156/326 1300/161/332 1301/162/333
f 1301/162/333 1300/161/332 1303/163/334 1305/164/335
f 1300/161/332 1302/160/331 1304/165/336 1303/163/334
f 1306/166/337 1303/163/338 1304/165/339 1309/167/340
f 1307/168/341 1305/164/342 1303/163/338 1306/166/337
f 1320/169/343 1307/168/341 1306/166/337 1308/170/344
f 1308/170/344 1306/166/337 1309/167/340 1310/171/345
f 1302/160/346 1311/172/347 1309/167/348 1304/165/349
f 1311/172/347 1313/173/350 1310/171/351 1309/167/348
f 1299/159/352 1312/174/353 1311/172/347 1302/160/346
f 1312/174/353 1314/175/626 1313/173/350 1311/172/347
f 1314/175/355 1316/176/356 1315/177/357 1313/173/358
f 1313/173/358 1315/177/357 1308/170/359 1310/171/360
f 1316/176/356 1319/178/361 1317/179/362 1315/177/357
f 1315/177/357 1317/179/362 1320/169/363 1308/170/359
f 1319/178/364 1321/158/329 1318/180/365 1317/179/366
f 1317/179/366 1318/180/365 1307/168/367 1320/169/368
f 1293/153/319 1321/158/329 1319/178/364 1291/151/320
f 1291/151/317 1319/178/361 1316/176/356 1289/149/313
f 1321/158/329 1296/157/328 1301/162/369 1318/180/365
f 1318/180/365 1301/162/369 1305/164/370 1307/168/367
f 1289/149/313 1316/176/356 1314/175/355 1287/147/314
f 1287/147/311 1314/175/626 1312/174/353 1285/145/307
f 1285/145/307 1312/174/353 1299/159/352 1282/141/308
f 1322/181/371 1323/182/372 1338/183/373 1324/184/374
f 1325/185/375 1326/186/376 1323/182/377 1322/181/378
f 1327/187/379 1328/188/380 1326/186/376 1325/185/375
f 1329/189/381 1330/190/382 1328/188/383 1327/187/384
f 1331/191/385 1332/192/386 1330/190/382 1329/189/381
f 1333/193/387 1334/194/388 1332/192/389 1331/191/390
f 1335/195/391 1336/196/392 1334/194/388 1333/193/387
f 1324/184/374 1338/183/373 1336/196/393 1335/195/394
f 1338/183/373 1339/197/395 1337/198/396 1336/196/393
f 1336/196/392 1337/198/397 1359/199/398 1334/194/388
f 1323/182/372 1340/200/399 1339/197/395 1338/183/373
f 1339/197/395 1340/200/399 1343/201/400 1341/202/401
f 1337/198/396 1339/197/395 1341/202/401 1342/203/402
f 1342/203/402 1341/202/401 1344/204/403 1345/205/404
f 1341/202/401 1343/201/400 1347/206/405 1344/204/403
f 1345/205/404 1344/204/403 1346/207/406 1366/208/407
f 1344/204/403 1347/206/405 1348/209/408 1346/207/406
f 1347/206/409 1349/210/410 1350/211/411 1348/209/412
f 1343/201/413 1352/212/414 1349/210/410 1347/206/409
f 1349/210/410 1351/213/415 1376/214/416 1350/211/411
f 1352/212/414 1354/215/417 1351/213/415 1349/210/410
f 1340/200/418 1353/216/419 1352/212/414 1343/201/413
f 1353/216/419 1356/217/420 1354/215/417 1352/212/414
f 1356/217/421 1357/218/422 1355/219/423 1354/215/424
f 1354/215/424 1355/219/423 1378/220/425 1351/213/426
f 1330/190/382 1357/218/422 1356/217/421 1328/188/383
f 1328/188/380 1356/217/420 1353/216/419 1326/186/376
f 1332/192/386 1358/221/427 1357/218/422 1330/190/382
f 1357/218/422 1358/221/427 1360/222/428 1355/219/423
f 1334/194/388 1359/199/398 1358/221/429 1332/192/389
f 1358/221/429 1359/199/398 1362/223/430 1360/222/431
f 1355/219/423 1360/222/428 1361/224/432 1378/220/425
f 1360/222/431 1362/223/430 1363/225/433 1361/224/434
f 1359/199/398 1337/198/397 1342/203/435 1362/223/430
f 1362/223/430 1342/203/435 1345/205/620 1363/225/433
f 1361/224/434 1363/225/433 1364/226/437 1365/227/438
f 1363/225/433 1345/205/620 1366/208/439 1364/226/437
f 1365/227/438 1364/226/437 1367/228/440 1368/229/441
f 1364/226/437 1366/208/439 1370/230/442 1367/228/440
f 1368/229/441 1367/228/440 1369/231/443 1375/232/444
f 1367/228/440 1370/230/442 1371/233/445 1369/231/443
f 1366/208/407 1346/207/406 1371/233/446 1370/230/447
f 1346/207/406 1348/209/408 1372/234/448 1371/233/446
f 1369/231/443 1371/233/445 1372/234/449 1373/235/450
f 1348/209/412 1350/211/411 1373/235/451 1372/234/452
f 1375/232/444 1369/231/443 1373/235/450 1374/236/453
f 1350/211/411 1376/214/416 1374/236/454 1373/235/451
f 1376/214/455 1377/237/456 1375/232/457 1374/236/458
f 1351/213/426 1378/220/425 1377/237/456 1376/214/455
f 1378/220/425 1361/224/432 1365/227/459 1377/237/456
f 1377/237/456 1365/227/459 1368/229/460 1375/232/457
f 1326/186/376 1353/216/419 1340/200/418 1323/182/377
f 1379/238/461 1380/239/462 1395/240/627 1381/241/464
f 1382/242/465 1383/243/466 1380/239/467 1379/238/468
f 1384/244/469 1385/245/470 1383/243/466 1382/242/465
f 1386/246/471 1387/247/472 1385/245/473 1384/244/474
f 1388/248/475 1389/249/476 1387/247/472 1386/246/471
f 1390/250/621 1391/251/478 1389/249/479 1388/248/480
f 1392/252/481 1393/253/482 1391/251/478 1390/250/621
f 1381/241/464 1395/240/627 1393/253/483 1392/252/484
f 1395/240/627 1396/254/485 1394/255/486 1393/253/483
f 1393/253/482 1394/255/487 1435/256/488 1391/251/478
f 1380/239/462 1397/257/489 1396/254/485 1395/240/627
f 1396/254/485 1397/257/489 1400/258/490 1398/259/491
f 1394/255/486 1396/254/485 1398/259/491 1399/260/492
f 1399/260/492 1398/259/491 1401/261/493 1403/262/494
f 1398/259/491 1400/258/490 1402/263/495 1401/261/493
f 1401/261/493 1402/263/495 1406/264/496 1404/265/497
f 1403/262/494 1401/261/493 1404/265/497 1405/266/498
f 1405/266/498 1404/265/497 1407/267/499 1409/268/500
f 1404/265/497 1406/264/496 1408/269/501 1407/267/499
f 1410/270/502 1407/267/503 1408/269/504 1413/271/505
f 1411/272/506 1409/268/507 1407/267/503 1410/270/502
f 1424/273/508 1411/272/506 1410/270/502 1412/274/509
f 1412/274/509 1410/270/502 1413/271/505 1414/275/510
f 1406/264/511 1415/276/512 1413/271/513 1408/269/514
f 1415/276/512 1417/277/628 1414/275/516 1413/271/513
f 1402/263/517 1416/278/518 1415/276/512 1406/264/511
f 1416/278/518 1418/279/519 1417/277/628 1415/276/512
f 1418/279/520 1420/280/521 1419/281/522 1417/277/523
f 1417/277/523 1419/281/522 1412/274/524 1414/275/525
f 1420/280/521 1423/282/526 1421/283/527 1419/281/522
f 1419/281/522 1421/283/527 1424/273/528 1412/274/524
f 1423/282/529 1425/284/530 1422/285/531 1421/283/532
f 1421/283/532 1422/285/531 1411/272/533 1424/273/534
f 1426/286/535 1427/287/536 1425/284/530 1423/282/529
f 1429/288/537 1426/286/538 1423/282/526 1420/280/521
f 1428/289/539 1435/256/488 1427/287/536 1426/286/535
f 1430/290/540 1428/289/541 1426/286/538 1429/288/537
f 1432/291/622 1430/290/540 1429/288/537 1431/292/543
f 1431/292/543 1429/288/537 1420/280/521 1418/279/520
f 1434/293/544 1432/291/545 1431/292/546 1433/294/547
f 1433/294/547 1431/292/546 1418/279/519 1416/278/518
f 1397/257/548 1434/293/544 1433/294/547 1400/258/549
f 1400/258/549 1433/294/547 1416/278/518 1402/263/517
f 1385/245/470 1432/291/545 1434/293/544 1383/243/466
f 1383/243/466 1434/293/544 1397/257/548 1380/239/467
f 1387/247/472 1430/290/540 1432/291/622 1385/245/473
f 1389/249/476 1428/289/541 1430/290/540 1387/247/472
f 1391/251/478 1435/256/488 1428/289/539 1389/249/479
f 1435/256/488 1394/255/487 1399/260/550 1427/287/536
f 1427/287/536 1399/260/550 1403/262/551 1425/284/530
f 1425/284/530 1403/262/551 1405/266/552 1422/285/531
f 1422/285/531 1405/266/552 1409/268/553 1411/272/533
f 1436/295/554 1437/296/555 1452/297/556 1438/298/557
f 1439/299/558 1440/300/559 1437/296/560 1436/295/561
f 1441/301/562 1442/302/563 1440/300/559 1439/299/558
f 1443/303/564 1444/304/565 1442/302/566 1441/301/567
f 1445/305/568 1446/306/569 1444/304/565 1443/303/564
f 1447/307/570 1448/308/571 1446/306/572 1445/305/573
f 1449/309/574 1450/310/575 1448/308/571 1447/307/570
f 1438/298/557 1452/297/556 1450/310/576 1449/309/577
f 1452/297/556 1453/311/578 1451/312/579 1450/310/576
f 1450/310/575 1451/312/580 1476/313/581 1448/308/571
f 1437/296/555 1454/314/582 1453/311/578 1452/297/556
f 1453/311/578 1454/314/582 1457/315/583 1455/316/584
f 1451/312/579 1453/311/578 1455/316/584 1456/317/585
f 1456/317/585 1455/316/584 1458/318/586 1460/319/587
f 1455/316/584 1457/315/583 1459/320/629 1458/318/586
f 1461/321/589 1458/318/590 1459/320/591 1464/322/592
f 1462/323/593 1460/319/594 1458/318/590 1461/321/589
f 1475/324/595 1462/323/593 1461/321/589 1463/325/596
f 1463/325/596 1461/321/589 1464/322/592 1465/326/597
f 1457/315/598 1466/327/599 1464/322/592 1459/320/591
f 1466/327/599 1468/328/600 1465/326/597 1464/322/592
f 1454/314/601 1467/329/602 1466/327/599 1457/315/598
f 1467/329/602 1469/330/603 1468/328/600 1466/327/599
f 1469/330/604 1471/331/605 1470/332/606 1468/328/607
f 1468/328/607 1470/332/606 1463/325/596 1465/326/597
f 1471/331/605 1474/333/608 1472/334/609 1470/332/606
f 1470/332/606 1472/334/609 1475/324/595 1463/325/596
f 1474/333/610 1476/313/581 1473/335/611 1472/334/612
f 1472/334/612 1473/335/611 1462/323/613 1475/324/614
f 1448/308/571 1476/313/581 1474/333/610 1446/306/572
f 1446/306/569 1474/333/608 1471/331/605 1444/304/565
f 1476/313/581 1451/312/580 1456/317/615 1473/335/611
f 1473/335/611 1456/317/615 1460/319/616 1462/323/613
f 1444/304/565 1471/331/605 1469/330/604 1442/302/566
f 1442/302/563 1469/330/603 1467/329/602 1440/300/559
f 1440/300/559 1467/329/602 1454/314/601 1437/296/560
